userid,version,sum_gamerounds,retention_1,retention_7
116,gate_30,3,False,False
337,gate_30,38,True,False
377,gate_40,165,True,False
483,gate_40,1,False,False
488,gate_40,179,True,True
540,gate_40,187,True,True
1066,gate_30,0,False,False
1444,gate_40,2,False,False
1574,gate_40,108,True,True
1587,gate_40,153,True,False
1842,gate_40,3,False,True
2101,gate_30,0,False,False
2132,gate_40,30,True,False
2179,gate_30,39,True,False
2218,gate_30,305,True,True
2382,gate_30,73,True,False
2392,gate_30,14,True,False
2451,gate_30,204,True,True
2482,gate_30,108,True,True
2502,gate_40,1,False,False
2530,gate_40,9,True,False
2534,gate_30,5,True,False
2695,gate_40,45,True,False
2729,gate_30,105,False,True
2829,gate_30,4,False,False
2963,gate_30,3,False,False
3095,gate_30,0,False,False
3132,gate_40,80,True,True
3186,gate_40,4,False,False
3199,gate_30,5,False,False
3204,gate_40,53,True,True
3413,gate_30,37,True,False
3690,gate_30,13,True,False
3696,gate_30,50,False,False
3993,gate_40,202,True,True
4076,gate_40,0,False,False
4162,gate_30,23,False,False
4176,gate_30,0,False,False
4283,gate_30,103,False,False
4594,gate_30,27,False,False
4653,gate_40,15,False,False
4881,gate_30,0,False,False
4902,gate_40,1,False,False
4916,gate_40,49,True,False
4918,gate_30,7,False,False
4929,gate_30,386,True,True
4945,gate_40,25,True,False
5066,gate_30,1,False,False
5215,gate_30,13,True,False
5286,gate_30,12,True,False
5345,gate_40,6,False,False
5479,gate_30,25,True,False
5550,gate_30,29,True,False
5661,gate_30,136,True,False
5712,gate_30,105,True,True
5920,gate_40,10,True,False
5943,gate_40,76,False,False
6099,gate_40,138,False,False
6123,gate_30,0,False,False
6151,gate_30,94,True,True
6156,gate_40,1,False,False
6492,gate_30,0,False,False
6664,gate_40,26,True,False
6695,gate_40,127,True,False
6833,gate_40,6,False,False
6842,gate_40,4,False,False
6924,gate_30,21,False,False
6930,gate_40,297,True,True
7124,gate_40,108,True,True
7253,gate_30,45,True,False
7321,gate_40,33,False,False
7509,gate_40,0,False,False
7527,gate_30,80,False,False
7564,gate_30,21,False,False
7582,gate_40,3,False,False
7767,gate_30,139,True,True
7866,gate_30,14,False,False
8063,gate_30,50,True,False
8254,gate_40,14,False,False
8256,gate_40,14,False,False
8288,gate_30,9,False,False
8317,gate_40,3,False,False
8379,gate_30,0,False,False
8464,gate_30,10,False,False
8465,gate_40,4,False,False
8494,gate_30,5,True,False
8644,gate_30,2,False,False
8679,gate_30,0,False,False
8692,gate_30,3,True,False
8753,gate_40,10,True,False
8788,gate_30,19,False,True
8801,gate_40,0,False,False
8885,gate_40,5,False,False
9001,gate_40,16,True,False
9308,gate_40,95,True,False
9443,gate_40,3,False,False
9589,gate_30,8,False,False
9699,gate_40,8,False,False
9828,gate_40,1,False,False
9831,gate_40,3,False,False
9849,gate_40,1,False,False
10112,gate_30,6,False,False
10200,gate_40,106,False,True
10218,gate_30,22,True,False
10276,gate_40,1,False,False
10336,gate_30,11,False,False
10476,gate_40,4,False,False
10533,gate_40,21,False,False
10598,gate_40,8,False,False
10636,gate_30,246,True,True
10637,gate_40,0,False,False
10676,gate_40,6,False,False
10756,gate_30,16,False,False
10884,gate_40,49,True,False
11093,gate_40,54,True,True
11127,gate_30,66,True,True
11297,gate_30,0,False,False
11411,gate_30,122,True,True
11420,gate_30,75,True,False
11599,gate_30,3,False,False
11675,gate_40,17,False,False
11747,gate_30,1,True,False
11840,gate_30,24,False,False
11886,gate_30,3,False,False
12053,gate_30,11,True,False
12067,gate_40,7,False,False
12163,gate_30,47,True,False
12393,gate_40,1,False,False
12461,gate_40,4,False,False
12523,gate_30,31,True,False
12558,gate_30,13,False,False
12574,gate_30,22,True,False
12749,gate_30,6,True,False
12905,gate_40,1,False,False
12951,gate_40,2,False,False
12967,gate_30,24,True,False
12979,gate_30,6,False,False
13133,gate_40,6,False,False
13216,gate_30,24,True,False
13228,gate_40,9,False,False
13320,gate_40,34,False,False
13321,gate_40,56,False,False
13376,gate_40,12,True,False
13429,gate_30,60,False,True
13494,gate_40,10,True,False
13633,gate_30,67,False,False
13664,gate_30,42,True,True
13721,gate_40,65,True,False
13758,gate_30,1,False,False
13806,gate_30,4,False,False
13856,gate_30,3,False,False
13872,gate_30,1,False,False
13893,gate_40,14,False,False
13969,gate_40,42,False,False
14143,gate_30,13,False,False
14218,gate_30,129,False,True
14290,gate_40,6,True,False
14296,gate_30,37,False,False
14381,gate_40,9,False,False
14592,gate_30,1,False,False
14644,gate_40,2,False,False
14834,gate_30,27,False,False
15157,gate_40,38,False,False
15173,gate_30,8,False,False
15294,gate_30,51,True,True
15489,gate_30,5,False,False
15597,gate_40,2,False,False
15962,gate_30,0,False,False
15970,gate_40,16,True,False
16096,gate_40,0,False,False
16145,gate_40,7,False,False
16180,gate_30,5,False,False
16224,gate_40,0,False,False
16454,gate_40,11,False,False
16504,gate_40,0,False,False
16506,gate_30,4,True,False
16638,gate_40,51,True,False
16696,gate_40,5,False,False
17085,gate_40,33,False,False
17167,gate_30,21,False,False
17270,gate_30,49,True,False
17422,gate_40,2,False,False
17461,gate_30,1,False,False
17477,gate_30,46,True,True
17506,gate_40,127,True,True
17554,gate_30,1,False,False
17814,gate_30,14,False,False
17903,gate_40,17,False,False
17947,gate_30,104,True,True
17995,gate_30,6,False,False
18013,gate_40,21,True,False
18213,gate_40,36,True,False
18235,gate_30,8,False,False
18374,gate_40,53,True,False
18731,gate_30,1,False,False
18756,gate_30,38,True,True
18778,gate_30,13,False,False
18827,gate_30,20,True,False
18849,gate_40,74,True,True
18993,gate_40,25,True,False
19077,gate_30,11,False,False
19091,gate_40,1,False,False
19474,gate_40,2,False,False
19490,gate_30,72,True,False
19529,gate_40,22,False,False
19537,gate_40,2,False,False
19593,gate_40,18,False,False
19673,gate_40,4,False,False
19721,gate_40,18,False,False
19728,gate_40,79,True,True
19746,gate_30,65,False,True
19896,gate_40,13,True,False
19993,gate_30,5,True,False
20005,gate_30,4,False,False
20052,gate_30,8,False,False
20136,gate_30,0,False,False
20358,gate_40,19,False,True
20365,gate_40,6,False,False
20465,gate_30,108,True,False
20489,gate_40,2,False,False
20587,gate_40,26,False,False
20591,gate_40,2,True,False
20721,gate_40,99,False,True
20763,gate_30,10,False,False
20790,gate_40,5,True,False
20832,gate_30,13,True,False
20940,gate_40,1,False,False
21072,gate_40,16,False,False
21130,gate_40,1,False,False
21137,gate_40,91,True,False
21228,gate_40,149,True,True
21408,gate_30,20,True,False
21442,gate_40,68,True,False
21755,gate_40,12,False,True
22069,gate_40,7,False,False
22082,gate_40,3,False,False
22167,gate_40,277,True,True
22299,gate_40,493,True,True
22398,gate_30,4,False,False
22486,gate_40,3,False,False
22676,gate_40,8,False,False
22919,gate_40,1,False,False
22935,gate_30,274,True,True
22972,gate_30,17,False,False
23023,gate_40,32,False,True
23026,gate_40,1,False,False
23084,gate_40,85,True,True
23094,gate_40,12,False,False
23126,gate_40,1,False,False
23270,gate_30,8,False,False
23333,gate_30,9,False,False
23374,gate_30,8,True,False
23525,gate_40,191,True,True
23702,gate_40,115,True,False
23748,gate_40,45,True,False
24036,gate_40,15,False,False
24222,gate_30,134,True,True
24302,gate_40,19,True,False
24328,gate_30,2,False,False
24382,gate_30,22,True,False
24397,gate_30,6,False,False
24981,gate_40,18,False,False
25047,gate_30,0,False,False
25281,gate_30,0,False,False
25293,gate_40,12,False,False
25332,gate_30,152,True,True
25466,gate_40,2,False,False
25903,gate_30,8,True,False
25941,gate_40,73,True,False
25958,gate_30,0,False,False
26083,gate_30,100,True,True
26243,gate_40,250,True,True
26253,gate_30,10,False,False
26466,gate_40,13,True,False
26502,gate_30,147,True,True
26586,gate_30,391,True,False
27135,gate_30,18,False,False
27163,gate_40,23,False,False
27605,gate_30,19,True,False
27693,gate_30,4,False,False
27754,gate_30,14,False,False
27759,gate_30,61,True,True
27849,gate_40,61,True,False
27851,gate_40,75,True,False
27979,gate_30,75,False,False
28025,gate_30,57,True,False
28091,gate_30,35,True,False
28123,gate_30,9,False,False
28332,gate_30,13,False,False
28405,gate_30,1,False,False
28433,gate_30,20,False,False
28497,gate_40,77,True,True
29185,gate_40,3,False,False
29311,gate_40,7,False,False
29317,gate_40,6,False,False
29455,gate_30,51,True,True
29522,gate_40,197,False,True
29658,gate_30,2,False,False
29677,gate_40,22,False,False
29753,gate_40,69,True,False
29861,gate_40,4,False,False
29999,gate_30,260,True,True
30039,gate_40,20,False,False
30059,gate_30,4,False,False
30274,gate_30,7,True,False
30277,gate_30,0,False,False
30343,gate_30,8,True,True
30348,gate_30,48,True,True
30594,gate_40,15,True,False
30631,gate_30,61,False,True
30868,gate_30,1,False,False
30928,gate_30,12,True,False
31073,gate_30,270,True,True
31151,gate_30,59,False,False
31200,gate_30,141,True,False
31214,gate_30,53,False,True
31222,gate_40,20,False,False
31638,gate_40,16,False,False
31691,gate_30,0,False,False
31812,gate_30,37,True,False
31903,gate_30,467,True,True
32292,gate_40,25,False,False
32403,gate_40,2,True,False
32569,gate_40,4,False,False
32595,gate_40,11,True,False
32642,gate_30,40,False,False
32730,gate_30,9,False,False
32942,gate_40,11,True,True
33097,gate_30,12,False,False
33126,gate_30,6,False,False
33189,gate_40,9,True,False
33274,gate_40,4,False,False
33316,gate_40,18,True,False
33445,gate_30,77,False,True
33489,gate_30,4,False,False
33639,gate_40,45,True,False
33703,gate_40,43,True,False
33794,gate_30,3,False,False
33954,gate_40,30,True,False
33967,gate_30,33,True,True
34016,gate_40,47,True,False
34022,gate_40,72,False,True
34027,gate_40,16,False,False
34076,gate_40,2,False,False
34447,gate_40,93,True,True
34469,gate_30,222,True,True
34597,gate_40,334,True,True
34647,gate_40,8,False,False
34706,gate_30,29,True,False
34842,gate_40,27,True,False
34859,gate_30,16,False,False
34906,gate_30,10,True,False
34942,gate_40,8,False,False
35027,gate_40,58,True,False
35056,gate_30,84,True,False
35156,gate_30,1,False,False
35458,gate_40,56,False,False
35460,gate_30,43,True,False
35730,gate_30,50,True,False
35837,gate_30,23,True,False
35886,gate_30,5,False,False
35922,gate_30,21,True,False
36003,gate_30,48,True,False
36047,gate_40,85,True,True
36077,gate_30,13,True,False
36279,gate_30,41,True,False
36280,gate_30,5,False,False
36298,gate_40,1,False,False
36356,gate_30,303,True,True
36513,gate_40,18,True,False
36560,gate_40,48,True,False
36622,gate_30,4,True,False
36664,gate_40,51,False,True
36673,gate_30,5,False,False
36761,gate_40,134,True,True
36887,gate_40,11,True,False
36921,gate_30,3,False,False
36997,gate_40,9,True,False
37155,gate_40,3,False,False
37303,gate_30,177,True,True
37366,gate_40,11,True,False
37461,gate_40,20,False,True
37740,gate_30,39,True,True
37823,gate_30,12,True,False
37872,gate_30,12,True,False
37994,gate_40,2,False,False
38151,gate_30,9,True,False
38232,gate_30,216,True,True
38249,gate_40,30,True,False
38292,gate_30,9,False,False
39069,gate_30,227,False,False
39382,gate_30,0,False,False
39494,gate_30,87,True,False
39531,gate_30,71,True,False
39774,gate_40,567,True,True
39902,gate_40,13,True,False
39932,gate_30,55,True,True
39993,gate_40,14,False,False
40233,gate_40,78,True,False
40292,gate_30,1,False,False
40359,gate_30,3,False,False
40378,gate_30,552,True,True
40427,gate_30,96,True,False
40566,gate_30,2,False,False
40593,gate_30,12,True,True
40630,gate_40,99,True,False
40653,gate_30,107,True,False
40687,gate_30,12,False,False
40749,gate_40,2,False,False
40812,gate_40,2,False,False
41112,gate_30,4,False,False
41192,gate_30,28,False,False
41378,gate_40,9,False,False
41795,gate_30,136,True,True
41842,gate_40,15,False,False
41934,gate_40,8,False,False
41988,gate_40,1,False,False
42077,gate_30,12,True,False
42316,gate_30,6,False,False
42407,gate_30,45,False,True
42457,gate_30,12,False,False
42688,gate_40,13,False,False
42703,gate_30,9,True,False
42758,gate_40,11,True,False
42994,gate_40,113,True,True
43091,gate_30,6,True,False
43368,gate_40,32,False,False
43644,gate_30,17,True,False
43744,gate_30,141,True,False
43757,gate_30,28,False,False
44400,gate_40,95,True,False
44493,gate_40,339,True,True
44498,gate_30,24,True,False
44591,gate_30,5,False,False
44670,gate_30,6,False,False
44751,gate_30,10,False,False
44780,gate_30,9,False,False
44910,gate_40,6,False,False
45066,gate_30,85,True,False
45083,gate_40,54,False,False
45167,gate_30,19,False,False
45694,gate_40,6,True,False
45698,gate_30,452,True,True
45753,gate_30,26,True,False
45813,gate_40,12,True,False
45895,gate_40,2,True,False
45896,gate_40,11,True,False
45952,gate_40,3,False,False
46007,gate_30,6,False,False
46022,gate_40,7,False,False
46347,gate_30,57,False,False
46472,gate_40,16,False,False
46576,gate_30,15,False,False
46624,gate_40,148,True,True
46629,gate_40,57,True,False
46746,gate_40,3,True,False
46806,gate_30,163,True,True
46919,gate_40,47,True,False
46938,gate_30,54,False,False
47377,gate_40,2,False,False
47816,gate_30,220,True,True
47822,gate_40,63,True,True
47990,gate_40,25,True,False
48016,gate_30,0,False,False
48116,gate_30,1,False,False
48130,gate_30,2,False,False
48201,gate_40,84,True,True
48631,gate_40,60,False,False
48658,gate_30,216,True,True
48677,gate_40,17,True,False
48942,gate_30,290,True,True
48990,gate_40,3,False,False
49147,gate_40,24,True,False
49311,gate_40,5,False,False
49330,gate_30,18,False,False
49373,gate_30,5,False,False
49600,gate_30,20,False,False
49811,gate_40,9,True,False
49995,gate_40,15,True,False
50011,gate_40,4,False,False
50158,gate_40,87,True,True
50237,gate_40,86,True,False
50339,gate_40,0,False,False
50386,gate_40,4,False,False
50547,gate_30,356,False,False
50665,gate_30,10,True,False
50686,gate_40,3,False,True
50688,gate_30,0,False,False
50794,gate_40,0,False,False
50811,gate_30,3,False,False
50850,gate_30,34,True,True
51155,gate_30,34,False,False
51267,gate_30,0,False,False
51295,gate_30,117,True,True
51310,gate_30,23,False,True
51430,gate_30,34,True,False
51636,gate_40,8,False,False
51641,gate_40,20,True,False
51823,gate_40,54,True,True
51894,gate_30,4,False,False
51970,gate_40,76,False,True
52100,gate_40,55,True,False
52177,gate_40,3,False,False
52271,gate_40,2,False,False
52357,gate_30,22,True,False
52420,gate_30,15,True,True
52636,gate_40,3,False,False
53149,gate_40,4,False,False
53373,gate_40,298,True,True
53393,gate_30,338,True,True
53450,gate_40,1,False,False
53464,gate_40,12,False,False
53470,gate_40,7,False,False
53597,gate_40,5,False,False
53638,gate_30,16,False,False
53763,gate_30,9,True,False
53935,gate_40,4,False,False
53996,gate_40,115,True,True
54069,gate_30,170,True,True
54162,gate_30,174,True,True
54178,gate_30,21,False,False
54244,gate_40,4,False,False
54256,gate_40,6,False,False
54403,gate_30,6,False,False
54580,gate_30,22,False,False
54617,gate_40,12,False,False
54680,gate_40,2,False,False
54681,gate_40,2,False,False
54754,gate_30,70,True,False
54776,gate_30,0,False,False
54975,gate_30,3,False,False
55139,gate_30,25,False,False
55213,gate_40,141,True,True
55250,gate_40,47,True,True
55480,gate_30,1,False,False
55621,gate_30,32,False,False
56116,gate_40,3,False,False
56237,gate_40,10,False,False
56269,gate_30,2,False,False
56294,gate_40,2,True,False
56446,gate_30,15,False,False
56496,gate_40,543,True,True
56522,gate_30,10,False,False
56587,gate_40,54,True,False
56815,gate_30,202,True,True
56895,gate_40,2,False,False
56997,gate_40,41,False,False
57149,gate_30,15,False,False
57321,gate_30,54,False,False
57334,gate_40,5,True,False
57339,gate_40,22,True,False
57369,gate_40,399,True,True
57401,gate_30,13,True,False
57429,gate_40,29,True,False
57516,gate_30,38,True,True
57833,gate_40,0,False,False
58180,gate_40,19,True,False
58189,gate_30,23,False,False
58289,gate_30,237,True,True
58394,gate_40,25,True,False
58592,gate_40,85,True,False
58700,gate_30,0,False,False
58768,gate_30,11,False,False
58813,gate_40,1,False,False
59164,gate_30,7,True,False
59395,gate_30,33,True,True
59531,gate_30,18,False,False
60035,gate_40,14,False,False
60103,gate_40,18,False,False
60160,gate_40,11,True,False
60410,gate_40,26,True,False
60424,gate_30,6,False,False
60619,gate_40,65,True,False
60929,gate_40,16,True,False
60956,gate_40,17,False,False
60984,gate_30,139,False,True
61104,gate_30,0,False,False
61245,gate_30,24,True,False
61462,gate_30,23,False,False
61563,gate_30,7,False,False
61595,gate_40,29,False,False
61609,gate_30,4,False,False
61651,gate_30,3,False,False
61952,gate_30,19,False,False
61979,gate_30,2,False,False
62084,gate_30,12,False,False
62145,gate_40,1,False,False
62206,gate_30,0,False,False
62434,gate_30,6,False,False
62437,gate_40,5,False,False
62566,gate_40,67,True,False
62700,gate_40,36,True,True
62704,gate_40,2,False,False
62879,gate_30,1,False,False
63001,gate_40,33,True,False
63335,gate_30,9,True,False
63370,gate_30,179,True,True
63473,gate_30,1,False,False
63478,gate_30,202,True,True
63480,gate_30,9,True,False
63555,gate_40,43,False,False
63617,gate_30,902,True,True
63766,gate_30,6,False,False
63786,gate_40,22,False,False
63832,gate_30,1,False,False
63889,gate_30,9,True,True
63962,gate_30,4,True,False
64052,gate_30,1,False,False
64224,gate_40,15,False,True
64235,gate_30,1,False,False
64309,gate_40,125,True,False
64643,gate_40,24,False,False
64646,gate_40,1,False,True
64792,gate_30,269,True,False
64849,gate_40,31,True,False
64930,gate_30,510,True,False
64944,gate_40,62,False,False
65032,gate_40,5,False,False
65452,gate_30,16,False,False
65482,gate_40,10,False,False
65511,gate_30,4,False,False
66120,gate_40,28,False,False
66509,gate_30,46,True,False
66677,gate_40,1,False,False
66713,gate_40,4,False,False
66947,gate_40,13,True,False
67078,gate_30,9,False,False
67122,gate_30,18,False,False
67190,gate_40,15,False,False
67193,gate_40,1,False,False
67234,gate_30,3,False,False
67387,gate_30,12,False,False
67654,gate_40,8,False,False
67829,gate_40,0,False,False
67910,gate_40,18,True,False
67950,gate_30,7,False,False
68020,gate_40,52,False,True
68112,gate_30,0,False,False
68151,gate_40,136,True,False
68386,gate_30,5,False,False
68394,gate_40,474,True,True
68406,gate_40,5,False,False
68485,gate_30,26,True,False
68698,gate_40,83,True,False
68856,gate_30,1,False,False
68887,gate_40,1,False,False
68915,gate_40,121,False,False
68965,gate_40,105,True,True
69027,gate_40,2,False,False
69050,gate_30,20,True,False
69392,gate_30,46,False,False
69488,gate_30,5,False,False
69649,gate_40,80,True,True
69870,gate_40,210,True,True
69917,gate_40,16,True,False
69927,gate_30,1906,True,True
69998,gate_30,16,False,False
70074,gate_30,0,False,False
70127,gate_30,1,False,False
70175,gate_40,35,True,True
70294,gate_40,199,True,False
70522,gate_40,6,False,False
70570,gate_30,5,False,False
70899,gate_40,3,False,False
71062,gate_30,25,True,False
71119,gate_30,118,True,True
71161,gate_40,68,True,False
71165,gate_40,105,True,False
71205,gate_30,5,False,False
71235,gate_30,38,True,False
71326,gate_40,8,False,False
71489,gate_30,7,False,False
71635,gate_30,4,False,False
71698,gate_30,6,False,False
71777,gate_40,12,False,False
72085,gate_40,103,True,False
72164,gate_30,259,True,True
72353,gate_40,5,False,False
72419,gate_40,12,True,False
72470,gate_40,6,True,False
72555,gate_30,298,True,True
72614,gate_40,3,False,False
72661,gate_40,1,False,False
72752,gate_40,15,False,False
72813,gate_30,6,True,False
72872,gate_30,10,False,False
72918,gate_40,13,False,False
72977,gate_40,12,True,False
73378,gate_40,34,True,False
73412,gate_30,3,False,False
73868,gate_40,2,False,False
74231,gate_30,7,False,False
74276,gate_30,24,True,True
74369,gate_40,7,False,False
74377,gate_30,53,True,False
74422,gate_40,38,False,True
74568,gate_30,11,True,False
75029,gate_40,98,True,False
75734,gate_40,4,False,False
76062,gate_30,5,False,False
76089,gate_40,3,False,False
76133,gate_30,50,False,False
76549,gate_30,149,False,True
76573,gate_30,20,True,False
76598,gate_30,1,False,False
76662,gate_40,30,True,False
76767,gate_40,4,False,False
76784,gate_40,53,True,False
76895,gate_40,5,False,False
76917,gate_30,113,True,False
76934,gate_40,2,False,False
77151,gate_40,2,False,False
77172,gate_30,0,False,False
77195,gate_40,25,True,False
77468,gate_30,12,False,False
77495,gate_40,59,False,False
77644,gate_30,15,False,False
77731,gate_30,106,True,True
77812,gate_40,2,False,False
77821,gate_40,7,False,False
77837,gate_40,6,False,False
77850,gate_30,59,True,False
78089,gate_30,47,False,False
78142,gate_40,1,False,False
78183,gate_30,34,True,False
78237,gate_30,4,False,False
78312,gate_30,12,False,False
78409,gate_30,15,True,False
78563,gate_40,32,False,False
78846,gate_30,0,False,False
78900,gate_30,2,False,False
79646,gate_40,34,True,False
79890,gate_30,11,False,False
79929,gate_40,16,False,False
80215,gate_40,2,False,False
80282,gate_30,128,True,True
80485,gate_40,9,False,False
80496,gate_40,0,False,False
80526,gate_30,34,False,True
80582,gate_40,7,False,False
80618,gate_40,7,False,False
80634,gate_40,215,True,True
80746,gate_30,1,False,False
80754,gate_40,0,False,False
80860,gate_40,231,True,False
80884,gate_30,5,False,False
80900,gate_40,16,False,False
81447,gate_30,34,False,False
81480,gate_40,2,False,False
81524,gate_30,34,True,False
81532,gate_30,2,False,False
81668,gate_40,12,False,False
81959,gate_40,6,False,False
82064,gate_30,41,True,False
82545,gate_40,36,False,False
82655,gate_40,13,False,False
82753,gate_30,3,False,False
82783,gate_40,36,True,True
82937,gate_40,28,False,False
83072,gate_30,11,True,False
83080,gate_40,12,False,False
83103,gate_30,7,False,False
83140,gate_40,14,False,False
83254,gate_30,3,True,False
83309,gate_40,0,False,False
83317,gate_40,5,False,False
83438,gate_40,129,True,True
83732,gate_40,95,False,True
83798,gate_40,96,True,False
84100,gate_30,160,True,False
84191,gate_30,0,False,False
84208,gate_40,17,False,False
84406,gate_40,24,True,False
84816,gate_40,11,True,False
84929,gate_40,6,False,False
84961,gate_40,26,False,False
85007,gate_40,110,True,True
85277,gate_30,61,True,True
85560,gate_30,5,False,False
85601,gate_30,15,False,False
85805,gate_40,3,False,False
86342,gate_30,12,False,False
86781,gate_40,1,False,False
86821,gate_40,65,True,False
87098,gate_40,2,False,False
87220,gate_40,18,False,False
87258,gate_40,275,True,True
87276,gate_30,19,False,True
87410,gate_30,26,False,False
87419,gate_30,46,False,False
87509,gate_40,3,False,False
87542,gate_30,40,True,False
87640,gate_40,13,False,False
87649,gate_40,8,False,False
87671,gate_40,2,False,False
87697,gate_40,3,False,False
87728,gate_40,4,False,False
87827,gate_30,37,True,False
88235,gate_40,11,False,False
88282,gate_30,22,True,False
88361,gate_40,55,False,True
88392,gate_30,20,True,False
88497,gate_30,197,True,True
88521,gate_40,44,False,False
88907,gate_30,133,True,False
89272,gate_40,0,False,False
89605,gate_40,2,False,False
89618,gate_30,21,False,False
90120,gate_30,2,False,False
90233,gate_30,5,False,False
90335,gate_40,2,False,False
90481,gate_40,14,False,False
90566,gate_30,0,False,False
90640,gate_30,44,False,True
90744,gate_30,14,False,False
90755,gate_30,76,True,False
90892,gate_30,52,True,False
90916,gate_40,88,True,True
90979,gate_30,36,True,False
90992,gate_40,66,True,False
91010,gate_40,70,False,False
91027,gate_30,2,False,False
91045,gate_40,44,False,False
92061,gate_40,98,True,False
92161,gate_30,18,False,False
92162,gate_30,9,False,False
92168,gate_40,6,False,False
92286,gate_30,3,True,False
92463,gate_40,2,False,False
92638,gate_40,54,False,False
92789,gate_40,4,False,False
92914,gate_40,13,False,True
93014,gate_30,0,False,False
93131,gate_40,8,False,False
93166,gate_30,10,True,False
93241,gate_30,18,False,False
93289,gate_40,0,False,False
93646,gate_30,33,False,False
93914,gate_40,9,False,False
93957,gate_30,6,False,True
93997,gate_30,2,False,False
94159,gate_30,79,True,True
94282,gate_40,9,False,False
94407,gate_30,1,False,False
94455,gate_40,35,True,True
94639,gate_30,4,False,False
94768,gate_30,9,False,False
94904,gate_30,43,True,False
95033,gate_30,42,True,False
95357,gate_40,6,True,True
95371,gate_30,282,True,True
95530,gate_30,11,False,False
95696,gate_40,42,False,True
95946,gate_30,16,False,False
96038,gate_40,132,False,True
96058,gate_30,49,True,True
96076,gate_30,95,True,True
96123,gate_40,3,False,False
96471,gate_30,183,True,False
96535,gate_40,24,False,False
96561,gate_40,112,True,True
96675,gate_30,70,True,True
96744,gate_30,332,True,True
96745,gate_40,100,True,True
97019,gate_30,3,False,False
97308,gate_30,798,True,True
97461,gate_40,4,False,False
97741,gate_30,0,False,False
97754,gate_30,27,True,False
97777,gate_40,41,True,False
97849,gate_30,81,True,True
97873,gate_40,49,True,False
97971,gate_30,142,True,True
98151,gate_30,31,False,False
98229,gate_30,5,True,False
98354,gate_40,35,False,False
98592,gate_40,4,False,False
98833,gate_30,3,False,False
98955,gate_30,16,False,False
99178,gate_30,12,False,False
99252,gate_40,48,True,False
99264,gate_30,8,True,False
99307,gate_40,6,True,False
99411,gate_40,13,False,False
99583,gate_40,35,True,False
99630,gate_30,4,False,False
99631,gate_40,9,True,False
99806,gate_30,7,True,False
99912,gate_40,27,True,False
99928,gate_40,83,True,False
99944,gate_40,3,False,False
99976,gate_30,3,False,False
100026,gate_40,3,False,False
100084,gate_30,143,False,True
100151,gate_40,39,True,True
100214,gate_40,114,True,True
100367,gate_30,71,True,False
100511,gate_30,13,False,False
100556,gate_40,63,True,True
100585,gate_30,75,True,False
100807,gate_30,27,True,False
100899,gate_40,15,False,False
100933,gate_30,8,False,False
101024,gate_40,17,True,False
101041,gate_30,95,True,False
101248,gate_40,6,False,False
101591,gate_30,186,True,True
101601,gate_30,50,True,False
101664,gate_30,129,True,False
101675,gate_40,1,False,False
101697,gate_40,4,True,False
101864,gate_40,30,False,False
101880,gate_30,1,False,False
101884,gate_40,3,False,False
101915,gate_30,164,True,True
101953,gate_40,1,True,False
101961,gate_40,9,False,False
102182,gate_40,6,False,False
102302,gate_40,78,False,True
102540,gate_30,249,True,True
102573,gate_40,34,False,False
102598,gate_30,29,True,False
102742,gate_40,18,True,False
102748,gate_40,4,False,False
102753,gate_30,14,False,False
102931,gate_30,2,False,False
102977,gate_30,8,False,True
103095,gate_40,47,True,False
103308,gate_40,3,False,False
103414,gate_30,345,True,False
103463,gate_40,1,False,False
103498,gate_30,50,True,True
103555,gate_30,13,False,False
103557,gate_40,57,True,False
103625,gate_30,7,False,False
103714,gate_30,13,True,False
103804,gate_30,27,False,False
104157,gate_40,59,True,False
104158,gate_40,16,True,True
104211,gate_30,51,False,False
104553,gate_30,4,False,False
104563,gate_40,7,False,False
104577,gate_30,546,True,True
104592,gate_40,45,False,False
104686,gate_30,28,True,False
104694,gate_30,82,False,True
104796,gate_30,394,True,True
104800,gate_30,5,False,False
104899,gate_40,227,True,True
104999,gate_40,258,False,True
105277,gate_30,56,True,False
105342,gate_40,0,False,False
105632,gate_40,52,False,False
105700,gate_30,8,False,False
105948,gate_30,0,False,False
106093,gate_30,5,False,False
106422,gate_40,8,False,False
106423,gate_30,1,False,False
106447,gate_30,19,True,False
106487,gate_30,11,False,False
106523,gate_40,6,False,False
106600,gate_30,375,True,True
106828,gate_30,9,False,False
106895,gate_30,4,False,False
107040,gate_40,57,True,False
107169,gate_40,2,False,False
107563,gate_30,39,False,False
107617,gate_30,8,False,False
107662,gate_30,1,False,False
107670,gate_30,7,False,False
107936,gate_40,2,False,False
107981,gate_30,51,True,False
108052,gate_40,4,False,False
108068,gate_30,0,False,False
108134,gate_30,54,False,True
108287,gate_30,10,False,False
108303,gate_40,11,False,False
108320,gate_40,3,False,False
108454,gate_30,35,False,True
108535,gate_40,39,False,False
108608,gate_30,7,False,False
108668,gate_40,19,True,False
108753,gate_40,3,True,False
109109,gate_30,7,False,False
109111,gate_40,6,True,False
109151,gate_40,109,True,False
109158,gate_40,106,True,False
109300,gate_40,0,False,False
109366,gate_40,158,True,True
109431,gate_30,60,True,False
109458,gate_40,0,False,False
109556,gate_30,13,True,False
109578,gate_30,35,False,False
109745,gate_40,7,False,False
109757,gate_30,29,True,True
109796,gate_40,0,False,False
109838,gate_30,9,False,False
109991,gate_30,519,True,True
110004,gate_30,73,True,False
110329,gate_40,2,False,False
110479,gate_30,0,False,True
110528,gate_30,5,False,False
110634,gate_30,10,False,False
110750,gate_40,10,False,False
111162,gate_30,5,True,False
111196,gate_40,52,True,False
111362,gate_40,56,True,False
111382,gate_40,42,True,True
111496,gate_30,26,False,False
111540,gate_40,19,False,False
111949,gate_30,20,True,False
111961,gate_40,34,False,False
111981,gate_40,1,False,False
112127,gate_30,7,True,False
112216,gate_40,77,False,False
112251,gate_30,9,False,False
112355,gate_40,0,False,False
112365,gate_40,41,True,False
112375,gate_30,26,True,False
112718,gate_30,553,True,True
113086,gate_40,11,False,False
113087,gate_40,260,True,True
113325,gate_30,86,True,True
113378,gate_40,47,False,True
113462,gate_30,175,True,False
113497,gate_30,28,True,False
113563,gate_30,11,False,False
113607,gate_30,25,False,False
113621,gate_40,44,True,True
113666,gate_30,81,True,True
113725,gate_40,47,True,False
113800,gate_30,37,True,False
113888,gate_30,11,True,False
114118,gate_30,3,False,False
114278,gate_30,2,False,False
114320,gate_30,26,True,False
114360,gate_40,2,False,False
114521,gate_30,0,False,False
114532,gate_30,8,False,False
114626,gate_40,11,True,False
114859,gate_30,23,False,False
114985,gate_40,3,True,False
115234,gate_30,123,False,True
115235,gate_30,2,False,False
115498,gate_40,104,True,False
115774,gate_40,28,True,False
115813,gate_40,1,False,False
115854,gate_40,21,True,False
115980,gate_40,3,False,False
116002,gate_30,281,True,True
116099,gate_40,19,True,False
116198,gate_30,20,False,False
116247,gate_30,240,False,True
116336,gate_30,2,False,False
116382,gate_40,69,True,True
116423,gate_30,33,False,False
116430,gate_30,15,False,False
116439,gate_40,14,True,False
116590,gate_30,45,True,False
116653,gate_40,17,False,False
116793,gate_40,275,True,True
116828,gate_30,11,True,False
117026,gate_30,317,True,False
117186,gate_40,2,False,False
117195,gate_40,1,False,False
117242,gate_30,90,True,False
117481,gate_30,15,True,False
117700,gate_40,90,True,False
117728,gate_40,14,False,False
117763,gate_40,6,False,False
117868,gate_30,190,True,False
117918,gate_40,11,True,False
117992,gate_30,142,True,True
118091,gate_40,8,False,False
118189,gate_30,50,False,False
118204,gate_30,3,False,False
118555,gate_40,6,False,False
118654,gate_40,192,False,True
118690,gate_30,8,False,False
118773,gate_40,0,False,False
119142,gate_30,28,False,False
119209,gate_40,343,False,True
119231,gate_30,6,True,False
119331,gate_30,10,False,True
119464,gate_30,2,True,False
119507,gate_30,3,False,False
119591,gate_40,11,False,False
119742,gate_30,191,True,True
119784,gate_30,2,False,False
120131,gate_40,3,False,False
120587,gate_30,45,False,False
120662,gate_40,8,True,True
120664,gate_40,20,True,False
120771,gate_30,16,False,False
120978,gate_30,18,False,False
121148,gate_40,52,False,False
121179,gate_30,3,False,False
121303,gate_30,1374,True,True
121409,gate_30,2,False,False
121431,gate_40,3,False,False
121476,gate_30,4,False,False
121571,gate_30,8,False,False
121738,gate_40,19,False,False
122133,gate_30,3,True,False
122211,gate_30,4,False,False
122299,gate_40,65,False,False
122334,gate_30,1,False,False
122533,gate_30,199,True,True
122635,gate_30,24,True,False
122690,gate_40,3,False,False
122817,gate_40,74,True,False
122975,gate_30,197,True,True
122981,gate_30,40,False,False
123038,gate_40,9,False,False
123083,gate_40,29,False,False
123121,gate_40,66,True,False
123318,gate_40,48,True,False
123406,gate_40,14,False,False
123522,gate_40,15,False,False
123638,gate_30,50,True,False
123904,gate_30,2,False,False
123937,gate_40,39,True,False
124004,gate_30,16,False,False
124022,gate_30,6,True,False
124379,gate_40,124,False,True
124432,gate_40,0,False,False
124568,gate_40,4,False,False
124702,gate_30,93,True,True
124729,gate_30,41,True,False
124759,gate_30,2,False,False
124945,gate_30,16,True,False
125019,gate_30,8,False,False
125035,gate_40,4,False,False
125058,gate_30,38,True,False
125379,gate_30,91,True,True
125416,gate_30,19,False,False
125523,gate_30,344,True,True
125735,gate_40,73,False,False
125749,gate_40,11,False,False
125752,gate_30,2,True,False
125925,gate_30,51,True,False
125951,gate_30,1,False,False
125996,gate_40,33,True,True
126043,gate_40,142,True,False
126289,gate_30,44,True,False
126418,gate_40,44,True,False
126645,gate_30,222,True,True
126812,gate_30,11,False,False
126972,gate_40,14,False,False
127003,gate_40,6,False,False
127428,gate_30,12,True,False
127467,gate_40,15,True,False
127487,gate_30,200,True,True
127596,gate_40,6,True,False
127794,gate_30,35,False,False
127814,gate_30,3,False,False
127839,gate_30,5,False,True
127893,gate_30,13,False,False
128079,gate_30,17,True,False
128334,gate_30,3,False,False
128346,gate_30,43,True,False
128355,gate_40,4,True,False
128450,gate_40,2,False,False
128547,gate_40,64,False,False
128817,gate_30,399,False,True
128956,gate_30,60,True,False
128989,gate_40,216,True,False
129110,gate_40,42,True,False
129131,gate_40,18,True,False
129156,gate_40,15,False,False
129203,gate_40,1,False,False
129208,gate_30,14,False,False
129260,gate_30,129,False,True
129284,gate_40,2,False,False
129335,gate_40,2,False,False
129391,gate_30,26,False,False
129682,gate_30,12,True,False
129826,gate_40,13,False,False
130176,gate_40,17,True,False
130250,gate_40,13,True,False
130260,gate_30,7,False,False
130271,gate_30,23,True,False
130391,gate_30,33,False,False
130412,gate_30,38,False,False
130417,gate_40,36,True,True
130572,gate_40,55,True,False
130879,gate_30,159,True,True
131233,gate_30,11,False,False
131261,gate_30,4,False,False
131314,gate_30,2,False,False
131358,gate_40,69,True,True
131740,gate_30,74,True,False
132154,gate_30,4,False,False
132240,gate_30,4,False,False
132330,gate_30,113,True,False
132503,gate_30,1,False,False
132756,gate_40,5,False,False
132794,gate_40,0,False,False
132919,gate_40,36,True,False
132928,gate_40,139,True,True
132961,gate_40,79,True,False
133088,gate_30,50,True,False
133102,gate_40,11,False,False
133577,gate_30,331,True,True
133783,gate_30,12,False,False
133854,gate_40,29,True,False
133961,gate_40,26,False,False
134380,gate_40,117,True,False
134381,gate_40,7,True,False
134386,gate_40,23,False,False
134428,gate_40,26,False,False
134595,gate_40,2,False,False
134621,gate_40,40,True,False
134692,gate_30,15,False,False
134763,gate_40,32,True,False
134875,gate_40,10,True,False
134885,gate_30,432,True,True
134891,gate_40,2,False,False
134914,gate_30,8,True,False
135084,gate_40,16,True,False
135220,gate_40,148,True,True
135232,gate_30,2,False,False
135315,gate_30,2,False,False
135435,gate_40,1,False,False
135479,gate_30,4,False,False
135584,gate_30,4,False,True
135693,gate_30,149,True,True
135739,gate_30,13,False,False
135910,gate_40,5,False,False
135919,gate_30,21,False,True
135978,gate_30,80,False,True
136109,gate_40,1,False,False
136363,gate_40,0,False,False
136453,gate_30,12,False,False
136496,gate_40,1,False,False
136506,gate_30,9,False,False
136638,gate_30,15,False,False
136647,gate_30,13,False,False
136724,gate_40,9,True,False
136945,gate_30,12,True,False
137089,gate_40,2,False,False
137158,gate_30,7,False,False
137177,gate_30,45,False,False
137354,gate_30,18,False,False
137380,gate_40,43,True,True
137445,gate_40,284,True,True
137520,gate_30,9,True,False
137546,gate_40,5,False,False
137570,gate_30,181,True,True
137586,gate_40,21,True,False
137752,gate_40,27,False,False
137865,gate_30,39,True,False
137911,gate_40,19,True,True
138070,gate_40,32,True,False
138234,gate_30,75,True,True
138257,gate_40,0,False,False
138315,gate_30,10,False,False
138392,gate_40,34,True,False
138521,gate_30,4,True,False
138561,gate_30,22,False,False
138622,gate_40,16,True,False
138886,gate_30,59,True,True
138891,gate_30,231,True,True
138918,gate_30,2,False,False
139072,gate_40,681,False,True
139081,gate_40,8,False,False
139206,gate_40,0,False,False
139211,gate_40,3,False,False
139264,gate_30,311,True,True
139309,gate_40,6,False,False
139581,gate_40,103,True,True
139772,gate_30,80,False,True
139856,gate_40,2,False,False
140041,gate_30,70,True,True
140102,gate_40,10,False,False
140335,gate_40,3,False,False
140468,gate_30,27,True,False
140695,gate_40,2,False,False
140734,gate_30,51,False,True
140907,gate_30,81,True,False
141059,gate_40,28,False,False
141146,gate_40,13,False,False
141163,gate_30,44,True,False
141256,gate_40,10,False,False
141275,gate_30,12,True,False
141449,gate_40,124,False,True
141509,gate_30,1,False,False
141613,gate_30,23,False,False
141698,gate_40,36,False,False
141837,gate_30,6,False,False
141928,gate_40,2,False,False
141967,gate_40,3,True,False
142162,gate_40,11,False,False
142359,gate_40,66,True,True
142413,gate_40,35,True,False
142456,gate_40,9,True,False
142665,gate_40,28,True,False
142718,gate_30,29,True,False
142942,gate_40,1,False,False
142964,gate_30,3,False,False
142985,gate_40,57,True,True
143079,gate_40,24,False,False
143115,gate_40,13,True,True
143123,gate_40,4,True,False
143284,gate_30,8,False,False
143386,gate_30,1,False,False
143514,gate_30,15,True,False
143691,gate_30,10,False,False
143939,gate_40,57,True,False
143962,gate_40,4,False,False
144087,gate_30,1,False,False
144110,gate_40,0,False,False
144120,gate_30,52,True,False
144252,gate_30,1,False,False
144287,gate_30,18,True,False
144430,gate_30,3,False,False
144470,gate_40,7,False,False
144493,gate_40,29,False,False
144553,gate_30,9,False,False
144571,gate_40,87,True,True
144664,gate_30,45,True,False
144692,gate_30,6,False,False
144935,gate_30,5,False,False
145093,gate_40,25,True,False
145225,gate_40,75,True,True
145307,gate_40,22,True,True
145401,gate_30,3,False,False
145539,gate_40,1,False,False
145578,gate_30,7,False,False
145763,gate_40,30,False,True
145852,gate_30,186,True,True
145917,gate_40,3,False,False
145938,gate_30,53,True,False
146150,gate_30,3,True,False
146164,gate_40,3,False,False
146269,gate_40,29,False,False
146394,gate_30,2,True,False
146502,gate_30,15,True,False
146715,gate_40,134,True,True
146772,gate_30,2,False,False
146836,gate_30,16,False,False
146898,gate_30,347,True,True
146937,gate_40,29,False,False
146981,gate_40,12,False,False
147246,gate_40,95,True,False
147292,gate_40,76,False,True
147334,gate_40,22,True,True
147450,gate_40,6,False,False
147507,gate_40,7,False,False
147572,gate_40,18,True,True
147639,gate_30,11,False,False
147685,gate_40,71,True,False
147826,gate_30,8,False,False
147830,gate_40,12,True,True
147836,gate_30,22,False,False
148012,gate_30,6,False,False
148083,gate_40,0,False,False
148166,gate_30,211,True,False
148248,gate_40,3,False,False
148254,gate_30,10,False,False
148358,gate_30,137,False,True
148453,gate_40,0,False,False
148488,gate_40,1,False,False
148574,gate_40,1,False,False
148772,gate_40,30,True,False
148811,gate_40,49,False,False
148974,gate_40,50,True,False
149244,gate_30,0,False,False
149272,gate_40,42,False,True
149329,gate_30,4,False,False
149473,gate_30,14,False,False
149574,gate_30,60,True,False
149626,gate_40,5,False,False
149641,gate_30,3,False,False
149721,gate_40,30,True,False
149805,gate_40,35,True,True
149859,gate_40,3,False,False
149896,gate_40,116,True,True
150039,gate_30,503,True,False
150056,gate_40,70,False,False
150076,gate_40,45,True,True
150102,gate_40,74,True,False
150178,gate_40,60,False,True
150398,gate_40,169,True,True
150529,gate_30,6,False,False
150547,gate_40,42,False,False
150648,gate_30,35,False,True
150818,gate_40,43,True,False
150860,gate_40,11,False,False
150861,gate_40,185,True,False
150936,gate_40,2,False,False
151171,gate_40,21,False,False
151188,gate_40,10,False,False
151255,gate_40,15,True,False
151297,gate_40,34,True,False
151354,gate_30,27,True,False
151367,gate_30,222,True,True
151387,gate_40,0,False,False
151428,gate_30,0,False,False
151543,gate_40,20,True,False
151588,gate_40,32,True,True
151823,gate_30,13,False,False
151846,gate_30,20,True,False
152136,gate_30,3,False,False
152233,gate_40,11,False,False
152269,gate_40,12,False,False
152371,gate_30,25,False,False
152596,gate_30,31,True,False
152747,gate_30,0,False,False
152824,gate_40,62,True,False
153206,gate_40,12,False,False
153448,gate_30,3,False,False
153509,gate_40,3,False,False
153715,gate_40,7,False,False
153746,gate_40,3,False,False
153879,gate_40,3,False,False
153921,gate_30,22,False,False
154098,gate_40,118,True,False
154141,gate_40,24,True,False
154165,gate_40,4,False,False
154254,gate_30,19,True,False
154280,gate_40,16,False,False
154381,gate_40,18,True,False
154392,gate_30,28,True,False
154490,gate_40,117,True,True
154535,gate_30,7,True,False
154658,gate_40,37,True,False
154666,gate_40,20,True,False
154849,gate_30,1,False,False
154995,gate_40,4,False,False
155074,gate_30,9,True,False
155505,gate_30,23,True,False
155627,gate_30,1,False,False
155665,gate_40,87,True,False
155726,gate_40,103,True,True
155827,gate_40,29,False,False
155888,gate_30,5,False,False
155941,gate_40,28,False,False
155958,gate_40,25,True,False
156189,gate_30,16,False,False
156220,gate_30,212,True,True
156370,gate_30,12,False,True
156403,gate_40,31,True,False
156485,gate_30,5,True,False
156697,gate_30,762,True,True
156750,gate_30,12,False,False
156852,gate_30,23,True,False
156990,gate_40,49,False,True
157002,gate_40,16,False,False
157010,gate_30,10,False,False
157098,gate_40,3,False,False
157124,gate_30,3,False,False
157149,gate_40,1,False,False
157151,gate_30,1,False,False
157168,gate_40,32,True,False
157385,gate_40,3,False,False
157553,gate_30,24,True,True
157584,gate_30,62,True,False
157624,gate_40,16,True,False
157879,gate_40,313,True,True
157929,gate_40,21,False,False
158094,gate_30,42,True,False
158279,gate_30,2,False,False
158375,gate_40,16,True,False
158459,gate_40,57,True,True
158501,gate_40,8,False,False
158595,gate_40,33,True,False
158623,gate_40,1,False,False
158679,gate_30,43,True,False
158710,gate_30,0,False,False
158820,gate_40,294,True,False
159013,gate_30,4,False,False
159030,gate_30,0,False,False
159050,gate_30,16,True,False
159068,gate_30,37,False,False
159201,gate_30,5,False,False
159273,gate_30,2,False,False
159335,gate_40,17,True,False
159569,gate_40,41,True,False
159606,gate_40,3,False,False
159637,gate_30,2,False,False
159790,gate_30,6,False,False
159811,gate_30,12,False,False
159871,gate_40,141,True,False
159887,gate_30,15,False,False
159961,gate_40,5,False,False
160149,gate_30,3,False,False
160152,gate_30,44,False,False
160169,gate_30,4,False,False
160191,gate_30,58,True,False
160268,gate_30,384,True,True
160315,gate_30,41,True,False
160475,gate_40,0,False,False
160706,gate_30,32,True,False
160982,gate_40,21,True,False
161056,gate_40,4,False,False
161358,gate_40,12,True,False
161890,gate_40,2,False,False
161945,gate_40,9,True,False
161999,gate_30,8,False,True
162054,gate_30,16,False,False
162085,gate_30,253,True,True
162166,gate_30,9,True,False
162205,gate_30,35,True,True
162303,gate_30,2,False,False
162399,gate_40,13,False,False
162493,gate_30,0,False,False
162877,gate_30,14,False,False
163067,gate_40,32,True,False
163075,gate_40,93,True,True
163117,gate_40,4,False,False
163195,gate_40,109,True,True
163209,gate_30,53,False,True
163279,gate_40,79,True,False
163504,gate_30,0,False,False
163607,gate_40,12,False,False
163689,gate_40,331,True,True
163693,gate_30,9,False,False
163794,gate_30,12,True,False
163912,gate_40,114,True,False
164005,gate_30,2,False,False
164057,gate_40,30,True,False
164270,gate_40,1,False,False
164319,gate_30,144,True,False
164380,gate_40,0,False,False
164413,gate_30,64,True,False
164652,gate_40,59,True,False
164711,gate_30,6,True,False
164951,gate_40,1,False,False
165037,gate_40,10,False,False
165122,gate_40,15,False,False
165459,gate_40,1,False,False
165507,gate_40,15,False,False
165565,gate_30,409,True,True
165633,gate_30,45,True,False
165643,gate_40,19,False,False
165807,gate_40,8,True,False
165902,gate_30,6,False,False
165967,gate_40,56,False,False
165990,gate_40,28,True,False
166021,gate_30,6,False,False
166026,gate_30,4,False,False
166189,gate_40,0,False,False
166349,gate_30,75,False,True
166402,gate_40,22,True,True
166505,gate_30,3,False,False
166549,gate_40,5,False,False
166647,gate_40,6,False,False
166818,gate_40,14,False,False
166972,gate_40,83,True,False
167030,gate_30,5,False,True
167120,gate_30,32,True,True
167220,gate_40,31,False,False
167311,gate_40,1,False,False
167424,gate_40,1,False,False
167446,gate_30,343,False,True
167447,gate_30,3,False,False
167625,gate_40,37,True,False
167993,gate_30,0,False,False
168124,gate_40,10,False,False
168191,gate_30,62,True,True
168212,gate_30,8,False,False
168425,gate_40,18,False,False
168439,gate_40,16,False,False
168613,gate_30,21,True,False
168648,gate_30,75,True,False
168732,gate_30,168,False,True
168790,gate_40,5,False,False
168885,gate_40,6,False,False
169163,gate_30,2,False,False
169254,gate_30,327,True,False
169278,gate_30,39,True,False
169330,gate_40,3,False,False
169714,gate_30,4,True,False
169909,gate_30,14,False,False
170045,gate_40,133,True,True
170086,gate_40,3,False,False
170171,gate_30,379,True,True
170172,gate_30,43,True,False
170266,gate_40,15,False,False
170496,gate_30,68,True,False
170502,gate_40,337,True,True
170510,gate_40,5,False,False
170619,gate_30,3,False,False
170811,gate_40,0,False,False
170887,gate_40,13,False,False
171130,gate_30,9,True,False
171285,gate_40,94,True,False
171406,gate_30,470,True,True
171635,gate_40,7,False,False
171875,gate_30,105,True,True
171972,gate_40,62,False,True
172077,gate_30,4,False,False
172138,gate_40,12,False,False
172353,gate_30,15,True,False
172381,gate_40,44,True,False
172400,gate_40,6,True,False
172857,gate_30,73,True,True
173039,gate_30,32,True,False
173129,gate_40,69,True,True
173351,gate_40,27,True,False
173419,gate_40,51,False,False
173478,gate_40,378,True,True
173654,gate_30,14,False,False
173708,gate_40,288,True,True
173971,gate_30,44,False,False
173991,gate_30,22,False,False
174156,gate_40,1,False,False
174194,gate_40,37,False,False
174195,gate_40,18,False,False
174304,gate_40,81,True,True
174328,gate_30,33,True,True
174426,gate_30,0,False,False
174807,gate_30,128,True,False
174817,gate_40,6,False,False
174841,gate_30,6,False,False
174944,gate_40,3,False,False
175086,gate_30,0,False,False
175124,gate_30,7,True,False
175200,gate_30,20,True,False
175324,gate_40,13,True,False
175412,gate_30,64,False,False
175561,gate_40,435,True,True
175628,gate_30,21,False,False
175831,gate_40,138,True,False
176021,gate_40,229,True,True
176027,gate_40,3,False,False
176094,gate_30,7,False,False
176322,gate_30,8,True,False
176347,gate_30,6,False,False
176487,gate_30,19,False,False
176813,gate_30,8,True,False
176905,gate_30,19,True,False
177192,gate_40,11,False,True
177321,gate_30,7,False,False
177328,gate_30,23,True,False
177337,gate_40,10,True,False
177373,gate_40,1,False,False
177454,gate_30,65,True,True
177463,gate_40,8,False,False
177477,gate_40,36,True,False
177685,gate_40,9,False,False
177932,gate_30,5,False,False
178129,gate_40,84,True,False
178169,gate_40,13,True,False
178234,gate_30,1,False,False
178260,gate_30,47,True,False
178587,gate_40,75,True,False
178610,gate_30,62,True,False
178620,gate_30,8,False,False
178805,gate_40,34,False,False
178912,gate_30,1,False,False
179102,gate_30,210,True,True
179208,gate_30,9,False,False
179221,gate_40,31,True,False
179233,gate_40,9,False,False
179386,gate_40,27,True,False
179551,gate_40,14,True,False
179716,gate_40,5,False,False
179795,gate_30,402,True,True
179891,gate_40,19,True,False
179911,gate_30,174,True,True
179952,gate_30,14,False,False
179959,gate_30,388,True,True
180120,gate_40,114,True,True
180459,gate_40,9,False,False
180683,gate_40,51,True,False
180746,gate_40,9,False,False
180914,gate_30,255,True,True
180998,gate_40,14,False,False
181059,gate_40,15,False,False
181212,gate_40,80,True,True
181392,gate_30,36,False,False
181483,gate_40,4,False,False
181490,gate_40,0,False,False
181853,gate_40,1,False,False
181945,gate_30,1,False,False
181949,gate_30,1,False,False
182050,gate_40,5,False,False
182059,gate_30,15,False,False
182082,gate_40,0,False,False
182201,gate_30,320,True,True
182272,gate_40,10,True,False
182400,gate_30,20,True,False
182409,gate_40,2,False,False
182517,gate_30,11,False,True
182550,gate_40,9,True,False
182749,gate_30,17,False,False
183329,gate_30,46,True,True
183550,gate_30,1,False,False
183591,gate_40,1,False,False
183738,gate_30,52,False,False
183758,gate_30,23,True,False
183971,gate_30,5,False,False
184071,gate_30,5,False,False
184112,gate_40,14,False,False
184265,gate_40,28,True,False
184342,gate_30,2,False,False
184819,gate_30,13,False,False
184871,gate_40,256,True,True
184938,gate_40,5,False,False
185021,gate_30,17,True,False
185056,gate_30,143,True,True
185074,gate_40,12,True,False
185137,gate_40,0,False,False
185157,gate_40,17,False,False
185368,gate_30,52,False,False
185512,gate_40,934,True,True
185666,gate_40,292,True,True
185728,gate_40,26,False,False
185735,gate_30,1,True,False
185777,gate_40,1,False,False
185984,gate_30,41,True,False
186065,gate_30,18,False,False
186070,gate_40,32,True,False
186071,gate_30,48,True,False
186160,gate_30,1,False,False
186354,gate_40,0,False,False
186386,gate_30,18,False,True
186465,gate_30,2,False,False
186532,gate_40,1,False,False
186621,gate_40,43,True,False
186768,gate_40,33,True,False
186790,gate_30,5,False,False
186890,gate_30,1,False,False
187084,gate_30,69,True,False
187168,gate_40,8,False,False
187424,gate_40,15,True,False
187680,gate_40,83,False,False
187709,gate_40,3,False,False
188036,gate_30,2,False,False
188051,gate_30,8,False,False
188113,gate_30,5,False,False
188134,gate_40,3,True,False
188592,gate_40,22,False,False
188683,gate_40,30,False,False
188801,gate_30,4,False,False
188805,gate_30,84,False,False
188813,gate_30,27,True,False
188880,gate_30,163,False,False
189024,gate_40,2,True,False
189066,gate_40,61,True,False
189098,gate_30,35,True,False
189102,gate_30,7,False,False
189116,gate_30,129,True,False
189329,gate_40,5,False,False
189473,gate_30,16,True,False
189553,gate_40,13,True,False
189748,gate_40,9,False,False
189970,gate_40,104,True,False
190092,gate_30,1,False,False
190151,gate_30,36,True,False
190211,gate_30,11,True,False
190226,gate_40,63,True,False
190245,gate_40,4,False,False
190265,gate_40,19,False,False
190421,gate_40,294,True,True
190424,gate_30,2,True,False
190570,gate_30,7,True,False
190691,gate_30,38,True,False
190695,gate_30,12,False,False
190740,gate_40,5,False,False
190832,gate_40,64,True,True
190851,gate_40,7,False,False
190942,gate_40,62,False,True
190985,gate_30,6,False,True
191098,gate_40,12,False,False
191123,gate_30,1,False,False
191259,gate_30,155,True,True
191329,gate_40,1,False,False
191357,gate_40,64,False,False
191440,gate_30,56,True,False
191952,gate_40,462,False,True
192195,gate_30,4,False,False
192199,gate_30,12,True,False
192237,gate_30,4,False,False
192338,gate_30,57,True,False
192398,gate_30,41,True,True
192424,gate_40,181,True,True
192506,gate_40,65,True,False
192641,gate_40,4,False,False
192863,gate_40,15,False,False
192877,gate_30,11,False,False
193023,gate_40,28,False,True
193180,gate_40,11,False,False
193226,gate_30,89,True,True
193252,gate_30,34,True,False
193406,gate_30,10,False,False
193423,gate_30,24,True,False
193471,gate_40,20,True,False
193572,gate_30,1,False,False
193660,gate_30,2,True,False
194165,gate_40,6,True,False
194177,gate_40,22,True,False
194208,gate_30,37,True,False
194228,gate_30,28,True,False
194528,gate_30,1,False,False
195031,gate_30,153,True,False
195134,gate_30,33,True,False
195218,gate_40,6,True,False
195475,gate_40,2,False,False
195667,gate_40,17,False,False
195673,gate_30,89,True,True
195721,gate_30,9,True,False
195752,gate_30,18,False,False
195806,gate_30,30,True,False
196020,gate_40,41,False,False
196073,gate_30,53,True,True
196293,gate_40,133,True,True
196344,gate_30,217,True,True
196451,gate_40,8,False,False
196526,gate_40,6,True,False
196639,gate_40,5,False,False
196687,gate_40,6,False,False
197207,gate_40,19,False,False
197217,gate_30,9,False,False
197348,gate_30,13,False,False
197645,gate_30,6,True,False
197765,gate_40,39,True,False
197798,gate_30,7,False,False
197807,gate_40,1,False,False
197915,gate_30,299,True,True
198005,gate_40,99,True,False
198189,gate_30,6,False,False
198209,gate_40,5,False,False
198250,gate_40,2,False,False
198256,gate_40,17,True,False
198271,gate_30,1,True,False
198390,gate_30,59,False,True
198415,gate_40,13,False,False
198473,gate_40,39,True,False
198741,gate_30,13,False,False
198750,gate_40,41,True,True
198783,gate_30,7,False,False
198901,gate_30,35,True,False
198914,gate_40,14,True,False
198960,gate_40,17,False,False
199083,gate_30,4,True,False
199150,gate_30,0,False,False
199739,gate_40,196,True,False
199869,gate_30,284,True,True
199912,gate_30,15,False,False
199929,gate_40,59,True,True
200006,gate_30,18,True,False
200073,gate_30,21,True,False
200267,gate_40,2,False,False
200398,gate_40,88,True,True
200463,gate_40,393,True,True
200499,gate_40,159,True,False
200587,gate_30,40,True,True
200615,gate_40,15,True,False
200873,gate_40,25,False,False
200915,gate_40,1,False,False
201136,gate_40,2,False,False
201194,gate_40,35,True,False
201344,gate_30,32,True,False
201345,gate_40,25,False,False
201516,gate_30,37,True,False
201538,gate_40,20,True,False
201717,gate_30,9,False,False
201766,gate_30,34,True,True
201830,gate_40,1,False,False
201868,gate_40,2,False,False
201901,gate_30,7,False,False
201975,gate_40,65,False,False
202226,gate_30,29,False,True
202542,gate_30,26,True,False
202730,gate_40,6,False,False
202881,gate_40,17,False,False
202935,gate_30,1,False,False
202938,gate_30,1,False,False
202961,gate_40,24,False,False
203165,gate_30,0,True,False
203342,gate_30,0,False,False
203401,gate_40,2,False,False
203427,gate_40,40,True,True
203446,gate_40,61,True,False
203623,gate_40,123,True,False
203639,gate_30,3,False,False
203696,gate_30,19,False,False
203804,gate_30,85,True,False
203880,gate_40,23,True,False
203926,gate_30,1,False,False
203970,gate_40,18,True,False
204002,gate_40,1,False,False
204018,gate_40,33,True,False
204040,gate_40,4,False,False
204061,gate_40,24,False,False
204106,gate_40,91,True,False
204229,gate_40,17,True,False
204244,gate_40,2,False,False
204251,gate_30,750,True,True
204307,gate_30,36,True,False
204517,gate_40,4,False,False
204652,gate_30,1,False,False
204714,gate_40,24,False,False
204809,gate_40,67,False,True
204843,gate_30,7,False,False
204870,gate_40,16,True,False
204957,gate_40,2,False,False
205049,gate_30,10,False,False
205112,gate_40,459,True,True
205146,gate_40,261,True,True
205306,gate_30,5,False,False
205322,gate_30,71,False,False
205475,gate_40,109,True,True
205674,gate_40,35,True,False
205840,gate_30,49,True,False
205855,gate_30,169,True,True
205881,gate_30,45,True,False
205938,gate_30,29,True,False
205958,gate_40,5,False,False
205965,gate_30,11,True,False
206431,gate_40,208,True,True
206635,gate_40,15,False,False
206819,gate_30,12,False,False
206857,gate_30,17,False,False
206963,gate_30,23,True,False
206979,gate_30,35,True,False
207006,gate_40,8,True,False
207058,gate_40,1,False,False
207142,gate_30,70,True,False
207282,gate_30,13,False,False
207388,gate_40,6,False,False
207538,gate_40,4,False,False
207551,gate_30,121,True,False
207557,gate_40,10,True,False
207657,gate_30,9,False,False
208374,gate_40,7,False,False
208389,gate_30,3,False,False
208509,gate_40,2,False,False
208551,gate_30,131,True,True
208564,gate_30,226,True,True
208764,gate_40,38,True,False
208900,gate_30,29,True,False
208979,gate_40,16,False,False
208993,gate_40,10,True,False
209045,gate_40,11,True,False
209143,gate_40,26,True,False
209187,gate_30,47,False,False
209281,gate_30,0,False,False
209488,gate_30,0,False,False
209635,gate_40,1,False,False
209644,gate_40,179,True,True
209854,gate_30,61,False,True
209988,gate_30,13,True,False
210186,gate_30,6,False,False
210202,gate_40,6,False,False
210220,gate_30,6,True,True
210382,gate_40,19,True,False
210466,gate_40,1,False,False
210755,gate_30,3,False,False
210788,gate_40,6,True,False
210950,gate_40,12,False,False
210999,gate_40,4,False,True
211052,gate_30,1,False,False
211196,gate_30,0,False,False
211268,gate_40,2,False,False
211929,gate_40,4,False,False
211975,gate_30,16,False,False
211983,gate_30,99,True,True
212109,gate_30,58,True,True
212274,gate_30,1,False,False
212303,gate_40,1,False,False
212517,gate_40,275,True,True
212581,gate_40,14,False,False
212593,gate_40,83,True,False
212771,gate_30,3,False,False
213035,gate_40,784,False,True
213040,gate_30,5,False,False
213336,gate_30,38,False,True
213350,gate_40,141,True,True
213447,gate_40,1,False,False
213526,gate_40,152,True,True
213624,gate_30,4,False,False
213632,gate_30,12,False,False
213633,gate_30,32,False,False
213843,gate_30,13,False,False
213919,gate_30,41,False,False
214005,gate_30,21,False,False
214048,gate_40,5,True,False
214056,gate_40,36,False,False
214300,gate_40,131,True,True
214344,gate_40,67,True,False
214469,gate_30,19,True,False
214481,gate_30,5,False,False
214494,gate_40,30,True,False
214681,gate_40,60,False,True
214700,gate_40,0,False,False
214785,gate_30,7,False,False
214948,gate_40,4,False,False
215092,gate_30,1,False,False
215131,gate_40,7,True,False
215241,gate_30,33,False,False
215414,gate_30,2,False,False
215434,gate_40,5,True,False
215467,gate_40,30,False,False
215597,gate_40,19,True,False
215764,gate_30,314,True,True
215813,gate_40,4,False,False
215869,gate_40,3,False,False
216089,gate_30,5,False,False
216143,gate_40,8,False,False
216159,gate_40,5,False,False
216304,gate_30,32,True,False
216581,gate_40,7,False,False
216630,gate_40,71,True,False
216907,gate_30,5,True,False
216922,gate_30,0,False,False
216947,gate_30,59,False,False
217252,gate_30,22,False,False
217510,gate_30,101,True,False
217616,gate_30,14,False,False
217752,gate_40,6,False,False
217973,gate_30,0,False,False
218080,gate_30,9,False,False
218278,gate_40,77,True,False
218349,gate_40,15,False,False
218428,gate_30,9,False,False
218483,gate_30,34,True,False
218491,gate_30,60,True,False
218725,gate_40,195,True,False
218784,gate_30,10,True,False
218785,gate_40,469,True,True
219102,gate_30,55,True,False
219299,gate_30,75,True,False
219443,gate_30,18,False,False
219691,gate_40,6,False,False
219723,gate_40,75,False,False
219760,gate_40,7,False,False
220185,gate_40,17,True,False
220564,gate_40,2,False,False
220754,gate_30,6,True,False
220846,gate_40,383,True,True
220937,gate_30,2,False,True
221629,gate_30,1,False,False
221780,gate_40,99,True,True
221798,gate_40,9,False,False
221918,gate_30,228,True,True
221990,gate_30,196,True,True
222236,gate_40,57,False,True
222469,gate_40,165,True,True
222570,gate_30,1,False,False
222583,gate_30,24,False,False
222645,gate_30,4,False,False
222716,gate_40,7,True,False
222863,gate_40,114,True,False
222866,gate_40,39,False,False
222985,gate_40,1,False,False
223116,gate_40,4,False,False
223256,gate_30,15,True,False
223370,gate_30,14,True,False
223404,gate_40,43,True,True
223470,gate_30,33,False,False
223761,gate_30,183,True,False
223797,gate_40,2,False,False
223954,gate_40,57,True,False
224063,gate_40,2,False,False
224096,gate_40,34,True,True
224123,gate_40,1,False,False
224138,gate_30,3,False,False
224388,gate_40,20,False,False
224442,gate_40,5,False,False
224454,gate_40,18,True,False
224587,gate_30,5,False,False
224610,gate_40,21,True,False
224701,gate_40,9,False,False
225355,gate_40,4,False,False
225367,gate_30,324,True,True
225619,gate_40,44,True,False
225887,gate_40,102,True,True
225892,gate_30,14,False,False
226086,gate_30,4,False,False
226129,gate_30,42,True,False
226208,gate_40,1,False,False
226528,gate_40,15,False,False
226764,gate_40,3,False,False
226829,gate_40,101,True,True
227053,gate_30,20,True,False
227063,gate_40,24,False,False
227105,gate_40,19,True,True
227149,gate_30,19,False,False
227440,gate_40,4,False,False
227503,gate_30,10,True,False
227511,gate_40,12,True,False
227587,gate_40,613,True,True
227739,gate_40,11,False,False
227843,gate_30,194,True,True
227943,gate_30,2,False,False
227982,gate_30,178,True,False
227985,gate_40,2,False,False
228028,gate_30,30,True,False
228133,gate_30,16,True,False
228313,gate_30,38,False,False
228324,gate_30,2,False,False
228408,gate_40,7,False,False
228539,gate_30,10,False,False
228599,gate_30,7,False,False
228723,gate_40,299,True,True
228756,gate_30,3,False,False
228768,gate_40,11,True,False
228776,gate_40,5,False,False
228802,gate_30,15,False,False
228828,gate_30,5,False,False
228897,gate_40,74,True,True
229147,gate_40,3,False,False
229186,gate_40,3,False,False
229306,gate_30,27,False,False
229449,gate_30,181,True,True
229519,gate_40,3,False,True
229535,gate_40,9,False,False
229749,gate_30,12,True,False
229910,gate_40,11,False,False
229957,gate_40,78,False,True
230016,gate_40,514,True,True
230127,gate_40,1,False,False
230166,gate_30,35,False,False
230329,gate_40,1,False,False
230668,gate_30,3,False,False
230805,gate_30,0,False,False
230897,gate_40,60,False,True
231022,gate_30,60,True,False
231478,gate_30,4,False,False
231560,gate_30,18,True,False
231595,gate_40,10,False,False
231611,gate_40,23,False,False
231622,gate_40,90,True,False
231814,gate_40,5,False,False
231878,gate_30,29,True,False
231918,gate_40,23,True,False
232088,gate_40,5,False,False
232194,gate_40,8,False,False
232306,gate_30,2,False,False
232325,gate_40,6,True,False
232506,gate_30,116,True,False
232533,gate_40,154,True,False
232579,gate_30,6,False,False
232581,gate_40,1,True,False
232752,gate_30,6,True,False
232761,gate_30,286,True,False
232767,gate_40,17,True,False
232838,gate_40,22,False,False
233045,gate_30,9,False,False
233190,gate_40,0,False,False
233418,gate_30,15,False,False
233583,gate_30,10,False,False
233597,gate_30,589,True,True
233817,gate_30,10,False,False
233946,gate_30,28,True,False
234279,gate_40,28,True,False
234463,gate_40,15,False,False
234696,gate_30,570,True,True
234753,gate_40,1,True,False
234891,gate_30,4,False,False
235037,gate_30,1,False,False
235145,gate_40,17,True,False
235309,gate_30,6,False,False
235353,gate_30,14,True,False
235367,gate_30,1,False,False
235390,gate_40,4,False,False
235511,gate_40,3,True,False
235547,gate_30,10,False,False
235571,gate_30,37,False,False
235665,gate_40,29,True,True
235670,gate_30,32,True,False
235725,gate_30,8,False,False
235738,gate_40,164,True,True
235996,gate_40,245,True,False
236010,gate_30,195,True,False
236155,gate_30,33,True,False
236212,gate_40,162,True,True
236218,gate_40,26,True,False
236584,gate_30,17,True,False
236626,gate_40,7,True,False
236652,gate_40,39,True,False
236837,gate_30,24,False,False
236909,gate_40,8,True,False
236953,gate_30,4,False,False
236954,gate_40,1,False,False
237187,gate_30,11,False,False
237543,gate_30,289,True,False
237638,gate_40,155,True,True
238069,gate_40,256,True,True
238312,gate_40,4,False,False
238475,gate_40,1,False,False
238675,gate_40,359,True,False
238730,gate_30,3,False,False
238742,gate_40,6,True,False
238817,gate_30,2,False,False
238958,gate_40,41,False,True
239150,gate_40,4,False,False
239423,gate_40,7,True,False
239462,gate_40,84,True,True
239675,gate_30,1,False,False
239796,gate_30,229,True,True
239859,gate_40,13,True,False
239876,gate_30,2,False,False
240002,gate_40,9,True,False
240033,gate_30,7,False,False
240107,gate_30,195,True,True
240330,gate_30,25,True,False
240510,gate_30,32,True,False
240610,gate_40,7,False,False
240711,gate_30,4,False,False
240801,gate_40,3,True,False
241069,gate_30,10,False,False
241088,gate_30,103,True,False
241107,gate_30,3,False,False
241175,gate_30,45,False,True
241269,gate_30,7,False,False
241540,gate_40,4,False,False
241788,gate_30,15,False,False
241792,gate_40,75,True,False
241807,gate_40,5,False,False
242000,gate_30,15,False,False
242207,gate_40,40,True,True
242265,gate_40,73,False,False
242484,gate_30,3,True,False
242860,gate_30,40,False,False
243145,gate_40,177,True,True
243154,gate_40,151,True,False
243408,gate_40,13,False,False
243542,gate_30,19,True,False
243606,gate_40,146,True,True
243670,gate_30,8,False,False
243889,gate_30,1,False,False
244018,gate_40,2,False,False
244050,gate_30,11,False,False
244073,gate_30,196,True,True
244256,gate_40,70,True,False
244485,gate_30,126,True,True
244583,gate_40,121,True,True
244609,gate_40,51,True,False
244719,gate_40,36,True,False
244751,gate_30,6,False,False
244824,gate_40,3,False,False
244923,gate_30,26,True,False
245122,gate_30,35,False,False
245170,gate_30,3,False,False
245530,gate_30,33,False,False
245597,gate_40,15,False,False
245900,gate_30,238,True,True
245913,gate_40,26,False,True
245995,gate_30,2,False,False
246256,gate_30,3,False,False
246380,gate_40,48,False,False
246385,gate_40,10,False,False
246519,gate_40,14,False,False
246973,gate_30,4,False,False
247190,gate_30,40,False,False
247550,gate_30,5,False,False
247629,gate_40,58,True,False
247670,gate_40,39,True,False
247761,gate_30,17,False,False
247790,gate_30,21,True,True
248145,gate_40,5,False,False
248501,gate_30,11,True,False
248748,gate_30,1309,True,True
248891,gate_40,632,True,True
249044,gate_40,3,False,False
249225,gate_40,9,False,False
249301,gate_30,8,False,False
249530,gate_40,17,True,False
249570,gate_30,23,True,True
249648,gate_30,2,False,False
249689,gate_40,53,False,False
249855,gate_30,21,False,False
249971,gate_30,0,False,False
249973,gate_30,21,False,False
250195,gate_30,281,True,True
250313,gate_30,29,False,False
250325,gate_30,26,True,True
250333,gate_30,0,False,False
250527,gate_30,2,False,False
250696,gate_40,899,True,True
251000,gate_40,30,False,False
251156,gate_30,100,True,False
251393,gate_40,16,True,True
251406,gate_40,111,True,True
251472,gate_30,297,True,True
251518,gate_40,0,False,False
251608,gate_40,1,False,False
251728,gate_40,33,False,False
251833,gate_40,1,False,False
251993,gate_30,3,False,False
252138,gate_30,71,False,False
252204,gate_30,19,True,False
252244,gate_40,200,True,True
252329,gate_40,3,False,False
252433,gate_30,3,False,False
252504,gate_40,7,True,False
252616,gate_40,11,False,False
252798,gate_40,9,False,False
252881,gate_40,2,False,False
253036,gate_30,181,True,False
253301,gate_40,12,True,False
253417,gate_30,58,True,False
253486,gate_30,7,False,True
253590,gate_30,2,False,False
253657,gate_40,386,True,True
253863,gate_30,5,False,False
253876,gate_30,51,True,False
253896,gate_40,27,True,False
253937,gate_40,329,True,True
254058,gate_40,14,True,False
254268,gate_40,8,False,False
254342,gate_40,89,True,False
254349,gate_30,1,False,False
254397,gate_30,2,False,False
254573,gate_40,48,False,False
254659,gate_40,174,True,False
254827,gate_40,0,False,False
255077,gate_40,50,True,True
255147,gate_30,7,False,False
255220,gate_40,161,False,True
255223,gate_30,13,False,False
255303,gate_40,1,False,False
255470,gate_40,164,True,False
255473,gate_40,6,True,False
255615,gate_40,2,False,False
255657,gate_40,187,True,True
255688,gate_40,25,False,False
255897,gate_40,878,True,True
256036,gate_40,3,False,False
256040,gate_40,246,True,True
256064,gate_40,6,False,False
256106,gate_30,0,False,False
256429,gate_40,31,True,False
256698,gate_30,6,False,False
257126,gate_30,20,False,False
257330,gate_30,0,True,False
257360,gate_40,13,False,False
257406,gate_40,15,False,False
257426,gate_40,41,True,False
257472,gate_30,128,True,False
257532,gate_40,91,True,True
257615,gate_30,90,True,False
257709,gate_30,2,False,False
257720,gate_40,151,True,False
257813,gate_40,6,True,False
257998,gate_40,15,True,False
258054,gate_30,6,False,False
258244,gate_30,17,True,False
258246,gate_30,1,False,False
258261,gate_30,3,False,False
258287,gate_30,0,False,False
258296,gate_30,7,False,False
258332,gate_40,232,True,False
258400,gate_30,14,True,False
258453,gate_30,26,True,False
258486,gate_30,10,False,False
258612,gate_30,277,True,True
258720,gate_30,45,True,False
258867,gate_30,10,False,True
259111,gate_40,26,False,False
259121,gate_30,1,False,False
259136,gate_40,12,False,False
259172,gate_30,24,False,False
259259,gate_30,6,False,False
259330,gate_40,18,True,False
259556,gate_40,6,False,False
259753,gate_40,11,False,False
259958,gate_30,145,True,False
259960,gate_40,24,True,False
260019,gate_40,183,True,True
260058,gate_40,16,False,False
260167,gate_30,10,False,False
260184,gate_30,2,False,False
260413,gate_40,0,False,False
260446,gate_40,63,True,True
260523,gate_30,30,True,False
260578,gate_40,30,True,False
260699,gate_30,15,False,False
260720,gate_30,167,True,False
260777,gate_30,3,False,False
260866,gate_40,69,True,False
260901,gate_30,49,True,False
261258,gate_30,7,False,False
261501,gate_40,21,False,False
261531,gate_30,5,False,False
261725,gate_40,42,True,False
261762,gate_40,4,False,False
261811,gate_40,114,False,True
261884,gate_40,197,True,True
261973,gate_30,49,True,False
262035,gate_30,5,False,False
262217,gate_40,1,False,False
262307,gate_30,2,False,False
262480,gate_40,29,False,True
262491,gate_30,100,True,False
262601,gate_40,2,False,False
262812,gate_30,23,True,False
263083,gate_40,15,False,True
263178,gate_30,53,True,False
263228,gate_40,4,False,False
263295,gate_30,0,False,False
263301,gate_40,25,False,False
263329,gate_40,118,True,False
263338,gate_30,11,False,False
263382,gate_40,114,True,False
263544,gate_40,36,False,False
263817,gate_40,26,True,False
263912,gate_30,36,True,False
264001,gate_30,2,False,False
264021,gate_30,8,True,False
264420,gate_40,19,True,True
264496,gate_40,32,False,True
264514,gate_30,42,False,False
264564,gate_40,16,True,False
264585,gate_30,24,True,False
264601,gate_30,18,True,False
265087,gate_30,9,False,False
265313,gate_30,46,True,True
265352,gate_40,2,False,False
265613,gate_30,1,False,False
265700,gate_30,30,True,False
265721,gate_30,0,False,False
266135,gate_30,23,True,False
266325,gate_30,6,False,False
266497,gate_30,22,False,False
266540,gate_40,14,False,False
266669,gate_30,11,False,False
266674,gate_40,22,False,False
266745,gate_30,1,False,False
266977,gate_40,2,False,False
267061,gate_40,3,False,False
267062,gate_40,14,True,False
267300,gate_40,288,True,True
267461,gate_40,204,True,True
267647,gate_30,6,False,False
267847,gate_30,40,True,False
267912,gate_30,32,True,False
268064,gate_40,51,False,False
268232,gate_40,57,True,True
268253,gate_40,6,False,False
268298,gate_40,129,True,False
268314,gate_40,70,False,False
268338,gate_40,5,False,False
268492,gate_30,123,True,True
268517,gate_40,55,True,False
268574,gate_40,5,False,False
268756,gate_40,232,True,False
268845,gate_40,1,False,False
268847,gate_40,2,False,False
268912,gate_40,1,False,False
268946,gate_40,387,True,True
269140,gate_30,0,False,False
269182,gate_30,312,True,True
269519,gate_30,1,True,False
269552,gate_40,23,True,True
269827,gate_40,3,False,False
269996,gate_30,6,False,False
270119,gate_40,5,True,False
270187,gate_30,80,True,True
270218,gate_40,1,False,False
270229,gate_40,77,True,False
270262,gate_40,142,True,True
270283,gate_40,2,False,False
270368,gate_30,6,False,False
270389,gate_40,36,True,False
270491,gate_30,2,False,False
270582,gate_40,3,False,False
270655,gate_40,55,True,True
270814,gate_40,3,False,False
270891,gate_30,28,True,False
271097,gate_30,10,False,False
271104,gate_40,6,False,False
271107,gate_30,15,False,False
271424,gate_40,12,False,False
271564,gate_40,14,False,True
271723,gate_30,2,False,False
272133,gate_30,192,True,True
272259,gate_40,1,False,False
272347,gate_30,7,True,False
272408,gate_40,8,False,False
272593,gate_40,6,False,False
273116,gate_30,17,False,False
273122,gate_40,35,True,False
273187,gate_30,24,False,False
273225,gate_30,4,False,False
273257,gate_30,2,False,False
273268,gate_30,3,False,False
273332,gate_30,12,False,False
273438,gate_30,38,True,False
273562,gate_30,10,False,False
273607,gate_30,311,True,True
273679,gate_30,184,False,False
273836,gate_40,17,False,False
273973,gate_40,4,False,True
274128,gate_40,2,False,False
274202,gate_30,13,True,False
274306,gate_30,128,True,True
274381,gate_40,2,False,False
274744,gate_30,37,True,False
274858,gate_30,63,True,False
275121,gate_30,279,True,True
275143,gate_30,1,False,False
275311,gate_40,5,False,False
275332,gate_40,6,False,False
275501,gate_30,12,True,False
275660,gate_30,3,False,False
275675,gate_30,3,False,False
275887,gate_30,2,False,False
275904,gate_30,27,False,False
276144,gate_40,2,False,False
276218,gate_30,21,True,False
276413,gate_40,19,True,False
276513,gate_30,6,False,False
276546,gate_40,7,False,False
276630,gate_40,2,False,False
276656,gate_30,38,True,True
276742,gate_40,1,False,False
276801,gate_30,4,False,False
276853,gate_30,6,False,True
276863,gate_40,8,False,False
276878,gate_40,2,False,False
276985,gate_40,1,False,False
277023,gate_40,68,False,False
277237,gate_30,29,True,False
277339,gate_30,12,False,False
277474,gate_30,4,False,False
277498,gate_40,15,False,False
277579,gate_30,177,True,True
277836,gate_40,6,False,False
277887,gate_30,14,True,False
277995,gate_40,6,False,False
278005,gate_30,12,False,False
278198,gate_30,3,False,True
278277,gate_30,50,False,False
278421,gate_30,5,False,False
278480,gate_40,0,False,False
278506,gate_40,25,False,False
278585,gate_30,4,False,True
278692,gate_40,47,True,False
278716,gate_30,166,True,True
278861,gate_40,5,False,False
278952,gate_30,20,False,False
279168,gate_40,161,True,True
279170,gate_30,22,True,False
279211,gate_40,22,False,False
279465,gate_40,32,True,True
279778,gate_30,355,True,True
279879,gate_30,5,False,False
280015,gate_30,7,False,False
280107,gate_30,10,True,False
280253,gate_40,57,True,True
280315,gate_30,47,False,False
280520,gate_40,78,True,False
280534,gate_40,20,False,False
280568,gate_30,6,False,False
280950,gate_30,2,False,False
280982,gate_40,191,False,True
281044,gate_40,16,False,False
281112,gate_40,34,False,False
281260,gate_40,5,False,False
281339,gate_40,12,True,False
281518,gate_40,3,False,False
281555,gate_30,0,False,False
281716,gate_30,2,False,False
281736,gate_40,116,True,True
281799,gate_30,73,False,False
282299,gate_40,13,False,False
282558,gate_40,5,False,False
282754,gate_30,33,True,False
282896,gate_30,16,True,False
282985,gate_30,96,True,False
283014,gate_30,56,True,True
283136,gate_40,204,True,True
283158,gate_30,14,False,False
283272,gate_40,15,True,False
283300,gate_40,3,False,False
283353,gate_30,0,False,False
283506,gate_30,13,False,False
283508,gate_30,15,False,False
283511,gate_40,17,False,False
283568,gate_40,25,False,False
283656,gate_30,17,False,False
283707,gate_30,135,True,True
283731,gate_40,299,True,True
284002,gate_40,1,False,False
284007,gate_30,160,True,True
284015,gate_30,0,False,False
284178,gate_40,11,True,True
284267,gate_30,1,False,False
284416,gate_40,7,True,False
284493,gate_40,15,True,False
284610,gate_30,1252,True,True
284733,gate_30,104,True,True
284742,gate_40,135,True,True
284760,gate_30,14,True,False
284789,gate_40,8,False,False
284794,gate_40,11,True,False
284835,gate_40,2,False,False
284838,gate_30,5,False,False
284907,gate_30,9,False,False
285321,gate_40,49,False,False
285343,gate_30,12,False,False
285351,gate_40,19,True,False
285352,gate_40,79,True,True
285383,gate_40,39,False,True
285489,gate_30,12,True,False
285566,gate_40,34,False,False
285915,gate_30,45,False,False
285932,gate_30,16,False,False
286017,gate_30,7,True,False
286027,gate_30,34,True,False
286117,gate_30,53,True,False
286120,gate_30,4,False,False
286331,gate_40,8,False,True
286396,gate_30,6,False,False
286459,gate_40,17,False,False
286492,gate_40,15,False,False
286590,gate_40,10,False,False
286639,gate_40,10,False,False
286662,gate_40,10,False,False
286738,gate_40,3,False,False
286779,gate_40,28,True,True
286788,gate_30,9,False,False
286852,gate_40,278,True,True
286908,gate_30,8,False,False
286959,gate_40,5,False,False
287028,gate_30,11,False,False
287043,gate_30,5,False,False
287161,gate_40,78,False,True
287170,gate_40,115,True,True
287270,gate_40,98,True,True
287282,gate_30,11,True,False
287461,gate_30,3,False,False
287551,gate_40,18,False,False
287605,gate_40,18,False,False
287656,gate_40,9,False,False
287672,gate_40,4,False,False
287708,gate_40,8,False,True
287845,gate_40,10,False,False
287858,gate_40,37,True,False
288081,gate_40,28,True,False
288352,gate_30,2,False,False
288429,gate_40,101,True,False
288474,gate_40,22,False,False
288520,gate_40,34,True,False
288997,gate_30,28,False,False
289113,gate_40,111,True,True
289344,gate_40,13,False,False
289365,gate_40,0,False,False
289412,gate_40,1,False,False
289427,gate_40,32,True,False
289429,gate_40,20,True,False
289450,gate_40,38,True,False
289713,gate_30,0,False,False
289852,gate_40,8,False,False
289969,gate_40,124,True,True
290045,gate_40,38,True,False
290120,gate_30,13,True,False
290179,gate_40,232,True,False
290269,gate_30,2,False,False
290386,gate_30,100,False,False
290399,gate_40,3,False,False
290419,gate_30,42,True,True
290475,gate_40,8,True,False
290481,gate_30,8,False,False
290537,gate_30,23,True,True
290547,gate_30,31,True,False
290556,gate_30,17,False,False
290602,gate_40,16,True,False
290659,gate_30,46,True,True
290691,gate_40,10,False,False
290992,gate_40,9,False,False
291309,gate_40,4,False,False
291387,gate_30,1,False,False
291433,gate_30,6,False,False
291447,gate_40,37,True,False
291620,gate_30,0,False,False
291706,gate_30,46,True,False
292015,gate_40,7,False,False
292185,gate_40,2,False,False
292402,gate_40,57,True,False
292580,gate_40,6,False,False
292601,gate_30,3,False,False
292701,gate_30,385,True,True
293045,gate_40,61,True,False
293232,gate_40,54,True,True
293283,gate_30,19,False,False
293413,gate_40,97,True,False
293543,gate_30,28,False,False
293662,gate_40,40,True,False
293680,gate_40,38,False,False
293720,gate_30,12,False,False
293909,gate_30,4,False,False
294171,gate_40,57,True,False
294247,gate_30,4,False,False
294254,gate_40,245,True,False
294371,gate_40,5,False,False
294376,gate_40,1315,True,True
294381,gate_30,8,False,False
294720,gate_30,23,True,False
295107,gate_40,11,False,False
295213,gate_40,464,True,True
295300,gate_30,57,True,True
295513,gate_40,28,True,False
295549,gate_40,19,False,True
295606,gate_40,17,False,False
295729,gate_30,131,True,True
295850,gate_30,8,False,False
296148,gate_40,230,True,True
296163,gate_40,80,True,True
296635,gate_30,65,False,True
296922,gate_30,30,False,False
297032,gate_40,45,True,True
297504,gate_40,61,True,True
297557,gate_30,30,False,False
297609,gate_40,3,False,False
297748,gate_30,254,True,False
297754,gate_30,21,False,False
297854,gate_40,5,False,False
297979,gate_30,222,True,True
298102,gate_40,31,False,False
298373,gate_30,24,False,False
298517,gate_40,14,True,True
298519,gate_40,36,False,False
298661,gate_40,18,False,False
298697,gate_30,63,True,False
298753,gate_40,100,True,True
298852,gate_30,39,True,False
299064,gate_30,9,True,False
299107,gate_40,9,False,False
299215,gate_30,3,False,False
299334,gate_40,11,False,False
299394,gate_40,6,False,False
299468,gate_40,135,True,False
299533,gate_30,14,False,False
299534,gate_40,15,True,False
299692,gate_40,1,False,False
299832,gate_30,77,True,False
299835,gate_40,7,True,False
299840,gate_30,246,True,True
299944,gate_40,81,True,True
300255,gate_40,16,False,False
300473,gate_40,58,True,False
300579,gate_40,23,True,False
300667,gate_40,2,False,False
300711,gate_40,98,True,False
300878,gate_40,1,False,False
301374,gate_30,0,False,False
301385,gate_30,176,True,True
301461,gate_30,13,False,False
301781,gate_30,47,True,True
301800,gate_40,15,True,False
301813,gate_40,7,False,False
301845,gate_40,456,True,True
301875,gate_30,25,True,False
301904,gate_30,2,False,False
302100,gate_40,10,False,False
302179,gate_30,7,False,False
302297,gate_40,10,False,True
302317,gate_30,5,False,False
302342,gate_40,316,False,True
302519,gate_40,121,True,True
302650,gate_40,45,True,False
302651,gate_30,25,False,False
302847,gate_40,68,True,True
303020,gate_40,52,True,True
303136,gate_30,18,True,False
303175,gate_40,18,False,False
303201,gate_30,31,False,False
303321,gate_40,26,False,False
303415,gate_30,3,False,False
303829,gate_40,5,False,False
303834,gate_30,11,True,False
303959,gate_30,12,False,False
304120,gate_30,30,True,False
304314,gate_30,12,False,False
304618,gate_40,83,False,True
304866,gate_40,138,True,False
304972,gate_30,106,True,False
305086,gate_40,9,True,False
305273,gate_40,4,False,False
305345,gate_40,79,True,True
305472,gate_40,37,True,False
305473,gate_30,5,False,False
305972,gate_30,83,True,False
305975,gate_40,1,False,False
306055,gate_40,7,False,True
306210,gate_40,178,True,True
306266,gate_40,22,True,False
306300,gate_40,26,False,False
306355,gate_30,5,False,False
306530,gate_30,9,False,False
306596,gate_40,91,False,False
306691,gate_40,11,True,False
306725,gate_40,55,False,True
306895,gate_30,0,False,False
306920,gate_30,11,False,False
307029,gate_40,41,True,False
307099,gate_30,5,True,False
307109,gate_30,38,False,False
307206,gate_40,2,False,False
307252,gate_30,5,False,False
307347,gate_30,57,True,False
307418,gate_30,29,True,False
307441,gate_40,113,True,True
307479,gate_40,18,False,False
307537,gate_30,4,False,False
307674,gate_30,45,True,True
307703,gate_40,0,True,True
307714,gate_30,43,False,False
307750,gate_40,0,False,False
307856,gate_40,1,False,False
307991,gate_40,16,False,False
308041,gate_40,52,False,True
308304,gate_30,62,True,True
308340,gate_30,0,False,False
308443,gate_40,100,True,False
308446,gate_30,2,False,False
308471,gate_40,9,False,False
308593,gate_30,11,False,False
308609,gate_40,139,True,True
308663,gate_40,202,True,True
308806,gate_30,69,True,True
308833,gate_40,3,False,False
308949,gate_40,71,True,True
308997,gate_30,28,False,False
309777,gate_30,18,False,False
309798,gate_30,21,False,False
309900,gate_40,25,False,False
309932,gate_30,12,True,False
309945,gate_40,14,False,False
310350,gate_30,28,False,False
310452,gate_40,12,True,False
310626,gate_40,43,True,False
310823,gate_40,39,True,False
310957,gate_30,92,True,False
311333,gate_30,52,True,False
311426,gate_40,600,True,True
311542,gate_30,124,False,False
311850,gate_30,0,False,False
311864,gate_40,8,False,False
311910,gate_30,10,False,False
312092,gate_40,57,True,True
312230,gate_30,7,False,False
312451,gate_40,2,False,False
312664,gate_30,8,False,False
312686,gate_30,109,False,False
312711,gate_40,1,False,False
312838,gate_30,13,True,False
312929,gate_40,85,False,False
313011,gate_30,35,True,True
313141,gate_40,71,True,False
313566,gate_40,67,True,False
313567,gate_40,22,True,False
313613,gate_30,15,False,False
313675,gate_40,2,False,False
313718,gate_30,77,True,False
313836,gate_40,6,False,False
314055,gate_40,18,True,False
314080,gate_40,41,True,True
314144,gate_30,24,False,False
314151,gate_30,4,False,False
314484,gate_40,52,True,True
314581,gate_40,192,False,True
314651,gate_30,28,True,False
314863,gate_30,9,False,False
314930,gate_40,208,True,True
314934,gate_30,414,True,True
314946,gate_40,1,False,False
315034,gate_40,5,False,False
315108,gate_30,227,True,True
315161,gate_30,70,True,True
315281,gate_30,1,False,False
315305,gate_40,27,True,False
315453,gate_30,1,False,False
315563,gate_30,5,False,False
315570,gate_30,223,True,False
315578,gate_30,5,True,False
315657,gate_30,4,False,False
315682,gate_30,93,True,True
315760,gate_40,19,False,False
315817,gate_30,1,False,False
315950,gate_40,116,True,False
316020,gate_30,1,False,False
316021,gate_30,6,False,False
316191,gate_40,211,True,True
316363,gate_40,159,True,False
316459,gate_40,1,False,False
316514,gate_40,17,False,False
316751,gate_30,22,False,False
316860,gate_40,3,False,False
316963,gate_30,3,False,False
317057,gate_30,5,True,False
317304,gate_30,5,False,False
317327,gate_40,94,True,False
317464,gate_40,36,True,False
317747,gate_40,195,True,True
317884,gate_40,165,True,True
317930,gate_40,27,True,True
318114,gate_40,3,False,False
318226,gate_40,141,True,False
318451,gate_30,1,False,False
318461,gate_30,183,True,False
318576,gate_40,11,True,False
318740,gate_40,2,False,False
318814,gate_30,219,True,True
318892,gate_40,149,True,False
318914,gate_30,30,False,False
318936,gate_30,0,False,False
318976,gate_40,33,True,False
319070,gate_40,14,False,False
319255,gate_30,1,False,False
319445,gate_40,2,False,False
319486,gate_30,23,False,True
319568,gate_30,1,False,False
319622,gate_30,18,False,False
319689,gate_40,11,True,True
319697,gate_40,3,False,False
320190,gate_40,20,True,False
320227,gate_40,0,False,False
320244,gate_30,34,False,True
320464,gate_30,54,False,False
320659,gate_40,24,True,False
320742,gate_40,21,False,False
320790,gate_40,288,True,False
320807,gate_40,2,False,False
320866,gate_40,48,False,True
320919,gate_30,8,False,False
320983,gate_40,3,False,False
321088,gate_40,1,False,False
321326,gate_40,12,True,False
321340,gate_40,116,True,True
321369,gate_30,1,False,False
321448,gate_30,8,False,False
321578,gate_30,0,False,False
321707,gate_30,36,True,False
321723,gate_30,6,True,False
321803,gate_40,15,True,False
321832,gate_30,2,False,False
321896,gate_30,3,False,False
322024,gate_30,54,True,True
322256,gate_30,33,True,False
322288,gate_40,238,True,True
322615,gate_40,13,True,True
322702,gate_40,3,False,False
323040,gate_30,67,False,False
323048,gate_30,3,True,False
323089,gate_40,7,False,False
323191,gate_30,12,False,False
323305,gate_30,287,True,True
323577,gate_30,0,False,False
323628,gate_40,144,True,True
323720,gate_40,12,False,False
323786,gate_30,1,False,False
323824,gate_40,18,False,False
323888,gate_40,2,False,False
323910,gate_30,1,False,False
324056,gate_30,13,True,False
324246,gate_30,47,True,False
324252,gate_40,8,False,False
324311,gate_30,37,False,True
324325,gate_30,37,True,False
324407,gate_30,76,True,True
324584,gate_40,1,False,False
324618,gate_40,11,False,False
324656,gate_40,109,True,True
324867,gate_40,229,True,False
324985,gate_40,5,False,False
325039,gate_40,6,False,False
325280,gate_40,86,True,False
325356,gate_40,53,True,True
325384,gate_30,9,True,False
325427,gate_40,35,False,False
325589,gate_40,44,True,False
326212,gate_40,29,True,False
326361,gate_30,4,False,False
326395,gate_30,20,True,False
326803,gate_40,0,False,False
327303,gate_30,99,True,False
327468,gate_40,22,True,False
327488,gate_30,12,False,False
327625,gate_40,14,False,False
327940,gate_40,52,True,False
327957,gate_40,2,False,False
327994,gate_30,0,False,False
328056,gate_40,5,True,False
328123,gate_30,1,False,False
328231,gate_30,12,True,False
328284,gate_30,28,True,False
328352,gate_30,25,False,False
328480,gate_40,76,True,False
328698,gate_30,28,True,True
329001,gate_40,9,False,False
329261,gate_30,216,False,True
329582,gate_30,249,True,True
329701,gate_40,1,False,False
329782,gate_40,3,False,False
329826,gate_40,58,False,False
329888,gate_30,173,True,True
329958,gate_30,667,True,True
329960,gate_40,19,True,False
330173,gate_30,2,False,False
330203,gate_40,5,True,False
330247,gate_30,311,True,True
330475,gate_30,8,False,False
330573,gate_30,8,False,False
330609,gate_30,0,False,False
330650,gate_30,0,False,False
330695,gate_30,25,True,False
330794,gate_40,55,True,False
330933,gate_30,40,True,False
331114,gate_30,17,False,False
331298,gate_30,42,True,False
331332,gate_30,0,False,False
331541,gate_40,1,False,False
331630,gate_40,9,False,False
331668,gate_30,14,False,False
331820,gate_30,167,False,False
331835,gate_30,124,True,False
331882,gate_30,1,False,False
331934,gate_40,82,False,True
332108,gate_30,1,False,False
332688,gate_40,1,False,False
332901,gate_40,10,False,False
332911,gate_30,1,False,False
332918,gate_30,19,True,False
332947,gate_30,5,True,False
333155,gate_30,202,True,False
333168,gate_40,6,False,False
333549,gate_30,8,False,False
333740,gate_40,5,False,False
333806,gate_40,57,True,False
334030,gate_40,44,True,False
334180,gate_30,0,False,False
334323,gate_40,19,False,False
334437,gate_30,6,False,False
334509,gate_40,11,False,False
334624,gate_40,81,False,False
334631,gate_40,2,False,False
334697,gate_40,219,True,False
334782,gate_40,4,True,False
334836,gate_30,112,True,True
334959,gate_40,62,False,False
334973,gate_40,98,True,False
335234,gate_40,1,False,False
335599,gate_40,1,False,False
335984,gate_40,132,True,True
336053,gate_40,6,False,False
336079,gate_40,3,False,False
336189,gate_40,17,False,False
336252,gate_40,114,True,True
336263,gate_30,79,True,False
336398,gate_30,3,False,False
336582,gate_30,57,True,False
336736,gate_30,7,False,False
336781,gate_30,0,False,False
336935,gate_40,39,False,False
336953,gate_30,33,False,False
337650,gate_30,1,False,False
337793,gate_30,118,True,True
338042,gate_40,60,True,False
338092,gate_30,5,False,False
338186,gate_30,8,False,False
338230,gate_30,579,True,True
338295,gate_40,62,False,False
338348,gate_40,13,False,False
338446,gate_40,34,True,False
338557,gate_40,24,False,False
338571,gate_40,58,False,False
338642,gate_40,11,True,False
338848,gate_30,0,False,False
338919,gate_40,20,False,False
339066,gate_40,33,False,False
339079,gate_30,6,False,False
339091,gate_30,4,False,False
339102,gate_40,24,False,False
339125,gate_40,8,False,False
339149,gate_40,170,True,True
339351,gate_40,14,False,False
339435,gate_30,10,False,False
339436,gate_30,8,False,False
339511,gate_40,23,False,False
339557,gate_40,2,False,False
339762,gate_30,2,False,False
339817,gate_30,23,False,False
340043,gate_40,28,True,False
340107,gate_40,69,False,False
340224,gate_30,27,True,False
340495,gate_40,7,False,False
340597,gate_40,37,False,False
340627,gate_30,170,True,True
340663,gate_30,15,True,False
340666,gate_40,2,False,False
340686,gate_40,42,False,False
340693,gate_40,68,False,True
340749,gate_40,0,False,False
340787,gate_30,60,True,False
340974,gate_40,4,False,False
341156,gate_40,14,False,False
341256,gate_40,46,True,False
341402,gate_40,33,False,False
341445,gate_40,43,False,False
341500,gate_30,39,False,False
341637,gate_40,6,False,False
341746,gate_40,324,True,True
341795,gate_40,45,True,False
341942,gate_40,302,True,True
342058,gate_30,1,False,False
342385,gate_30,24,True,False
342560,gate_40,15,True,False
342699,gate_30,15,False,False
342740,gate_30,70,True,False
342877,gate_30,35,False,False
342950,gate_30,4,False,False
343237,gate_30,2,False,False
343263,gate_40,2,True,False
343327,gate_40,114,True,True
343565,gate_30,56,True,True
344036,gate_30,93,True,False
344209,gate_40,372,True,True
344689,gate_40,16,True,False
344751,gate_30,31,True,False
344901,gate_40,10,False,False
345029,gate_40,28,True,False
345043,gate_40,5,False,False
345217,gate_40,32,True,False
345308,gate_30,101,True,False
345411,gate_40,33,True,False
345440,gate_40,7,False,False
345444,gate_30,12,False,False
345570,gate_40,4,False,False
345620,gate_40,8,False,False
345730,gate_30,27,False,True
345891,gate_40,0,False,False
345950,gate_30,1,False,False
346304,gate_40,2,True,False
346381,gate_30,66,True,False
346576,gate_40,19,True,False
346661,gate_30,116,True,True
346778,gate_40,3,False,False
346828,gate_40,1,False,False
346884,gate_30,6,False,False
347245,gate_40,0,False,False
347603,gate_40,28,True,False
347739,gate_30,1,False,False
347818,gate_40,72,True,False
347906,gate_30,19,False,False
348310,gate_40,3,False,False
348409,gate_40,2,False,False
348508,gate_40,2,False,False
348530,gate_40,975,True,True
348776,gate_30,4,True,True
348817,gate_30,46,True,False
348880,gate_40,90,True,True
348903,gate_40,41,True,False
348969,gate_30,2,True,False
349072,gate_30,4,False,False
349111,gate_30,4,True,False
349257,gate_30,38,True,False
349286,gate_30,6,False,False
349389,gate_40,7,False,False
349424,gate_40,61,False,False
349885,gate_30,51,True,False
349946,gate_30,2,False,False
350229,gate_30,15,False,False
350455,gate_30,14,True,False
350586,gate_30,70,True,True
350614,gate_40,63,False,False
350675,gate_40,62,True,False
350909,gate_40,1,False,False
350956,gate_40,11,True,False
351078,gate_40,2,False,False
351545,gate_40,20,False,False
351583,gate_30,28,False,True
351705,gate_30,6,False,False
351719,gate_40,1,False,False
351879,gate_40,57,False,False
351941,gate_30,20,True,False
352016,gate_30,14,False,False
352076,gate_30,11,False,False
352091,gate_30,45,False,True
352246,gate_30,44,False,False
352411,gate_40,8,True,False
352594,gate_30,3,False,False
352892,gate_40,25,False,False
352985,gate_40,83,True,False
353322,gate_30,2,False,False
353367,gate_40,18,True,False
353434,gate_40,4,False,False
353584,gate_40,34,False,False
353746,gate_40,2,False,False
353816,gate_40,8,False,False
354058,gate_30,9,False,False
354165,gate_30,5,True,False
354224,gate_30,2,False,True
354258,gate_40,7,False,False
354470,gate_30,51,True,False
354504,gate_30,13,False,False
354521,gate_30,42,True,False
354651,gate_40,73,True,False
354768,gate_40,29,True,False
354830,gate_30,2,False,False
354831,gate_40,1,False,False
354843,gate_30,164,True,False
354962,gate_30,24,False,False
354995,gate_30,6,False,False
354996,gate_40,220,True,True
355102,gate_30,9,False,False
355305,gate_30,4,False,False
355365,gate_30,7,False,False
355426,gate_40,4,False,False
355468,gate_30,3,False,False
355478,gate_30,17,True,False
355680,gate_30,253,True,False
355749,gate_30,114,True,True
355939,gate_40,0,False,False
355993,gate_30,215,False,True
356354,gate_40,58,True,False
356468,gate_40,9,False,False
356475,gate_40,83,True,False
356618,gate_30,3,True,False
356646,gate_40,16,False,False
356663,gate_30,341,True,True
356932,gate_30,4,True,False
357036,gate_30,6,False,False
357087,gate_30,8,False,False
357103,gate_30,19,False,False
357138,gate_40,7,True,False
357366,gate_30,8,True,False
357525,gate_40,19,False,False
357639,gate_30,115,True,False
357702,gate_40,10,False,False
357845,gate_30,241,True,True
358029,gate_40,10,False,False
358040,gate_30,1,False,False
358457,gate_40,6,False,False
358557,gate_40,24,False,False
358637,gate_40,13,True,False
358649,gate_40,19,True,False
358682,gate_30,6,False,False
358684,gate_30,330,True,True
358843,gate_30,7,True,False
359234,gate_40,5,False,False
359350,gate_40,47,True,True
359352,gate_30,1,False,False
359354,gate_40,25,True,False
359378,gate_40,10,True,False
359399,gate_30,30,True,False
359587,gate_40,10,False,False
359728,gate_30,122,True,True
359745,gate_40,32,False,False
359996,gate_30,217,False,True
360266,gate_30,50,True,False
360528,gate_40,17,False,False
360733,gate_30,15,False,False
360759,gate_30,132,True,False
360866,gate_30,4,False,True
361125,gate_40,246,True,True
361260,gate_40,38,True,False
361278,gate_40,2,False,False
361396,gate_40,1,False,False
361511,gate_40,82,True,False
361538,gate_30,2,False,False
361765,gate_40,4,False,False
361940,gate_30,4,True,False
361942,gate_40,35,True,False
362102,gate_30,4,False,False
362274,gate_30,7,True,False
362284,gate_40,1,False,False
362420,gate_40,76,True,True
362440,gate_30,69,True,True
362481,gate_40,13,False,False
362500,gate_30,15,False,False
362602,gate_30,18,True,False
362728,gate_30,3,False,False
363086,gate_30,3,False,False
363204,gate_30,17,True,False
363287,gate_30,39,True,False
363446,gate_40,3,False,False
363575,gate_40,136,True,True
363809,gate_30,0,False,False
364051,gate_40,31,False,False
364115,gate_40,137,True,True
364127,gate_30,3,False,False
364168,gate_40,66,True,False
364204,gate_40,44,False,False
364393,gate_30,9,False,False
364436,gate_40,7,False,False
364522,gate_30,8,False,False
364635,gate_30,7,False,False
364656,gate_40,2,False,False
364715,gate_30,1,False,False
364733,gate_30,5,False,False
364769,gate_40,149,True,True
364839,gate_30,17,True,False
364901,gate_30,13,False,False
364935,gate_40,8,False,False
364958,gate_40,24,True,False
364966,gate_40,5,False,False
365000,gate_30,4,False,False
365078,gate_30,14,False,False
365194,gate_30,14,False,False
365300,gate_40,65,True,False
365395,gate_40,31,True,False
365537,gate_40,3,False,False
365570,gate_30,113,True,True
365597,gate_30,16,False,False
365759,gate_40,3,False,False
365904,gate_30,21,False,False
365918,gate_30,61,True,False
365939,gate_30,1,False,False
365960,gate_40,6,False,False
366035,gate_40,11,False,False
366115,gate_30,8,False,False
366148,gate_30,0,False,False
366196,gate_40,3,False,False
366213,gate_30,294,True,True
366343,gate_30,71,True,False
366880,gate_30,34,True,True
366990,gate_30,190,True,False
366999,gate_30,62,True,False
367125,gate_40,113,True,True
367135,gate_40,6,False,False
367281,gate_40,33,False,False
367541,gate_40,21,True,False
367642,gate_30,28,False,False
367867,gate_30,12,False,False
367959,gate_40,5,True,False
368059,gate_30,5,False,False
368335,gate_30,15,True,False
368479,gate_40,30,False,False
368547,gate_30,20,True,False
368559,gate_30,12,False,False
368742,gate_40,16,False,False
368794,gate_30,9,True,False
368805,gate_30,42,True,True
368973,gate_40,1,False,False
369076,gate_40,66,True,False
369092,gate_40,18,False,False
369128,gate_40,40,True,False
369150,gate_30,27,True,False
369151,gate_30,154,True,False
369193,gate_40,66,False,False
369230,gate_30,65,True,True
369288,gate_40,70,False,False
369342,gate_30,30,False,True
369402,gate_30,4,False,False
369522,gate_30,237,True,True
369597,gate_30,16,False,False
369614,gate_30,122,True,False
369732,gate_40,331,True,True
369846,gate_40,2,False,False
369849,gate_40,197,True,True
370095,gate_30,8,True,False
370152,gate_30,0,False,False
370381,gate_40,0,False,False
370391,gate_30,26,True,False
370747,gate_30,32,False,False
370791,gate_40,6,False,True
370989,gate_30,16,True,False
371064,gate_30,7,False,False
371112,gate_40,95,True,True
371139,gate_40,14,True,False
371237,gate_30,28,False,False
371320,gate_30,54,True,False
371366,gate_30,149,True,True
372011,gate_30,0,False,False
372206,gate_30,0,False,False
372563,gate_40,19,True,False
372577,gate_30,20,False,False
372729,gate_30,2,False,False
372834,gate_40,135,True,False
372977,gate_30,84,True,True
373056,gate_30,14,False,False
373174,gate_30,15,False,False
373239,gate_40,3,False,False
373247,gate_40,1,False,False
373248,gate_30,25,True,False
373279,gate_30,69,False,False
373529,gate_40,4,False,False
373592,gate_40,1,False,False
373683,gate_40,45,True,False
373877,gate_40,2,False,False
373990,gate_30,66,True,True
374029,gate_30,0,False,False
374075,gate_40,1,False,False
374117,gate_40,9,False,False
374188,gate_40,14,False,False
374399,gate_40,33,False,False
374439,gate_30,21,True,False
374668,gate_40,298,True,True
374787,gate_40,22,False,False
374809,gate_40,19,False,False
374894,gate_30,33,False,False
374940,gate_30,126,True,True
374943,gate_30,227,True,True
375105,gate_30,33,True,True
375172,gate_40,26,False,False
375205,gate_30,206,True,False
375471,gate_40,3,False,False
375502,gate_40,1,False,False
375649,gate_30,8,True,False
375657,gate_30,785,True,True
375673,gate_40,17,True,False
375690,gate_40,3,False,False
375741,gate_40,4,False,False
375742,gate_40,10,False,False
375819,gate_30,3,False,False
375883,gate_30,22,False,False
376047,gate_30,22,True,False
376057,gate_30,134,False,True
376089,gate_30,83,True,False
376201,gate_30,10,False,False
376530,gate_40,103,True,False
376569,gate_30,35,True,False
376764,gate_30,33,True,False
376934,gate_30,177,False,True
377066,gate_40,5,False,False
377121,gate_40,53,True,False
377538,gate_30,5,True,False
377713,gate_40,5,False,False
377742,gate_30,3,False,False
378039,gate_40,1,False,False
378131,gate_40,3,True,False
378208,gate_40,947,True,True
378222,gate_30,2,False,False
378438,gate_30,429,True,True
378549,gate_30,15,False,False
378647,gate_30,90,True,True
379100,gate_40,4,False,False
379105,gate_30,10,False,False
379349,gate_30,346,True,True
379436,gate_30,84,False,False
379531,gate_40,25,True,True
379787,gate_30,2,True,False
379832,gate_40,21,False,False
379836,gate_40,3,False,False
379977,gate_40,0,False,False
380111,gate_40,53,True,True
380206,gate_40,1,False,False
380245,gate_30,11,False,False
380264,gate_40,33,True,True
380366,gate_30,182,True,True
380447,gate_40,3,False,False
380476,gate_40,4,True,False
380489,gate_30,30,True,False
380690,gate_40,26,True,True
380760,gate_30,16,False,False
380930,gate_30,92,False,True
380963,gate_30,34,True,False
380975,gate_30,10,False,False
381233,gate_40,34,True,False
381339,gate_30,60,False,True
381410,gate_40,14,True,False
381448,gate_30,21,False,False
381459,gate_40,12,False,False
381747,gate_40,8,False,False
381938,gate_30,42,False,True
382063,gate_30,1,False,False
382205,gate_40,18,False,False
382344,gate_30,20,False,False
382439,gate_40,236,True,True
382523,gate_30,16,True,False
382591,gate_40,4,False,False
382724,gate_40,18,False,False
382813,gate_40,2,False,False
382905,gate_30,213,True,False
382969,gate_30,14,False,False
383258,gate_30,8,True,True
383425,gate_40,6,False,False
383494,gate_40,47,True,False
383679,gate_40,6,False,False
383936,gate_40,137,False,True
383973,gate_30,5,False,False
383995,gate_30,1,False,False
384168,gate_30,92,True,True
384329,gate_30,4,False,False
384350,gate_40,3,False,False
384384,gate_30,6,False,False
384388,gate_40,14,False,False
384453,gate_40,52,True,False
384647,gate_40,3,False,False
384746,gate_40,2,False,False
385020,gate_30,0,False,False
385171,gate_40,32,False,True
385221,gate_30,65,True,False
385313,gate_30,35,True,True
385491,gate_30,124,True,True
385516,gate_30,14,False,False
385579,gate_30,229,True,True
385619,gate_40,16,True,False
385690,gate_30,7,False,False
385709,gate_30,8,False,True
385720,gate_30,4,False,False
385863,gate_30,17,True,False
385903,gate_30,9,False,False
386111,gate_30,70,True,False
386270,gate_30,27,True,False
386296,gate_30,2,False,False
386369,gate_40,284,True,False
386538,gate_40,97,True,False
386608,gate_30,107,True,True
386696,gate_40,96,True,False
386733,gate_40,62,True,False
386739,gate_40,6,False,False
386860,gate_30,3,False,False
387104,gate_40,7,True,False
387127,gate_40,6,False,False
387210,gate_40,9,True,False
387258,gate_30,97,True,False
387297,gate_40,2,False,False
387361,gate_40,6,False,False
387490,gate_30,7,False,False
387515,gate_40,13,False,False
387517,gate_30,6,True,False
387785,gate_40,513,True,True
387797,gate_30,46,True,False
387979,gate_40,1,False,False
388249,gate_30,29,True,False
388419,gate_40,23,True,False
388467,gate_40,16,True,False
388830,gate_40,2,False,False
388889,gate_40,38,False,False
389019,gate_40,147,True,False
389215,gate_30,105,True,False
389286,gate_30,10,False,False
389318,gate_40,1,False,False
389453,gate_40,10,False,False
389471,gate_30,38,True,False
389556,gate_40,4,False,False
389624,gate_30,112,True,False
389687,gate_30,55,False,True
389691,gate_30,0,False,False
389849,gate_40,40,True,False
390041,gate_40,0,False,False
390053,gate_30,1,False,False
390143,gate_30,197,True,True
390151,gate_40,1,False,False
390166,gate_30,34,False,False
390288,gate_30,6,True,False
390377,gate_30,73,True,False
390382,gate_30,3,False,False
390405,gate_30,167,False,True
390538,gate_30,2,False,False
390649,gate_40,1,False,False
390790,gate_30,22,True,False
390818,gate_30,373,True,False
390874,gate_30,0,False,False
391161,gate_30,4,False,False
391484,gate_30,0,False,False
391522,gate_30,40,True,False
391808,gate_30,133,False,True
391832,gate_40,131,True,True
391926,gate_40,2,False,False
392034,gate_40,37,True,False
392052,gate_40,6,False,False
392079,gate_30,14,False,False
392102,gate_40,1,False,False
392149,gate_40,12,False,False
392282,gate_40,113,True,True
392644,gate_30,8,False,False
393055,gate_40,17,False,False
393166,gate_40,17,False,False
393315,gate_30,3,False,False
393402,gate_40,22,False,False
393412,gate_40,8,False,False
393522,gate_30,9,False,False
393656,gate_30,75,True,False
393729,gate_30,3,False,False
393897,gate_40,0,False,False
394095,gate_40,8,True,False
394106,gate_40,14,False,False
394163,gate_40,1,False,False
394257,gate_40,4,False,True
394341,gate_40,2,False,False
394532,gate_30,24,False,False
394752,gate_40,1,False,False
394754,gate_40,4,False,False
394789,gate_30,25,False,False
394937,gate_40,19,False,False
395064,gate_30,1,False,False
395156,gate_30,6,False,False
395294,gate_40,4,True,False
395305,gate_30,7,True,False
395406,gate_30,18,True,False
395411,gate_40,45,True,False
395588,gate_40,0,False,False
395707,gate_30,20,True,False
395975,gate_30,4,True,False
396129,gate_40,20,True,False
396416,gate_30,11,False,False
396541,gate_40,104,True,False
396702,gate_30,253,True,True
396803,gate_30,14,True,False
397171,gate_40,23,True,False
397211,gate_40,31,True,False
397246,gate_40,31,False,True
397308,gate_30,17,True,False
397322,gate_30,10,False,False
397329,gate_30,4,False,False
397333,gate_30,14,True,False
397341,gate_40,22,False,False
397388,gate_40,20,True,False
397579,gate_40,13,False,False
397793,gate_30,67,True,False
397874,gate_30,14,False,False
397904,gate_40,78,False,False
398085,gate_30,454,True,True
398151,gate_30,14,False,False
398227,gate_40,270,True,False
398238,gate_30,40,False,False
398438,gate_40,1,False,False
398645,gate_40,19,False,False
398647,gate_40,83,True,False
398753,gate_40,3,False,False
398801,gate_40,45,True,True
398917,gate_30,34,True,False
399150,gate_30,32,False,False
399177,gate_40,10,False,False
399211,gate_30,27,True,False
399562,gate_40,45,True,False
399753,gate_40,21,True,False
400155,gate_30,12,False,False
400185,gate_40,7,False,False
400212,gate_40,11,False,False
400251,gate_40,9,True,False
400320,gate_40,188,True,True
400336,gate_30,49,True,False
400359,gate_30,248,True,False
400492,gate_40,137,False,True
400510,gate_30,1,False,False
400536,gate_40,61,False,False
400572,gate_30,6,False,False
400619,gate_30,14,True,True
400691,gate_30,2,False,False
400794,gate_30,22,True,True
400968,gate_30,2,False,False
401304,gate_40,5,True,False
401652,gate_30,16,False,False
401693,gate_40,118,True,False
401778,gate_30,3,False,False
402272,gate_40,6,False,False
402354,gate_40,2,False,False
402425,gate_40,42,False,False
402454,gate_30,19,True,False
402485,gate_40,47,False,False
402916,gate_30,49,False,False
403152,gate_30,5,False,False
403383,gate_40,434,True,True
403460,gate_40,14,True,False
403794,gate_30,4,False,False
404167,gate_40,55,True,False
404642,gate_40,72,True,True
404726,gate_40,25,False,False
404874,gate_30,61,True,True
404932,gate_40,23,False,False
405089,gate_40,6,False,False
405158,gate_40,26,True,False
405190,gate_30,15,True,False
405217,gate_40,15,False,False
405327,gate_40,137,True,False
405380,gate_40,50,True,True
405466,gate_30,35,False,True
405971,gate_30,442,True,True
406081,gate_40,1,False,False
406185,gate_30,7,False,False
406200,gate_40,4,False,False
406201,gate_30,11,False,False
406202,gate_40,16,False,False
406211,gate_30,2,False,False
406470,gate_30,112,True,False
406701,gate_40,9,False,False
406737,gate_40,461,True,True
406812,gate_30,261,True,True
407091,gate_40,164,False,False
407258,gate_30,258,False,True
407313,gate_30,51,True,False
407365,gate_40,29,True,True
407396,gate_30,9,True,False
407492,gate_30,29,True,True
407521,gate_40,90,False,False
407576,gate_30,4,False,False
407592,gate_40,2,False,False
407774,gate_40,2,True,False
407824,gate_40,5,False,False
407828,gate_40,174,True,True
408030,gate_40,2,False,False
408180,gate_30,14,False,False
408273,gate_40,4,False,False
408318,gate_40,59,True,True
408623,gate_40,5,False,False
408682,gate_40,8,True,False
408712,gate_40,19,False,False
408750,gate_40,1,False,False
408862,gate_40,10,False,True
408875,gate_40,11,True,False
409083,gate_30,11,True,False
409145,gate_40,3,False,False
409166,gate_30,2,False,False
409388,gate_30,1,False,False
409519,gate_30,42,True,False
409570,gate_30,70,True,False
409641,gate_30,10,False,False
409645,gate_30,17,True,False
409679,gate_40,40,True,False
409780,gate_40,1,False,False
409863,gate_40,338,True,True
410025,gate_40,50,True,False
410165,gate_30,33,True,False
410565,gate_30,59,True,False
410568,gate_30,5,False,False
410726,gate_30,6,False,False
410921,gate_30,25,False,False
411506,gate_30,24,True,False
411862,gate_40,1,False,False
411955,gate_30,20,False,False
411997,gate_40,8,False,False
412011,gate_30,39,True,False
412056,gate_30,36,True,False
412116,gate_40,17,True,False
412147,gate_30,11,False,False
412310,gate_30,11,False,False
412334,gate_30,46,False,False
412584,gate_40,7,True,False
412812,gate_40,3,False,False
412989,gate_40,111,False,False
413042,gate_40,160,True,False
413323,gate_40,52,True,False
413477,gate_40,86,True,False
413513,gate_40,4,True,False
413543,gate_30,126,False,True
413730,gate_30,11,False,False
413749,gate_30,17,False,False
413870,gate_30,276,True,True
413896,gate_40,16,False,False
414066,gate_30,72,True,True
414136,gate_30,37,True,False
414145,gate_30,39,True,True
414474,gate_40,24,False,True
414509,gate_30,24,True,False
414634,gate_30,3,False,False
414756,gate_40,87,True,False
414800,gate_30,31,True,True
414906,gate_30,96,True,False
415105,gate_30,2,False,False
415170,gate_30,258,True,True
415253,gate_30,3,False,False
415267,gate_30,144,True,True
415285,gate_40,3,False,False
415289,gate_30,38,False,False
415301,gate_30,1,False,False
415376,gate_40,51,True,False
415397,gate_40,12,False,False
415476,gate_30,2,False,False
415496,gate_40,240,True,True
415566,gate_30,70,True,False
415637,gate_40,8,False,False
415726,gate_40,0,False,False
415969,gate_40,10,False,False
416094,gate_30,134,True,True
416152,gate_40,45,True,False
416411,gate_40,219,True,False
416484,gate_30,17,False,False
416489,gate_30,9,False,False
416580,gate_40,96,True,False
416655,gate_40,24,False,False
416674,gate_30,28,True,False
416835,gate_30,121,True,True
416942,gate_30,3,False,False
417079,gate_40,65,False,False
417081,gate_40,2,False,False
417263,gate_40,94,True,True
417275,gate_30,6,False,False
417339,gate_30,120,True,False
417441,gate_30,0,False,False
417578,gate_40,189,True,False
417687,gate_30,10,False,False
417699,gate_40,180,True,True
417759,gate_40,8,False,False
417812,gate_40,38,True,False
417990,gate_30,11,False,True
418174,gate_40,12,False,False
418300,gate_30,9,False,False
418421,gate_40,56,True,False
418453,gate_30,157,False,False
418516,gate_30,223,True,True
418547,gate_30,181,True,True
418765,gate_30,50,True,True
418964,gate_40,521,True,True
419017,gate_30,2,False,False
419119,gate_30,6,True,False
419275,gate_30,162,True,False
419413,gate_40,66,True,True
419938,gate_30,88,True,True
420106,gate_30,7,False,False
420160,gate_40,5,False,False
420191,gate_30,1,False,False
420304,gate_30,6,True,False
420361,gate_40,1,False,False
420909,gate_40,18,True,False
420974,gate_40,11,False,False
421116,gate_30,9,True,False
421176,gate_30,1,False,False
421456,gate_40,1,False,False
421579,gate_40,2,False,False
421739,gate_30,4,False,False
421947,gate_30,4,False,False
421969,gate_40,927,True,True
422171,gate_40,23,True,False
422218,gate_40,26,True,False
422229,gate_40,21,True,False
422297,gate_30,4,False,False
422366,gate_30,17,True,False
422374,gate_40,10,False,False
422461,gate_30,2,True,False
422697,gate_30,7,False,False
422764,gate_40,1,False,False
422804,gate_40,37,True,False
422836,gate_40,4,False,True
422858,gate_30,8,False,False
422909,gate_30,0,False,False
423012,gate_30,90,True,False
423014,gate_30,85,True,False
423159,gate_40,2,False,False
423265,gate_40,78,True,False
423281,gate_30,1,False,False
423527,gate_40,7,False,False
423766,gate_30,48,True,True
423856,gate_30,48,True,False
423879,gate_40,92,True,True
423996,gate_30,53,False,False
424389,gate_30,1,False,False
424407,gate_40,62,True,True
424474,gate_40,30,False,True
424521,gate_40,11,False,False
424620,gate_40,16,False,True
424793,gate_40,0,False,False
424956,gate_40,34,False,False
425051,gate_30,343,True,True
425114,gate_30,55,True,False
425199,gate_40,3,False,False
425282,gate_30,0,False,False
425339,gate_30,9,False,False
425357,gate_40,15,False,False
425359,gate_30,23,True,False
425471,gate_30,39,False,False
425532,gate_30,4,False,False
425620,gate_40,14,True,False
425762,gate_30,30,True,False
425844,gate_40,6,False,False
426243,gate_40,4,False,False
426280,gate_40,4,False,False
426403,gate_40,11,False,False
426708,gate_40,0,False,False
426777,gate_40,75,True,False
427328,gate_30,2,False,False
427420,gate_30,32,False,False
427607,gate_30,1,False,False
427637,gate_30,11,False,False
427638,gate_30,8,True,False
427694,gate_30,10,False,False
427849,gate_40,11,True,False
427851,gate_30,42,True,False
427860,gate_30,3,False,False
428096,gate_40,91,False,False
428136,gate_30,1,False,False
428184,gate_30,3,False,False
428248,gate_30,14,True,False
428253,gate_40,139,False,True
428393,gate_40,18,True,False
428424,gate_40,23,False,False
428447,gate_40,4,False,False
428747,gate_40,95,True,False
428970,gate_40,5,False,False
429058,gate_30,15,False,False
429137,gate_40,152,True,True
429237,gate_40,37,False,False
429306,gate_30,2,False,False
429351,gate_40,21,True,False
429532,gate_40,136,True,True
429542,gate_40,1,False,False
429579,gate_40,51,True,False
429583,gate_40,27,False,False
429838,gate_40,3,False,False
429891,gate_40,2,False,False
429922,gate_30,13,False,False
430020,gate_30,1,False,False
430079,gate_40,2,False,False
430106,gate_30,6,False,False
430294,gate_30,5,False,False
430337,gate_40,41,True,False
430342,gate_40,37,False,False
430406,gate_40,41,True,False
430452,gate_40,102,True,False
430782,gate_30,166,False,False
430913,gate_30,54,True,False
430991,gate_40,48,False,False
431061,gate_30,282,True,True
431225,gate_40,1,False,False
431355,gate_30,21,False,False
431464,gate_40,39,True,False
431540,gate_40,75,False,False
431826,gate_40,11,True,False
432388,gate_40,12,True,False
432438,gate_40,9,False,False
432452,gate_40,2,False,False
432519,gate_30,258,True,False
432550,gate_30,12,True,True
432574,gate_40,11,False,False
432617,gate_30,20,False,False
432658,gate_30,30,False,False
432661,gate_40,9,False,False
432876,gate_30,89,False,False
433038,gate_30,296,True,True
433272,gate_30,13,False,False
433364,gate_40,4,False,False
433403,gate_40,19,False,False
434321,gate_30,51,True,True
434351,gate_30,2,False,False
434486,gate_30,8,True,False
434603,gate_40,24,False,False
434677,gate_30,9,False,False
434855,gate_40,11,False,False
434856,gate_40,2,False,False
434863,gate_40,27,True,False
434884,gate_40,22,True,True
434889,gate_30,65,True,False
435078,gate_40,50,True,False
435127,gate_30,11,False,False
435422,gate_40,7,False,False
435484,gate_40,135,True,True
435493,gate_30,244,True,True
435663,gate_30,11,False,False
435761,gate_30,3,False,False
435957,gate_30,51,True,False
436389,gate_40,6,False,False
436646,gate_30,23,False,False
436730,gate_40,378,False,False
436767,gate_30,151,True,True
436851,gate_40,0,False,False
436913,gate_30,3,False,False
437151,gate_30,11,False,False
437214,gate_30,95,True,False
437247,gate_40,62,True,False
437286,gate_30,2,False,False
437323,gate_40,19,True,False
437359,gate_30,0,False,False
437366,gate_30,13,True,False
437393,gate_40,16,True,True
437425,gate_30,3,False,False
437677,gate_30,1,False,False
437752,gate_40,1,False,False
437754,gate_30,2,True,False
437944,gate_40,48,True,False
437999,gate_40,0,False,False
438030,gate_30,8,False,False
438286,gate_30,8,False,False
438653,gate_30,107,True,True
438787,gate_40,9,True,False
438794,gate_40,129,True,True
439010,gate_40,0,False,False
439054,gate_40,1,False,False
439099,gate_30,4,False,False
439106,gate_30,19,True,False
439111,gate_30,216,True,True
439254,gate_40,1,False,False
439403,gate_40,9,False,False
439555,gate_40,11,False,False
439596,gate_30,38,True,False
439660,gate_30,0,False,False
439669,gate_30,150,True,True
439687,gate_40,24,True,True
439715,gate_30,183,True,True
439847,gate_40,15,True,False
439887,gate_40,176,True,True
439904,gate_30,8,False,False
439981,gate_40,9,False,False
440142,gate_40,12,False,False
440228,gate_30,132,True,True
440275,gate_30,40,True,False
440290,gate_40,199,True,True
440400,gate_40,20,False,True
440640,gate_40,1,False,False
440747,gate_40,63,False,False
440885,gate_30,8,False,False
440951,gate_30,3,False,False
440990,gate_30,11,False,False
441063,gate_30,0,False,False
441149,gate_40,1,False,False
441226,gate_30,7,True,False
441561,gate_40,178,False,True
441597,gate_40,20,True,False
441632,gate_30,75,False,False
441663,gate_40,4,False,False
441801,gate_40,5,False,False
442051,gate_40,0,False,False
442217,gate_30,47,True,False
442299,gate_40,342,True,True
442463,gate_40,13,True,False
442819,gate_30,0,True,False
442878,gate_30,97,True,False
442896,gate_40,4,False,False
442940,gate_40,619,True,True
442956,gate_30,5,False,False
443040,gate_40,108,True,True
443596,gate_40,2,False,False
443638,gate_30,13,False,False
443814,gate_40,26,False,False
443928,gate_40,49,True,False
443985,gate_30,38,True,True
443998,gate_40,8,True,False
444018,gate_40,1,False,False
444034,gate_30,521,True,True
444091,gate_40,3,True,False
444112,gate_30,18,True,False
444374,gate_40,0,False,False
444439,gate_30,45,True,False
444578,gate_40,48,True,False
444651,gate_30,108,True,True
444719,gate_30,18,True,False
444760,gate_30,165,True,True
444951,gate_40,24,True,False
444967,gate_30,62,False,True
444995,gate_30,10,False,False
445115,gate_40,6,True,False
445212,gate_30,41,True,True
445228,gate_30,95,True,True
445266,gate_30,97,True,True
445575,gate_40,10,False,False
445648,gate_30,2,False,False
445659,gate_40,58,True,False
445874,gate_40,4,False,False
445875,gate_30,145,True,True
445917,gate_40,21,True,False
446077,gate_40,4,False,False
446169,gate_40,177,True,True
446248,gate_30,9,False,False
446264,gate_40,49,False,False
446393,gate_30,9,False,False
446500,gate_30,36,True,False
446618,gate_30,19,True,False
446629,gate_40,41,True,False
446695,gate_30,8,False,False
446734,gate_30,4,False,False
446820,gate_30,0,False,False
447281,gate_30,4,False,False
447440,gate_30,14,True,False
447539,gate_40,14,True,False
447616,gate_30,82,True,False
447622,gate_40,21,True,False
447871,gate_30,2,False,False
447872,gate_40,9,True,False
448024,gate_30,6,False,False
448390,gate_40,0,False,False
448400,gate_40,14,False,False
448497,gate_40,19,True,False
448612,gate_40,3,False,False
448809,gate_40,1,False,False
448850,gate_40,344,True,True
448871,gate_40,22,True,False
448887,gate_30,387,True,True
449099,gate_40,11,True,False
449336,gate_40,23,True,False
449359,gate_40,17,True,False
449547,gate_40,8,False,False
449653,gate_40,8,False,False
449705,gate_30,0,False,False
449735,gate_30,0,False,False
449779,gate_40,7,True,False
449998,gate_40,19,True,True
450082,gate_30,178,True,True
450167,gate_30,40,True,False
450257,gate_40,3,False,False
450715,gate_30,8,False,False
450810,gate_40,264,True,True
450875,gate_40,204,True,True
450934,gate_40,10,True,False
450969,gate_30,29,False,False
451000,gate_30,3,False,False
451262,gate_30,112,True,False
451326,gate_30,67,True,False
451577,gate_30,5,False,False
451613,gate_30,83,True,True
451760,gate_40,105,True,False
451838,gate_40,15,False,False
451863,gate_40,2,False,False
452068,gate_40,166,True,True
452243,gate_40,1,False,False
452339,gate_30,27,True,False
452396,gate_40,2,False,False
452679,gate_40,84,True,True
452743,gate_30,1,False,False
452811,gate_30,0,False,False
452833,gate_30,60,True,False
452904,gate_30,0,False,False
452928,gate_40,51,True,False
453090,gate_30,34,True,False
453203,gate_40,21,True,False
453251,gate_30,0,False,False
453312,gate_30,76,True,True
453347,gate_30,9,False,False
453898,gate_40,3,False,False
453999,gate_30,9,True,False
454114,gate_30,6,False,False
454182,gate_30,20,False,False
454338,gate_30,1,False,False
454495,gate_30,20,False,False
454657,gate_30,32,True,False
454832,gate_30,19,True,False
454920,gate_40,34,True,True
455088,gate_30,20,False,False
455169,gate_30,265,True,False
455197,gate_40,85,True,False
455258,gate_40,7,False,False
455322,gate_40,27,False,False
455560,gate_30,34,False,False
455725,gate_30,5,False,False
455748,gate_30,20,False,False
455789,gate_40,2,False,False
455793,gate_30,17,True,False
455881,gate_40,78,True,True
455957,gate_30,256,False,True
456118,gate_40,17,True,False
456142,gate_40,19,True,False
456244,gate_30,89,True,False
456279,gate_30,58,True,False
456416,gate_40,24,True,False
456652,gate_40,8,False,False
456679,gate_40,25,True,False
456690,gate_40,29,True,False
456718,gate_30,55,True,False
456771,gate_40,1,False,False
457049,gate_40,85,True,False
457064,gate_30,265,True,True
457088,gate_40,55,True,True
457098,gate_30,27,False,False
457309,gate_30,19,False,False
457459,gate_30,39,True,False
457478,gate_40,51,True,False
457641,gate_40,296,True,True
457780,gate_30,95,True,False
457890,gate_40,168,True,False
458065,gate_40,85,True,True
458389,gate_30,14,False,False
458600,gate_40,3,False,False
458695,gate_40,165,True,True
458869,gate_40,68,True,False
459037,gate_30,14,False,False
459323,gate_30,233,False,True
459375,gate_40,2,False,False
459455,gate_40,4,False,False
459624,gate_40,5,False,False
459867,gate_30,1,False,True
459929,gate_40,1,True,False
460077,gate_40,37,False,False
460185,gate_30,65,True,True
460471,gate_40,8,False,False
460764,gate_40,83,True,True
460827,gate_30,27,False,False
460918,gate_40,9,False,False
460952,gate_30,171,True,False
461093,gate_40,5,True,False
461211,gate_40,42,True,False
461690,gate_40,9,False,False
461812,gate_40,31,True,True
461859,gate_30,0,False,False
461972,gate_30,1,False,False
461975,gate_30,56,True,False
462036,gate_30,16,False,False
462199,gate_40,18,True,False
462331,gate_30,9,False,False
462415,gate_30,4,False,False
462514,gate_40,0,False,False
462624,gate_30,37,True,False
462766,gate_30,227,True,True
462996,gate_30,1,False,False
463034,gate_40,52,True,False
463347,gate_30,59,False,True
463374,gate_40,106,True,False
463390,gate_30,10,False,False
463509,gate_30,3,False,False
463618,gate_40,19,True,False
463709,gate_40,4,False,False
464037,gate_30,2,False,False
464095,gate_40,4,False,False
464326,gate_30,93,True,True
464337,gate_40,27,False,False
464344,gate_30,25,True,False
464438,gate_40,5,False,False
464471,gate_40,2,True,False
464483,gate_40,7,False,False
464628,gate_30,42,True,False
464679,gate_40,7,False,False
464715,gate_30,330,True,True
464848,gate_30,7,True,False
464875,gate_30,2,False,False
464934,gate_30,155,True,False
465129,gate_40,72,True,False
465169,gate_30,3,False,False
465230,gate_30,50,True,False
465618,gate_30,117,True,False
465629,gate_30,17,False,False
465696,gate_40,12,True,False
465893,gate_30,40,True,False
465962,gate_30,8,False,False
465986,gate_40,1,False,False
466059,gate_30,31,True,False
466177,gate_30,386,True,True
466293,gate_30,9,True,False
466392,gate_40,14,False,False
466476,gate_40,12,True,False
466669,gate_40,19,False,False
466900,gate_30,43,True,False
467538,gate_30,4,True,False
467569,gate_30,26,True,False
467599,gate_40,6,False,False
467646,gate_30,21,False,False
467858,gate_30,10,False,False
467863,gate_30,94,True,True
468020,gate_40,12,False,False
468032,gate_40,99,True,False
468090,gate_30,394,True,False
468265,gate_40,32,True,False
468272,gate_40,14,False,False
468614,gate_30,10,False,False
469092,gate_30,63,True,True
469226,gate_40,68,False,False
469328,gate_30,368,True,False
469442,gate_40,233,True,True
469443,gate_40,65,True,False
469577,gate_40,2,False,False
469579,gate_40,1,False,False
469644,gate_40,5,False,False
469757,gate_40,3,True,False
469829,gate_40,177,True,True
469836,gate_30,9,False,False
470196,gate_40,21,False,False
470300,gate_40,14,False,False
470349,gate_30,21,True,False
470407,gate_30,165,False,False
470461,gate_30,227,True,True
470501,gate_40,55,True,False
470872,gate_40,17,False,False
470950,gate_30,1,False,False
471012,gate_30,0,True,False
471034,gate_30,14,True,False
471127,gate_30,11,False,False
471190,gate_30,61,True,False
471288,gate_30,4,False,False
471388,gate_30,89,True,True
471566,gate_30,31,True,False
471627,gate_40,30,False,True
471853,gate_30,34,False,False
472000,gate_40,14,True,False
472147,gate_30,35,True,False
472202,gate_40,6,False,False
472213,gate_30,76,False,True
472379,gate_30,1,False,False
472402,gate_30,87,True,True
472486,gate_30,2,False,False
472757,gate_40,2,False,False
472884,gate_30,38,True,False
472965,gate_40,1,False,False
473210,gate_30,21,False,False
473323,gate_40,10,False,False
473408,gate_30,21,False,True
473427,gate_40,37,True,False
473631,gate_30,1,False,False
473842,gate_40,2,False,False
474176,gate_40,14,True,False
474240,gate_30,349,True,True
474449,gate_40,13,True,False
474542,gate_30,111,True,True
474644,gate_30,8,False,False
474712,gate_30,14,True,False
474725,gate_40,2,False,False
474780,gate_40,12,False,False
474853,gate_30,4,False,False
474918,gate_30,25,True,False
474968,gate_30,1,False,False
475046,gate_30,0,False,False
475083,gate_40,22,True,False
475084,gate_30,24,True,False
475132,gate_40,15,False,False
475275,gate_30,4,False,False
475370,gate_40,85,True,False
475398,gate_40,85,True,False
475740,gate_40,0,False,False
476126,gate_30,24,True,True
476429,gate_30,81,False,False
476646,gate_40,56,False,True
476656,gate_40,1,False,False
476680,gate_40,6,False,False
476735,gate_30,12,False,False
476811,gate_30,3,False,False
476815,gate_40,1,False,False
477015,gate_30,53,False,False
477164,gate_30,1,False,False
477171,gate_40,59,True,False
477391,gate_30,95,True,False
477399,gate_40,5,True,False
477406,gate_30,2,False,False
477433,gate_30,34,True,False
477436,gate_30,10,False,False
477502,gate_30,6,False,False
477579,gate_40,17,False,False
477806,gate_30,5,False,False
477878,gate_40,27,False,False
478048,gate_30,0,False,False
478074,gate_30,1,False,False
478082,gate_30,2,False,False
478085,gate_40,158,True,False
478308,gate_30,13,True,False
478340,gate_30,7,False,False
478374,gate_30,130,True,True
478431,gate_40,3,False,False
478443,gate_40,205,True,True
478706,gate_30,56,False,False
478729,gate_40,11,True,False
478811,gate_40,12,True,False
478847,gate_30,117,True,False
478848,gate_30,9,True,False
478856,gate_30,204,True,True
478888,gate_30,76,True,False
478994,gate_30,47,True,False
479111,gate_30,28,False,True
479162,gate_40,5,False,False
479189,gate_40,1,False,False
479287,gate_30,27,True,False
479298,gate_30,19,False,False
479390,gate_30,32,True,False
479410,gate_30,57,True,False
479671,gate_30,0,False,False
479742,gate_30,10,False,False
479830,gate_40,3,False,False
479904,gate_30,12,False,False
480071,gate_30,511,True,True
480206,gate_40,6,False,False
480223,gate_30,7,True,False
480339,gate_30,1,False,False
480528,gate_40,13,False,False
480952,gate_30,41,True,True
481451,gate_30,3,False,False
481457,gate_30,2,False,False
481522,gate_40,30,True,False
481683,gate_40,88,True,False
481813,gate_30,10,True,False
481847,gate_40,3,False,False
481860,gate_40,39,False,False
481863,gate_30,7,False,False
482056,gate_40,69,True,False
482070,gate_30,54,True,False
482217,gate_40,39,True,True
482253,gate_40,81,True,True
482368,gate_40,69,True,False
482378,gate_30,6,False,False
482415,gate_40,75,False,False
482662,gate_30,824,True,True
482729,gate_40,48,False,False
483143,gate_30,23,True,False
483317,gate_40,3,False,False
483387,gate_30,8,False,False
483511,gate_40,98,True,False
483544,gate_40,29,False,False
483565,gate_40,89,True,True
483570,gate_40,22,True,False
483733,gate_40,35,True,False
483792,gate_40,9,False,False
483804,gate_30,1,True,True
483987,gate_40,2,False,False
484095,gate_40,6,False,False
484308,gate_40,14,False,False
484362,gate_40,18,True,False
484371,gate_30,6,False,False
484447,gate_30,71,True,False
484834,gate_30,36,True,False
484877,gate_30,17,True,False
485022,gate_30,1,False,False
485106,gate_40,1,False,False
485277,gate_30,1,False,False
485952,gate_30,4,False,False
486107,gate_40,11,False,True
486112,gate_30,121,False,True
486120,gate_30,51,True,False
486154,gate_40,764,True,True
486167,gate_40,2,False,False
486460,gate_40,8,False,False
486470,gate_40,571,True,True
486545,gate_30,0,False,False
486767,gate_30,3,False,False
486830,gate_30,609,True,True
486975,gate_40,215,True,True
487023,gate_30,0,False,False
487083,gate_40,46,True,False
487131,gate_40,3,False,False
487184,gate_30,33,True,False
487401,gate_40,114,True,True
487526,gate_30,17,False,False
487621,gate_40,3,False,False
487794,gate_30,8,False,False
488020,gate_30,27,True,False
488111,gate_40,35,False,False
488127,gate_40,50,True,False
488152,gate_40,3,True,False
488369,gate_30,1,False,False
488479,gate_30,30,True,False
488671,gate_40,6,False,False
488718,gate_30,23,True,False
488726,gate_30,25,True,False
488764,gate_30,38,True,False
488802,gate_30,0,False,False
489280,gate_40,0,False,False
489285,gate_40,6,False,False
489306,gate_30,187,False,False
489410,gate_30,3,False,False
489815,gate_30,99,True,False
490000,gate_40,201,False,False
490035,gate_30,15,False,False
490062,gate_30,153,False,True
490064,gate_30,1,False,False
490068,gate_40,36,True,False
490074,gate_40,4,True,False
490463,gate_40,21,False,False
490566,gate_30,32,False,False
490779,gate_30,24,True,False
490821,gate_30,1,False,False
491191,gate_30,55,True,False
491219,gate_40,1,False,False
491392,gate_30,32,False,True
491515,gate_40,49,False,False
491889,gate_30,268,True,True
492095,gate_30,8,True,False
492117,gate_30,1,False,False
492181,gate_30,3,False,False
492295,gate_30,4,False,False
492472,gate_40,51,True,False
492743,gate_30,12,False,False
492763,gate_30,39,True,True
492970,gate_30,7,True,False
493045,gate_30,13,True,False
493066,gate_30,99,True,True
493285,gate_40,4,False,False
493476,gate_40,2,False,False
493571,gate_40,56,True,False
493790,gate_30,6,True,False
493850,gate_30,3,False,False
493875,gate_40,11,True,True
493953,gate_40,4,False,False
494003,gate_40,4,False,False
494012,gate_40,1,False,False
494167,gate_30,34,True,False
494206,gate_30,78,True,False
494523,gate_30,16,True,False
494886,gate_30,15,False,False
495051,gate_30,357,True,False
495122,gate_30,129,True,False
495258,gate_30,129,True,True
495317,gate_40,7,False,False
495497,gate_30,39,False,False
495607,gate_40,144,True,False
495760,gate_30,67,True,True
495960,gate_30,13,True,False
496061,gate_40,9,False,False
496107,gate_40,2,False,False
496187,gate_30,314,True,True
496792,gate_30,10,True,False
496821,gate_30,39,True,False
496999,gate_40,21,True,False
497081,gate_40,19,False,False
497227,gate_40,55,True,False
497620,gate_40,6,False,False
497751,gate_30,28,True,False
498496,gate_30,11,False,False
498527,gate_30,4,True,False
498685,gate_40,25,False,False
498708,gate_30,77,False,False
498768,gate_30,5,False,False
498982,gate_30,82,True,False
498984,gate_30,1,False,False
499158,gate_40,101,False,True
499191,gate_40,42,True,False
499218,gate_40,42,False,False
499348,gate_40,10,False,False
499402,gate_30,146,True,False
499510,gate_40,18,False,False
499532,gate_40,34,False,False
499713,gate_40,10,False,False
499855,gate_40,3,False,False
499866,gate_30,37,False,True
499904,gate_40,17,False,False
500170,gate_30,3,False,False
500191,gate_40,81,True,False
500279,gate_40,2,True,False
500348,gate_40,84,True,False
500353,gate_30,14,True,False
500371,gate_40,61,True,False
500444,gate_30,156,True,True
500517,gate_40,84,True,False
500527,gate_30,9,False,False
500650,gate_40,3,True,False
501005,gate_30,3,False,False
501094,gate_30,14,False,False
501236,gate_40,143,True,True
501307,gate_40,124,True,True
501388,gate_40,194,True,False
501624,gate_30,6,False,False
501644,gate_40,5,True,False
501892,gate_40,202,True,True
502426,gate_40,2,False,False
502440,gate_30,8,True,False
502460,gate_30,12,False,False
502507,gate_40,355,True,True
502672,gate_40,6,False,False
502711,gate_40,182,True,True
502885,gate_40,7,False,False
503010,gate_40,1,False,False
503029,gate_30,20,False,False
503163,gate_30,43,True,False
503278,gate_40,45,True,False
503312,gate_30,6,False,False
503322,gate_30,60,False,True
503369,gate_40,3,True,False
503655,gate_40,110,True,True
503661,gate_30,18,False,False
503739,gate_30,9,False,False
503806,gate_30,1,False,False
503907,gate_30,7,False,False
504049,gate_30,17,False,False
504197,gate_40,31,False,True
504291,gate_30,253,False,True
504554,gate_40,31,True,False
504557,gate_40,10,True,False
504571,gate_40,15,False,True
504832,gate_40,0,False,False
505007,gate_30,31,True,False
505162,gate_40,3,False,False
505336,gate_40,2,False,False
505507,gate_40,42,True,False
506434,gate_40,45,False,True
506534,gate_40,19,False,False
506543,gate_40,47,True,True
506680,gate_40,72,True,False
506788,gate_30,0,False,False
506898,gate_40,10,False,False
507086,gate_30,0,False,False
507220,gate_40,10,False,False
507314,gate_30,61,False,False
507340,gate_30,0,False,False
507406,gate_40,45,True,False
507589,gate_40,7,False,False
507782,gate_40,15,True,False
507848,gate_40,29,True,False
507884,gate_30,207,True,True
507902,gate_30,27,True,False
508017,gate_30,11,False,False
508147,gate_30,20,False,False
508226,gate_30,43,True,True
508253,gate_30,104,True,False
508298,gate_40,15,False,False
508401,gate_40,12,True,False
508413,gate_30,9,True,False
508575,gate_30,25,False,True
508594,gate_30,21,False,False
508621,gate_30,29,True,False
508672,gate_40,17,True,False
508691,gate_30,66,True,False
508771,gate_40,5,False,False
508803,gate_40,5,False,False
508828,gate_40,11,False,False
508864,gate_30,3,False,False
509065,gate_30,51,True,False
509084,gate_30,1,False,False
509333,gate_40,0,False,False
509493,gate_30,3,False,False
509501,gate_30,4,False,False
509550,gate_40,6,False,False
509612,gate_30,6,False,False
509629,gate_30,2,False,False
509640,gate_30,10,False,False
509651,gate_30,31,False,False
509788,gate_30,1,False,False
509807,gate_40,178,False,True
509937,gate_40,112,True,False
509945,gate_40,17,False,False
509949,gate_30,87,True,True
510082,gate_40,0,False,False
510437,gate_40,19,True,False
510693,gate_40,144,True,False
510773,gate_40,23,False,False
510798,gate_40,32,True,False
510917,gate_40,375,True,True
511000,gate_40,8,False,False
511139,gate_40,11,False,False
511168,gate_40,3,False,False
511220,gate_30,3,False,False
511402,gate_30,1,False,False
511510,gate_30,119,True,False
511737,gate_30,1425,True,True
511792,gate_30,8,False,False
511800,gate_40,52,True,False
512053,gate_40,115,True,False
512128,gate_40,16,False,False
512530,gate_40,1,False,False
512673,gate_30,105,True,False
512717,gate_30,5,False,False
512733,gate_30,158,True,True
512755,gate_40,52,True,True
512879,gate_40,11,False,False
513068,gate_40,19,False,False
513119,gate_40,13,False,False
513140,gate_30,14,True,False
513220,gate_30,11,False,False
513452,gate_40,6,True,False
513495,gate_40,0,False,False
513773,gate_30,14,True,False
513858,gate_40,428,True,False
513986,gate_30,9,False,False
514029,gate_30,22,True,False
514049,gate_40,110,False,True
514164,gate_30,13,False,False
514239,gate_30,4,False,False
514292,gate_30,24,False,False
514380,gate_40,17,True,False
514637,gate_30,2,True,False
514669,gate_40,7,True,False
514670,gate_30,4,False,False
514779,gate_30,95,False,False
514863,gate_30,140,True,False
514962,gate_40,12,False,False
515091,gate_40,28,False,False
515408,gate_40,91,True,True
515466,gate_30,111,True,True
515504,gate_40,11,False,False
515654,gate_40,1,False,False
516407,gate_40,434,True,True
516409,gate_40,314,True,True
516443,gate_30,16,True,True
516698,gate_30,2,False,False
516857,gate_40,16,False,False
517022,gate_40,15,False,True
517027,gate_30,57,True,True
517083,gate_30,82,True,True
517143,gate_30,43,False,False
517216,gate_30,11,True,False
517243,gate_30,48,True,True
517271,gate_30,4,False,False
517279,gate_30,89,True,False
517477,gate_40,28,False,False
517530,gate_30,292,True,True
517654,gate_40,25,False,False
517843,gate_40,8,False,False
518106,gate_40,8,False,False
518153,gate_30,27,True,False
518663,gate_30,49,False,False
518748,gate_30,4,False,False
518790,gate_40,0,False,False
518931,gate_30,2,False,False
519035,gate_40,235,True,True
519116,gate_30,53,True,False
519272,gate_30,30,False,True
519520,gate_40,19,True,False
519850,gate_40,361,True,True
520069,gate_30,20,False,False
520215,gate_30,1,False,False
520537,gate_30,32,True,False
520549,gate_40,12,False,False
520692,gate_30,48,True,False
520793,gate_30,1,False,False
520992,gate_30,4,False,True
521160,gate_30,4,False,False
521347,gate_40,4,False,False
521391,gate_30,42,True,False
521449,gate_40,9,False,False
521505,gate_30,2,False,False
521614,gate_40,16,False,False
521789,gate_30,1,False,False
521799,gate_40,18,True,False
521819,gate_30,145,True,False
521895,gate_40,14,False,False
521902,gate_30,24,True,False
522049,gate_30,1,False,False
522052,gate_40,23,True,True
522064,gate_30,6,False,False
522102,gate_30,23,True,False
522105,gate_40,73,True,False
522113,gate_40,1,False,False
522253,gate_30,292,True,True
522326,gate_30,2,False,False
522662,gate_30,26,True,False
522691,gate_30,67,True,True
522699,gate_40,96,True,False
522903,gate_40,17,False,False
522944,gate_30,10,True,False
523124,gate_40,32,True,False
523128,gate_40,54,False,False
523217,gate_30,34,True,False
523401,gate_40,3,False,False
523512,gate_30,38,True,False
523666,gate_40,8,False,False
523750,gate_30,4,False,False
523788,gate_30,81,True,False
523902,gate_40,2,False,False
524029,gate_40,1,False,False
524100,gate_40,8,True,False
524302,gate_40,3,False,False
524303,gate_30,8,False,False
524314,gate_30,32,False,False
524378,gate_30,20,False,False
524508,gate_30,81,False,True
524530,gate_40,4,True,False
524584,gate_30,12,False,False
524594,gate_30,249,True,True
524618,gate_30,1,False,False
524683,gate_40,67,True,False
524831,gate_40,15,False,True
524905,gate_30,3,False,False
524964,gate_30,18,False,False
525002,gate_40,2,False,False
525085,gate_30,41,False,False
525230,gate_40,90,True,False
525341,gate_40,23,True,False
525364,gate_40,8,False,False
525375,gate_30,39,True,False
525378,gate_40,26,False,False
525482,gate_30,2,False,False
525638,gate_40,6,False,False
525709,gate_40,678,True,True
526097,gate_30,76,True,False
526141,gate_30,3,False,False
526184,gate_30,147,True,True
526230,gate_40,1,False,False
526265,gate_40,36,True,True
526269,gate_40,8,False,True
526311,gate_40,4,False,False
526324,gate_40,367,True,True
526339,gate_30,10,False,False
526419,gate_30,38,True,True
526620,gate_30,155,True,True
526724,gate_40,4,False,False
526839,gate_40,125,True,True
526897,gate_30,11,False,False
527003,gate_30,0,False,False
527039,gate_40,0,False,False
527388,gate_30,9,False,False
527412,gate_30,5,False,False
527504,gate_40,2,False,False
527573,gate_40,1,False,False
527619,gate_40,64,True,False
528056,gate_30,15,False,False
528257,gate_30,9,False,False
528276,gate_40,0,False,False
528299,gate_30,2,False,False
528412,gate_30,3,False,False
528526,gate_40,22,True,False
528792,gate_30,16,True,True
528803,gate_30,18,False,False
528849,gate_30,115,True,True
529059,gate_40,16,True,False
529255,gate_30,29,True,False
529463,gate_40,15,False,False
529495,gate_30,64,True,True
529582,gate_40,2,False,False
529786,gate_30,144,True,True
529804,gate_40,2,False,False
530015,gate_40,82,True,True
530075,gate_40,46,True,True
530116,gate_40,41,True,False
530117,gate_30,23,False,False
530201,gate_30,0,False,False
530231,gate_30,10,False,False
530240,gate_30,22,False,False
530345,gate_40,21,True,True
530614,gate_40,90,True,False
530653,gate_40,179,False,True
530694,gate_30,6,False,False
530842,gate_40,17,False,False
530876,gate_40,1,False,False
530896,gate_30,1,False,False
531266,gate_40,34,True,False
531304,gate_40,1,False,False
531402,gate_40,32,False,False
531482,gate_40,60,False,False
531816,gate_30,20,True,False
531861,gate_40,0,True,False
531977,gate_40,4,False,False
531994,gate_40,16,False,False
532082,gate_30,31,True,False
532160,gate_40,22,True,False
532499,gate_40,2,False,False
532674,gate_30,79,False,False
532676,gate_40,4,False,False
533016,gate_30,1,False,False
533059,gate_30,279,True,True
533167,gate_30,40,True,False
533236,gate_40,11,False,False
533260,gate_30,0,False,False
533273,gate_40,6,False,False
533289,gate_30,166,True,True
533366,gate_40,71,True,False
533446,gate_40,12,True,False
533481,gate_30,44,True,False
533530,gate_30,9,True,False
533636,gate_30,17,False,False
533763,gate_40,3,False,False
533907,gate_30,2,False,False
534101,gate_40,1,False,False
534298,gate_30,9,False,False
534386,gate_30,6,True,False
534422,gate_40,1,False,False
534440,gate_30,15,False,False
534470,gate_40,5,False,False
534496,gate_40,5,False,False
534858,gate_40,5,False,False
535080,gate_40,41,False,False
535082,gate_30,648,True,True
535174,gate_30,510,True,True
535347,gate_30,0,False,False
535349,gate_40,4,False,False
535405,gate_30,178,True,True
535769,gate_40,6,False,False
535807,gate_40,2,False,False
535938,gate_30,171,True,False
536008,gate_30,14,False,False
536031,gate_30,13,False,True
536100,gate_30,34,False,False
536128,gate_40,1,False,False
536200,gate_40,32,True,True
536246,gate_40,64,True,False
536694,gate_30,18,True,False
536729,gate_40,39,True,True
536733,gate_30,0,False,False
536909,gate_30,15,False,False
536933,gate_30,8,False,False
536935,gate_40,94,True,False
536950,gate_40,4,False,False
537076,gate_30,227,True,True
537115,gate_40,88,True,False
537147,gate_30,20,False,False
537162,gate_40,11,False,False
537169,gate_30,149,True,False
537231,gate_40,0,False,False
537240,gate_40,285,True,True
537286,gate_30,2,False,False
537452,gate_30,60,True,False
537598,gate_30,24,True,False
537640,gate_40,11,False,False
537693,gate_30,6,True,False
537775,gate_30,2,False,False
537793,gate_40,0,False,False
537925,gate_40,0,False,False
537956,gate_30,1,False,False
538009,gate_30,21,False,False
538024,gate_30,34,True,False
538301,gate_40,3,False,False
538350,gate_40,80,True,False
538644,gate_30,8,True,False
538989,gate_30,0,False,False
539239,gate_40,4,False,False
539267,gate_30,3,False,False
539324,gate_30,12,True,False
539337,gate_40,10,False,False
539833,gate_30,1,False,False
539962,gate_30,25,False,True
540078,gate_30,0,False,False
540172,gate_30,12,True,False
540222,gate_30,29,False,False
540351,gate_40,9,True,False
540372,gate_30,9,True,False
540428,gate_40,35,True,False
540638,gate_40,577,True,True
540658,gate_30,8,False,False
540671,gate_30,10,False,False
540836,gate_40,2,False,False
540886,gate_30,16,True,False
540924,gate_40,10,False,False
541088,gate_30,40,True,False
541130,gate_30,7,False,False
541191,gate_30,29,False,False
541248,gate_40,2,False,False
541353,gate_40,2,False,False
541533,gate_40,8,True,False
541573,gate_30,100,True,True
541577,gate_30,209,True,True
541719,gate_40,293,True,True
542057,gate_40,15,False,True
542076,gate_40,1,False,False
542201,gate_30,19,False,False
542205,gate_30,188,True,False
542306,gate_40,5,True,False
542492,gate_40,31,True,False
542521,gate_30,16,False,False
542530,gate_30,78,False,True
542663,gate_40,7,False,False
542664,gate_30,17,True,False
542775,gate_40,19,True,False
542868,gate_40,0,False,False
542871,gate_30,81,True,True
542926,gate_30,5,False,False
542930,gate_30,75,True,True
542980,gate_30,18,True,False
543158,gate_30,3,False,False
543179,gate_40,164,False,False
543382,gate_30,20,False,False
543385,gate_40,32,True,False
543397,gate_40,103,True,True
543604,gate_40,15,False,False
543616,gate_40,40,False,False
543865,gate_30,17,False,False
543934,gate_40,4,False,False
544203,gate_40,4,True,False
544222,gate_30,0,False,False
544583,gate_40,12,False,False
544615,gate_30,19,True,False
544658,gate_40,6,False,True
544703,gate_30,93,True,False
544780,gate_40,94,True,False
544919,gate_30,8,False,False
544978,gate_40,28,True,True
545041,gate_30,51,True,False
545138,gate_30,24,True,False
545293,gate_40,1,False,False
545325,gate_40,2,False,False
545616,gate_30,40,False,False
545973,gate_40,88,True,False
546199,gate_40,0,False,False
546260,gate_40,6,False,False
546263,gate_40,67,True,True
546403,gate_40,12,False,False
546712,gate_40,14,True,False
546966,gate_30,1,False,False
547035,gate_30,95,True,False
547184,gate_40,10,False,False
547337,gate_30,49,True,True
547342,gate_40,11,False,False
547375,gate_30,5,False,False
547529,gate_40,9,False,False
547550,gate_40,12,False,False
547638,gate_30,3,False,False
547778,gate_30,4,False,False
547924,gate_40,51,False,False
547943,gate_30,43,False,False
547979,gate_30,4,False,False
548124,gate_40,16,False,False
548151,gate_40,15,True,False
548241,gate_40,100,True,True
548293,gate_40,6,False,False
548319,gate_40,6,False,False
548456,gate_40,73,True,False
548545,gate_40,3,True,False
548563,gate_40,54,True,False
548574,gate_40,71,True,False
548581,gate_40,7,False,False
548648,gate_30,10,False,False
548659,gate_40,9,False,False
549134,gate_40,5,False,False
549228,gate_30,61,True,False
549310,gate_40,29,True,False
549463,gate_30,75,True,False
549473,gate_30,185,True,True
549511,gate_30,1,False,False
549771,gate_40,29,True,False
550023,gate_30,12,False,True
550031,gate_40,5,False,False
550146,gate_30,98,True,True
550159,gate_30,4,False,False
550216,gate_40,55,True,True
550292,gate_30,3,True,False
550420,gate_30,6,False,False
550581,gate_40,287,True,True
550714,gate_40,24,False,False
550923,gate_30,1,False,False
550945,gate_40,738,True,True
551119,gate_30,5,False,False
551122,gate_40,13,False,False
551295,gate_30,0,False,False
551532,gate_30,96,True,False
551540,gate_30,6,False,False
551560,gate_30,5,False,False
551678,gate_30,54,True,False
551875,gate_30,44,True,False
551957,gate_40,154,True,False
551975,gate_40,7,False,False
552000,gate_30,67,True,False
552024,gate_30,32,True,False
552396,gate_40,584,True,True
552566,gate_40,10,False,False
552639,gate_30,7,False,False
552688,gate_30,2,False,False
552973,gate_40,8,False,False
553105,gate_30,57,True,False
553246,gate_30,6,False,False
553363,gate_40,153,True,False
553514,gate_40,8,False,False
553805,gate_40,0,False,False
553909,gate_30,25,False,False
553983,gate_30,58,True,True
554028,gate_30,83,True,False
554066,gate_40,140,True,False
554171,gate_30,23,True,False
554194,gate_40,25,False,False
554324,gate_30,6,False,False
554508,gate_30,5,False,False
554545,gate_30,3,False,False
554643,gate_30,27,True,False
554682,gate_30,12,False,False
554897,gate_40,281,True,True
554907,gate_40,3,False,False
554961,gate_30,74,True,True
555151,gate_30,17,False,False
555176,gate_30,1,False,False
555184,gate_30,57,True,False
555294,gate_40,2,False,False
555354,gate_40,9,True,False
555361,gate_40,6,False,False
555407,gate_40,204,True,True
555607,gate_40,13,True,False
555736,gate_40,1,False,False
555770,gate_40,2,False,False
555826,gate_30,44,True,True
555862,gate_30,4,False,False
555975,gate_30,302,True,True
556359,gate_30,1,False,False
556396,gate_40,44,True,False
556827,gate_40,0,False,False
556993,gate_40,18,True,True
557185,gate_30,42,True,False
557265,gate_40,8,False,False
557327,gate_30,13,False,True
557364,gate_40,99,True,False
557457,gate_40,4,True,False
557490,gate_40,20,False,False
557493,gate_30,3,False,False
557603,gate_40,21,True,False
557754,gate_40,441,False,True
557801,gate_30,20,False,False
558067,gate_30,122,True,False
558116,gate_40,44,True,False
558183,gate_30,2,False,False
558222,gate_30,120,True,True
558377,gate_40,36,False,False
558602,gate_40,26,True,True
558747,gate_30,1,False,False
558786,gate_30,30,True,False
558909,gate_40,49,True,True
559285,gate_40,14,False,False
559330,gate_30,7,False,False
559354,gate_40,42,True,False
559410,gate_40,13,False,False
559422,gate_30,3,False,False
559483,gate_40,47,False,False
559565,gate_40,12,True,False
559578,gate_40,0,False,False
559696,gate_30,1,False,False
559769,gate_40,1,False,False
559980,gate_40,212,True,True
560426,gate_40,45,True,False
560839,gate_30,7,False,False
560899,gate_40,13,False,False
560961,gate_40,20,False,False
561004,gate_30,2,False,False
561311,gate_30,16,True,False
561575,gate_30,91,True,False
561657,gate_30,20,False,False
561750,gate_30,306,True,True
561835,gate_30,7,False,False
562040,gate_40,8,False,False
562066,gate_30,4,False,False
562075,gate_40,18,True,False
562165,gate_30,1,False,False
562464,gate_30,21,True,False
562538,gate_40,121,True,False
562540,gate_30,5,True,False
562642,gate_40,3,False,False
562705,gate_40,42,True,False
562708,gate_40,49,True,False
562813,gate_30,4,False,False
562854,gate_30,136,True,True
562865,gate_30,161,True,True
562948,gate_30,28,False,False
562958,gate_40,1,False,False
562961,gate_40,6,False,False
562994,gate_30,88,True,False
563063,gate_30,0,False,False
563157,gate_40,29,True,False
563263,gate_30,11,False,False
563277,gate_30,47,True,True
563425,gate_30,221,True,True
563510,gate_40,20,True,True
563551,gate_30,3,False,False
563593,gate_30,8,False,False
563614,gate_40,13,True,False
563746,gate_40,68,True,False
563929,gate_30,10,False,False
563935,gate_40,20,True,False
563974,gate_40,8,False,False
564015,gate_30,0,False,False
564070,gate_40,0,False,False
564195,gate_40,30,True,False
564356,gate_40,19,False,False
564430,gate_40,12,False,False
564478,gate_30,143,True,True
564634,gate_30,18,False,False
564776,gate_30,1,False,False
565076,gate_30,15,False,False
565135,gate_40,49,True,False
565432,gate_40,15,False,False
565543,gate_30,5,False,False
565816,gate_30,44,True,True
565857,gate_40,5,False,False
565884,gate_30,169,True,False
565935,gate_40,69,True,False
565942,gate_40,30,True,True
566025,gate_40,104,True,True
566065,gate_30,118,False,True
566072,gate_40,40,True,False
566249,gate_40,21,True,True
566360,gate_40,7,True,False
566466,gate_40,19,True,False
566488,gate_40,7,False,False
566527,gate_40,21,False,False
566556,gate_40,76,True,True
566669,gate_30,1,False,False
566738,gate_30,1,False,False
566923,gate_40,64,True,False
566940,gate_40,38,True,False
566961,gate_30,91,True,True
567002,gate_30,3,True,False
567113,gate_30,6,False,False
567149,gate_40,3,False,False
567154,gate_40,4,False,True
567205,gate_30,56,False,False
567234,gate_40,3,False,False
567425,gate_30,4,False,False
567448,gate_40,3,False,True
567500,gate_30,158,True,False
567550,gate_40,25,False,False
567588,gate_40,10,False,False
567623,gate_40,0,False,False
567661,gate_40,52,True,False
567762,gate_40,28,True,False
567814,gate_40,12,False,False
568003,gate_40,22,False,False
568608,gate_30,17,False,False
568777,gate_30,13,False,False
568884,gate_30,4,False,True
569015,gate_40,1,False,False
569176,gate_40,17,True,False
569354,gate_30,1,False,False
569401,gate_40,18,False,False
569409,gate_40,236,True,False
569499,gate_40,2,False,False
569648,gate_40,158,True,True
569680,gate_40,1,False,False
569700,gate_40,112,True,True
569757,gate_30,1,False,False
569972,gate_30,18,True,False
570102,gate_30,53,True,False
570180,gate_30,34,True,False
570212,gate_40,23,False,False
570288,gate_40,2,False,False
570289,gate_40,11,True,False
570424,gate_30,28,False,False
570763,gate_40,52,False,False
571386,gate_40,1,False,False
571464,gate_30,25,True,False
571504,gate_40,70,True,False
571513,gate_40,5,False,False
571560,gate_40,15,False,False
571676,gate_40,39,True,False
571824,gate_40,85,False,False
571912,gate_30,3,False,False
571987,gate_30,11,False,False
572254,gate_30,1,False,False
572369,gate_40,5,False,False
572564,gate_40,60,False,True
572594,gate_30,151,True,True
572636,gate_30,31,False,False
572758,gate_30,6,False,False
572768,gate_40,13,False,False
572804,gate_40,14,True,False
573015,gate_40,34,True,False
573142,gate_40,2,False,False
573198,gate_30,0,False,False
573313,gate_30,3,False,False
573477,gate_40,1,False,False
573490,gate_40,17,False,False
573512,gate_40,37,True,False
573870,gate_40,49,True,True
574215,gate_40,14,False,False
574222,gate_30,50,True,False
574397,gate_40,6,False,False
574555,gate_30,43,True,True
574678,gate_30,5,False,False
574735,gate_40,17,False,False
574821,gate_30,17,False,False
574832,gate_30,3,False,False
574977,gate_40,6,True,False
575024,gate_40,3,False,False
575147,gate_30,0,False,False
575178,gate_40,5,False,False
575228,gate_40,422,True,False
575245,gate_40,43,True,False
575295,gate_40,4,False,False
575344,gate_40,20,True,False
575900,gate_40,153,True,False
575910,gate_40,5,False,False
575912,gate_30,17,True,False
575947,gate_40,6,False,False
575966,gate_40,5,False,False
575977,gate_30,69,True,True
576330,gate_30,17,True,False
576481,gate_30,187,True,True
576710,gate_30,17,False,False
576739,gate_30,9,False,False
576998,gate_30,18,True,False
577015,gate_40,1,False,False
577019,gate_30,61,False,True
577385,gate_30,2,False,False
577471,gate_30,1,False,False
577507,gate_40,52,False,False
577533,gate_30,59,True,False
578018,gate_40,8,False,False
578141,gate_30,4,False,False
578142,gate_30,4,False,False
578203,gate_40,24,False,False
578529,gate_40,354,True,True
578633,gate_40,13,True,False
578725,gate_40,10,True,False
578736,gate_30,33,True,False
578975,gate_30,55,False,False
579043,gate_30,0,False,False
579274,gate_40,25,False,False
579317,gate_30,102,True,False
579367,gate_30,1,False,False
579571,gate_40,2,False,False
579772,gate_40,2,False,False
579816,gate_30,0,True,False
580335,gate_30,16,True,False
580600,gate_40,198,True,True
580740,gate_40,1,False,False
580857,gate_30,23,False,False
580962,gate_40,3,False,False
581038,gate_40,10,False,False
581071,gate_40,525,True,True
581230,gate_40,2,False,False
581242,gate_30,11,False,False
581264,gate_40,91,True,True
581356,gate_40,13,True,False
581406,gate_30,27,False,False
581613,gate_40,49,True,False
581660,gate_40,11,True,False
581752,gate_40,24,True,False
581901,gate_40,28,True,False
581928,gate_30,14,False,False
582093,gate_40,18,True,False
582423,gate_40,26,True,False
582467,gate_30,64,True,True
582557,gate_40,18,True,False
582585,gate_30,1,False,False
582919,gate_40,32,True,False
582958,gate_30,633,True,True
582991,gate_40,98,True,False
583290,gate_40,23,True,False
583349,gate_40,10,False,False
583374,gate_40,68,True,False
583436,gate_30,8,False,False
583767,gate_40,281,True,False
583807,gate_40,17,True,False
583887,gate_30,1,False,False
584075,gate_40,19,False,False
584681,gate_40,196,True,False
584826,gate_40,48,True,False
584831,gate_40,35,True,True
585448,gate_40,22,True,False
585875,gate_40,13,False,False
586018,gate_30,5,False,False
586230,gate_30,6,False,False
586309,gate_30,12,True,True
586356,gate_40,7,False,False
586373,gate_40,160,True,True
586674,gate_30,6,False,False
586852,gate_40,1,False,False
587003,gate_30,4,False,False
587112,gate_30,1,False,False
587227,gate_30,3,False,False
587311,gate_40,9,False,False
587626,gate_30,208,True,False
587635,gate_40,58,True,False
587649,gate_30,4,False,False
587789,gate_30,28,False,False
587802,gate_40,300,True,True
587902,gate_30,104,True,False
587939,gate_40,98,True,False
587942,gate_30,220,True,True
588060,gate_30,34,False,False
588187,gate_30,4,False,False
588231,gate_40,8,False,False
588281,gate_30,43,True,True
588905,gate_30,12,True,False
589039,gate_30,46,True,True
589085,gate_40,93,True,False
589191,gate_30,94,True,False
589204,gate_40,22,False,False
589205,gate_40,2,False,False
589430,gate_30,4,False,False
589772,gate_30,99,True,True
589780,gate_30,26,True,False
589820,gate_40,90,True,True
589916,gate_40,49,True,False
589981,gate_40,19,True,False
590132,gate_30,2,False,False
590208,gate_40,18,False,False
590221,gate_40,20,True,False
590296,gate_30,0,False,False
590580,gate_30,5,False,False
591028,gate_30,115,True,True
591135,gate_30,129,True,True
591219,gate_40,2,False,False
591313,gate_40,105,True,True
591323,gate_30,17,True,False
591343,gate_40,12,False,True
591492,gate_30,43,True,False
591676,gate_40,8,False,False
591871,gate_40,30,True,True
591959,gate_40,18,False,False
592128,gate_40,74,True,True
592347,gate_30,307,True,True
592429,gate_40,89,True,False
592464,gate_30,9,False,False
592494,gate_30,6,False,False
592508,gate_40,24,True,False
592546,gate_40,12,False,False
592608,gate_40,78,True,False
592676,gate_30,23,True,False
592704,gate_40,36,True,False
592713,gate_30,1,False,False
592816,gate_40,16,False,False
593035,gate_30,3,False,False
593190,gate_30,170,True,True
593197,gate_30,15,True,False
593247,gate_40,6,False,True
593498,gate_40,54,False,True
593811,gate_40,1,False,False
593936,gate_30,7,False,False
594026,gate_40,2,False,False
594102,gate_30,42,True,False
594106,gate_40,3,True,False
594128,gate_40,4,True,False
594178,gate_30,150,True,True
594225,gate_30,2,False,False
594266,gate_30,364,True,True
594307,gate_30,82,True,False
594324,gate_30,8,False,False
594356,gate_40,12,True,False
594551,gate_30,4,False,False
594684,gate_30,157,True,True
594745,gate_40,146,True,False
594780,gate_30,3,True,False
594919,gate_40,109,True,True
594939,gate_30,35,True,False
595002,gate_30,3,False,False
595007,gate_40,87,True,True
595033,gate_30,108,True,False
595064,gate_40,3,False,False
595264,gate_40,7,False,False
595528,gate_30,36,True,False
595608,gate_30,89,False,False
595815,gate_30,5,False,False
596200,gate_30,16,False,False
596375,gate_40,6,False,False
596422,gate_40,30,True,False
596483,gate_40,1,False,False
596608,gate_40,3,False,False
596745,gate_40,37,False,True
597007,gate_40,39,True,False
597247,gate_40,12,False,False
597443,gate_30,11,False,False
597499,gate_40,14,False,False
597536,gate_30,70,True,True
597592,gate_30,3,False,False
597620,gate_30,6,False,False
597622,gate_30,26,True,False
597745,gate_40,125,True,True
597777,gate_40,30,False,False
597873,gate_30,97,False,True
597886,gate_30,19,True,False
597929,gate_40,3,False,False
597946,gate_30,0,False,False
598157,gate_30,27,False,True
598193,gate_30,10,False,False
598318,gate_40,89,True,False
598324,gate_40,9,True,False
598337,gate_30,70,True,True
598357,gate_40,24,False,False
598434,gate_40,354,True,False
598625,gate_40,1,True,False
598739,gate_30,10,False,False
598834,gate_30,0,False,False
598926,gate_30,5,False,False
599169,gate_40,5,False,False
599210,gate_30,101,True,False
599440,gate_40,10,True,False
599444,gate_40,3,False,False
599646,gate_30,42,False,True
599682,gate_30,249,True,True
599857,gate_40,11,True,False
599902,gate_40,669,True,True
599918,gate_30,2,False,False
599942,gate_40,3,False,False
600032,gate_40,21,True,False
600287,gate_40,34,True,False
600337,gate_30,5,False,False
600607,gate_40,7,False,False
600737,gate_30,4,False,False
600745,gate_40,1,False,False
600767,gate_30,28,False,True
600813,gate_30,17,True,False
600958,gate_30,115,True,True
600986,gate_30,3,False,False
601039,gate_30,204,True,False
601060,gate_30,718,True,True
601101,gate_30,49,True,False
601215,gate_30,69,True,False
601228,gate_30,2,False,False
601242,gate_30,129,False,True
601675,gate_40,1,False,False
601712,gate_40,3,False,False
601858,gate_30,447,True,True
601880,gate_30,1,False,False
601924,gate_30,7,False,False
602127,gate_30,19,True,False
602526,gate_40,79,False,True
602536,gate_30,8,True,False
602539,gate_40,160,True,True
602604,gate_40,95,True,False
602637,gate_30,64,True,False
602679,gate_30,18,False,False
602705,gate_30,4,False,False
602779,gate_40,12,False,False
602990,gate_30,47,True,False
603193,gate_40,243,True,True
603237,gate_40,4,False,False
603401,gate_30,0,False,False
603694,gate_40,66,True,False
603787,gate_40,33,True,False
603822,gate_40,0,False,False
603857,gate_30,13,False,False
603975,gate_40,0,False,False
604083,gate_30,64,True,False
604132,gate_40,4,False,False
604247,gate_30,75,True,False
604411,gate_30,4,False,False
604449,gate_40,21,True,False
604504,gate_30,155,True,True
604555,gate_30,289,True,False
604716,gate_40,2,True,False
604766,gate_30,41,True,True
604792,gate_40,78,False,True
604799,gate_30,99,True,True
604857,gate_40,1,False,False
604932,gate_30,18,False,False
604940,gate_40,2,False,False
605045,gate_40,28,True,False
605068,gate_30,7,True,False
605079,gate_40,51,True,False
605167,gate_30,0,False,False
605251,gate_30,2,False,False
605343,gate_30,57,False,False
605387,gate_40,231,True,True
605416,gate_30,300,True,True
605426,gate_40,76,True,False
605435,gate_30,447,True,True
605530,gate_30,105,True,True
605573,gate_30,14,True,False
605686,gate_40,53,True,False
605728,gate_40,5,False,False
605874,gate_40,298,False,True
605902,gate_30,340,False,True
605988,gate_30,4,False,False
606242,gate_30,422,True,False
606400,gate_40,49,False,False
606403,gate_40,400,True,True
606497,gate_30,36,False,False
606521,gate_40,92,True,False
606732,gate_30,1,False,False
606751,gate_30,24,False,False
606828,gate_40,11,False,False
606869,gate_40,4,False,False
606959,gate_40,33,True,False
606970,gate_40,0,False,False
607021,gate_40,31,True,True
607024,gate_40,101,True,True
607155,gate_40,3,False,False
607482,gate_30,2,True,False
607494,gate_30,70,True,False
607521,gate_30,39,True,True
607704,gate_40,1,False,False
607710,gate_40,108,True,True
607795,gate_40,20,True,False
607862,gate_40,42,True,False
607937,gate_30,56,False,True
608154,gate_40,1,False,False
608232,gate_30,18,False,False
608487,gate_40,20,True,False
608694,gate_30,37,False,False
608817,gate_30,2,False,False
608833,gate_40,19,True,True
608959,gate_40,4,False,False
609120,gate_40,8,True,False
609145,gate_30,20,False,False
609146,gate_30,1,False,False
609184,gate_40,15,False,False
609289,gate_40,17,True,False
609599,gate_40,1,False,False
609664,gate_30,236,True,True
610182,gate_30,3,False,False
610411,gate_30,138,True,True
610626,gate_40,1,False,False
610688,gate_30,40,True,False
610714,gate_40,15,False,False
610874,gate_40,0,False,False
610938,gate_40,147,True,True
610969,gate_40,3,False,False
611153,gate_40,33,True,True
611270,gate_40,93,False,False
611317,gate_30,6,False,False
611707,gate_40,120,True,False
612000,gate_30,14,False,False
612595,gate_30,1,False,False
612827,gate_40,5,False,False
612914,gate_30,59,True,False
612941,gate_40,32,True,False
613312,gate_30,0,False,False
613552,gate_30,344,True,True
613648,gate_40,54,True,False
613782,gate_40,167,True,True
613873,gate_40,46,True,False
613903,gate_40,1,False,False
613979,gate_30,10,False,False
614155,gate_40,27,True,False
614180,gate_30,90,True,True
614199,gate_40,1446,True,True
614528,gate_30,0,False,False
614812,gate_40,5,False,False
614912,gate_30,28,False,False
614922,gate_30,4,False,False
614933,gate_30,15,False,False
615094,gate_30,0,False,False
615101,gate_30,2,False,False
615180,gate_30,2,False,False
615262,gate_30,7,False,False
615298,gate_30,83,True,False
615601,gate_40,71,True,False
615639,gate_30,8,False,False
615671,gate_30,129,True,True
615774,gate_30,265,True,False
615871,gate_30,15,False,False
615990,gate_40,4,False,False
616103,gate_30,13,False,False
616181,gate_30,25,False,False
616187,gate_40,14,False,False
616290,gate_30,1,False,False
616357,gate_30,191,True,True
616431,gate_30,2,False,False
616493,gate_40,0,False,False
616495,gate_30,5,False,False
616713,gate_30,158,True,True
617226,gate_40,1,False,False
617255,gate_30,38,False,False
617355,gate_30,97,True,True
617497,gate_30,8,True,False
617614,gate_30,12,False,False
617797,gate_30,54,True,True
617847,gate_40,93,True,False
617925,gate_30,21,False,False
617944,gate_30,6,False,False
618018,gate_40,151,True,False
618138,gate_30,0,False,False
618210,gate_30,2,False,False
618348,gate_30,248,True,True
618432,gate_30,4,False,False
618462,gate_30,6,False,False
618657,gate_30,386,True,True
618712,gate_30,382,True,True
618779,gate_40,29,True,False
618850,gate_40,1,False,False
619060,gate_30,64,True,False
619083,gate_40,15,False,True
619085,gate_40,61,True,False
619096,gate_30,12,True,False
619269,gate_40,38,False,False
619354,gate_40,14,False,True
619485,gate_30,230,True,True
619505,gate_40,1,False,False
619586,gate_30,25,False,False
619796,gate_40,55,True,False
619802,gate_40,22,False,False
619894,gate_30,2,False,False
619920,gate_30,262,True,True
619921,gate_40,94,True,False
619977,gate_30,87,True,False
620037,gate_40,53,True,True
620298,gate_30,0,False,False
620384,gate_40,0,False,False
620439,gate_40,14,False,False
620573,gate_30,14,True,False
620624,gate_40,58,True,False
620880,gate_30,1,False,False
621090,gate_40,96,True,False
621110,gate_30,24,False,False
621143,gate_40,7,False,False
621396,gate_30,193,True,False
621444,gate_40,31,True,False
621570,gate_30,44,True,True
621598,gate_30,13,False,False
621639,gate_40,20,True,False
621674,gate_40,22,True,False
621677,gate_30,157,True,True
621951,gate_30,4,False,False
622060,gate_40,4,False,False
622075,gate_30,83,True,True
622151,gate_40,14,False,False
622184,gate_30,11,False,False
622191,gate_40,36,True,False
622261,gate_40,36,True,False
622298,gate_30,65,False,True
622310,gate_40,16,False,False
622399,gate_30,114,True,False
622499,gate_30,1,False,False
622699,gate_40,15,True,False
622723,gate_30,21,False,False
622972,gate_40,240,True,False
623086,gate_30,65,True,True
623406,gate_40,260,True,True
623410,gate_30,35,True,False
623483,gate_40,143,True,True
623495,gate_30,53,False,False
623531,gate_30,5,True,False
623841,gate_30,55,True,False
623851,gate_40,28,False,False
624088,gate_30,1,False,False
624233,gate_30,21,True,True
624272,gate_30,12,False,False
624301,gate_40,1,False,False
624347,gate_40,3,False,False
624756,gate_40,15,False,False
624915,gate_30,79,False,True
625016,gate_40,7,False,False
625222,gate_40,16,False,False
625336,gate_40,5,False,False
625368,gate_40,1,False,False
625379,gate_30,17,True,False
625611,gate_40,27,True,False
625710,gate_40,21,True,False
625769,gate_30,7,False,False
625806,gate_40,20,False,True
626096,gate_30,4,False,False
626171,gate_30,14,False,False
626491,gate_40,9,False,False
626531,gate_40,113,False,True
626535,gate_30,1,False,False
626625,gate_30,56,True,True
626781,gate_40,12,False,False
626844,gate_30,3,False,False
626857,gate_30,46,False,True
626989,gate_30,5,False,False
627037,gate_30,5,False,False
627180,gate_40,2,True,False
627302,gate_40,15,True,False
627368,gate_30,29,False,False
627456,gate_30,232,True,False
627554,gate_30,6,False,True
628230,gate_30,49,True,False
628320,gate_40,6,True,False
628395,gate_40,157,True,True
628502,gate_40,13,False,False
628503,gate_30,58,True,False
628811,gate_40,45,True,False
628813,gate_30,5,False,False
628836,gate_40,1,False,False
628989,gate_40,1,False,False
629077,gate_30,4,False,False
629402,gate_40,187,True,True
629441,gate_30,263,True,True
629478,gate_40,4,False,False
629522,gate_30,2,False,False
629604,gate_30,2,False,False
629632,gate_40,13,True,False
629865,gate_30,51,True,False
630048,gate_30,10,False,False
630057,gate_30,27,True,False
630079,gate_40,26,False,False
630102,gate_30,85,True,True
630166,gate_30,89,True,False
630192,gate_30,44,False,False
630198,gate_30,0,False,False
630335,gate_30,6,False,False
630549,gate_40,4,False,False
630559,gate_30,23,True,False
630650,gate_40,1,False,False
630654,gate_40,16,False,False
630713,gate_30,0,False,False
630725,gate_30,10,False,False
630755,gate_40,4,False,False
630853,gate_30,35,True,False
630895,gate_40,38,True,False
631024,gate_30,29,True,False
631086,gate_30,5,False,False
631200,gate_30,2,False,False
631216,gate_40,2,False,False
631275,gate_30,113,True,False
631341,gate_40,395,True,True
631514,gate_30,1,False,False
631674,gate_30,193,True,True
631713,gate_30,57,True,False
631920,gate_40,1,False,False
631930,gate_30,144,True,False
631941,gate_40,45,True,False
631946,gate_40,9,False,False
632107,gate_40,29,True,False
632137,gate_40,3,False,False
632579,gate_30,89,True,True
632742,gate_30,315,True,True
632815,gate_30,33,True,False
632818,gate_40,4,True,False
633054,gate_40,4,False,False
633072,gate_40,167,True,False
633110,gate_30,31,False,False
633125,gate_40,63,True,False
633280,gate_40,2,False,False
633334,gate_30,31,True,False
633391,gate_30,1,False,False
633433,gate_30,10,True,False
633458,gate_40,2,False,False
633518,gate_30,308,True,False
633543,gate_30,46,False,True
633601,gate_30,10,False,False
633727,gate_30,8,False,False
633971,gate_40,2,False,False
633988,gate_40,11,True,False
634041,gate_30,90,True,True
634146,gate_40,28,False,False
634354,gate_40,32,True,False
634482,gate_40,76,True,False
634597,gate_40,17,False,False
634655,gate_30,2,False,False
634707,gate_40,6,False,False
634734,gate_30,1,False,False
634830,gate_40,55,True,False
634837,gate_40,11,True,False
634910,gate_40,81,True,True
634961,gate_30,73,True,False
635034,gate_40,2,False,False
635307,gate_30,2,False,False
635654,gate_40,4,True,False
635782,gate_40,3,False,False
635804,gate_30,77,True,True
635813,gate_40,42,True,False
635902,gate_40,136,True,True
636080,gate_30,39,True,False
636111,gate_30,20,False,False
636209,gate_40,14,False,False
636440,gate_40,208,True,True
636463,gate_40,10,False,False
636505,gate_30,35,True,False
636759,gate_30,266,True,False
636777,gate_30,20,False,False
636805,gate_40,117,False,False
637011,gate_40,4,True,False
637222,gate_30,87,True,True
637394,gate_40,7,False,False
637445,gate_40,17,True,False
637859,gate_30,8,False,False
637939,gate_40,129,True,True
637943,gate_30,25,False,False
637997,gate_40,4,False,False
638097,gate_40,5,False,False
638115,gate_40,21,True,False
638130,gate_30,22,False,False
638150,gate_40,5,False,False
638167,gate_30,40,True,False
638231,gate_30,348,True,True
638271,gate_40,204,True,True
638295,gate_40,4,True,False
638314,gate_40,212,True,True
638367,gate_30,3,False,False
638421,gate_40,2,False,False
638433,gate_40,184,True,True
638883,gate_30,19,False,False
638922,gate_40,1,False,False
638948,gate_40,1,False,False
639539,gate_30,9,False,False
639591,gate_40,2,False,False
639664,gate_40,5,False,False
639760,gate_40,22,False,False
639762,gate_30,95,True,False
639799,gate_30,5,False,False
639889,gate_30,32,True,False
640014,gate_30,51,True,False
640125,gate_30,10,True,False
640161,gate_30,106,True,False
640804,gate_30,3,False,False
640833,gate_30,12,False,False
640972,gate_40,1,False,False
640979,gate_40,13,True,False
640987,gate_40,4,False,False
641004,gate_30,20,False,False
641056,gate_30,5,False,True
641071,gate_40,1,True,False
641135,gate_30,64,True,True
641196,gate_30,14,True,True
641213,gate_30,521,True,True
641219,gate_30,2,False,False
641244,gate_30,140,True,False
641545,gate_40,74,False,True
641607,gate_30,30,True,False
641731,gate_30,40,False,True
641965,gate_40,13,True,False
642062,gate_30,13,False,False
642197,gate_30,18,False,False
642235,gate_40,26,True,False
642239,gate_40,22,True,False
642382,gate_40,1,False,False
642700,gate_30,48,True,False
642744,gate_40,60,True,False
642819,gate_30,165,False,True
643015,gate_40,227,True,False
643168,gate_30,1,False,False
643258,gate_30,10,False,False
643283,gate_30,1,False,False
643290,gate_40,59,True,False
643462,gate_30,56,True,True
643573,gate_40,6,True,False
643588,gate_30,26,True,True
643961,gate_30,10,False,False
644276,gate_30,13,False,False
644297,gate_40,1,False,False
644320,gate_40,599,True,True
644441,gate_40,142,True,False
644465,gate_30,1,False,False
644572,gate_30,35,True,False
644618,gate_30,25,False,False
644641,gate_40,9,True,False
644908,gate_40,18,False,False
645061,gate_40,59,True,False
645173,gate_30,4,False,False
645445,gate_30,1,False,False
645531,gate_30,118,False,False
645568,gate_30,4,False,False
645591,gate_30,0,False,False
645860,gate_30,1,False,False
646147,gate_30,19,False,False
646201,gate_30,28,False,False
646248,gate_40,12,False,False
646322,gate_30,71,True,True
646359,gate_40,175,True,True
646646,gate_40,175,True,True
646759,gate_40,15,False,False
646859,gate_30,7,False,False
646989,gate_40,29,True,False
647040,gate_30,19,False,False
647065,gate_40,4,False,False
647141,gate_30,96,True,True
647187,gate_40,7,True,False
647258,gate_30,59,False,True
647342,gate_30,0,False,False
647391,gate_30,394,True,True
647452,gate_40,3,False,False
647504,gate_40,6,False,False
647696,gate_30,376,True,True
647828,gate_30,173,True,False
648248,gate_40,3,False,False
648267,gate_30,10,True,False
648268,gate_40,27,True,False
648305,gate_30,0,False,False
648365,gate_30,11,True,False
648428,gate_30,13,False,False
648597,gate_40,1,False,False
648704,gate_40,18,False,False
648776,gate_40,11,False,False
648877,gate_30,13,False,False
648896,gate_30,1,False,False
649061,gate_30,8,False,False
649568,gate_40,14,True,False
649661,gate_40,120,True,False
650125,gate_30,20,False,False
650218,gate_30,112,True,True
650241,gate_30,29,True,False
650280,gate_40,170,True,True
650301,gate_30,94,True,False
650391,gate_30,438,True,True
650433,gate_40,16,True,False
650476,gate_40,13,False,False
650569,gate_40,184,True,True
650884,gate_30,8,True,False
650985,gate_30,22,True,True
651034,gate_30,18,True,True
651035,gate_40,14,True,False
651036,gate_30,33,True,True
651174,gate_40,118,True,True
651417,gate_30,339,True,True
651520,gate_40,12,False,False
651711,gate_30,1,False,False
651946,gate_30,0,False,False
651976,gate_40,8,False,False
652059,gate_40,51,True,True
652118,gate_30,30,True,False
652182,gate_30,45,True,False
652196,gate_30,384,True,True
652245,gate_30,13,False,False
652272,gate_40,2,False,False
652346,gate_40,19,False,False
652646,gate_30,6,True,False
652742,gate_30,24,False,False
652790,gate_30,14,False,False
652850,gate_40,5,False,False
652981,gate_40,11,False,False
653047,gate_40,21,True,False
653156,gate_40,62,False,False
653537,gate_40,81,True,False
653585,gate_40,5,False,False
653604,gate_40,1,False,False
653618,gate_40,50,True,False
653692,gate_40,30,True,False
653710,gate_30,9,False,False
653711,gate_30,0,False,False
653839,gate_30,10,True,False
653863,gate_40,69,True,False
653925,gate_40,3,False,False
654319,gate_30,1,False,False
654366,gate_30,3,False,False
654468,gate_40,32,True,False
654631,gate_30,15,False,False
654770,gate_30,49,True,True
654930,gate_30,9,False,False
655095,gate_40,5,False,False
655235,gate_40,3,False,False
655611,gate_30,155,False,False
655618,gate_40,5,False,False
655677,gate_40,1,False,False
655730,gate_30,521,True,True
656136,gate_40,11,False,False
656234,gate_40,7,False,False
656240,gate_40,11,False,False
656281,gate_30,25,False,False
656351,gate_40,32,True,False
656461,gate_30,34,True,False
656673,gate_40,170,False,False
656676,gate_30,4,False,False
656716,gate_40,34,True,True
656873,gate_40,1,False,False
656998,gate_40,19,True,False
657019,gate_40,20,True,False
657068,gate_40,3,False,False
657135,gate_40,13,False,False
657176,gate_30,78,True,False
657282,gate_40,312,True,True
657475,gate_30,6,False,False
657582,gate_30,4,False,False
657713,gate_30,96,True,False
657787,gate_30,1,False,False
657869,gate_40,16,False,False
657901,gate_30,26,False,False
657974,gate_30,121,True,False
658121,gate_40,12,False,False
658232,gate_30,4,False,False
658310,gate_40,19,False,False
658355,gate_30,73,False,False
658407,gate_30,9,True,False
658552,gate_40,23,False,False
658603,gate_30,80,False,True
658706,gate_40,6,False,False
659434,gate_40,95,False,False
659576,gate_40,187,True,True
659610,gate_30,40,False,False
659632,gate_40,173,True,True
659883,gate_40,102,True,True
659892,gate_30,5,False,False
659992,gate_40,15,True,False
660061,gate_30,25,True,True
660095,gate_30,21,True,False
660487,gate_40,169,True,False
660516,gate_30,4,True,False
660608,gate_40,425,True,True
660711,gate_30,63,True,False
661089,gate_30,56,True,False
661090,gate_40,15,False,False
661514,gate_30,59,True,False
661565,gate_40,14,True,False
661718,gate_40,36,True,False
661839,gate_40,24,False,False
662074,gate_40,338,True,True
662125,gate_40,28,True,False
662129,gate_30,4,False,False
662184,gate_30,64,True,True
662185,gate_40,9,True,False
662221,gate_40,5,False,False
662234,gate_40,46,False,False
662286,gate_30,203,True,True
662312,gate_30,16,True,False
662361,gate_40,2,False,False
662391,gate_30,111,True,True
662523,gate_30,26,True,False
662561,gate_40,6,False,False
662650,gate_30,85,True,False
662866,gate_40,12,False,False
662868,gate_40,80,False,True
663026,gate_40,16,False,False
663052,gate_40,220,True,True
663145,gate_40,64,True,False
663278,gate_40,0,False,False
663345,gate_30,3,False,False
663657,gate_40,4,False,False
663695,gate_40,210,False,True
663821,gate_30,207,True,True
664027,gate_40,20,False,False
664302,gate_40,242,True,True
664364,gate_30,315,True,True
664426,gate_40,55,True,False
664430,gate_40,14,True,False
664448,gate_30,96,True,False
664481,gate_40,7,False,False
664528,gate_30,7,False,False
664593,gate_30,7,False,False
664734,gate_30,40,True,False
664775,gate_40,139,True,True
664787,gate_40,15,True,False
664848,gate_30,463,False,True
664994,gate_40,0,False,False
665101,gate_30,10,False,False
665113,gate_40,4,False,False
665268,gate_30,29,True,False
665309,gate_40,1,False,False
665376,gate_40,27,True,False
665401,gate_30,28,False,False
665657,gate_40,12,True,False
665790,gate_30,23,True,True
665813,gate_30,69,True,True
665934,gate_40,8,True,False
666021,gate_30,296,True,True
666378,gate_40,25,True,False
666400,gate_30,18,False,False
666541,gate_30,15,True,False
666796,gate_30,2,False,False
666831,gate_40,25,False,True
666901,gate_30,75,True,True
666957,gate_30,14,False,False
667215,gate_40,4,False,False
667339,gate_30,63,True,False
667366,gate_30,4,False,False
667783,gate_30,493,True,True
668037,gate_30,8,False,False
668123,gate_30,385,True,True
668126,gate_30,0,False,False
668155,gate_30,0,False,False
668878,gate_30,51,False,False
668881,gate_40,0,False,False
669218,gate_40,11,True,False
669245,gate_40,3,False,False
669392,gate_30,47,True,True
669441,gate_30,0,False,False
669482,gate_40,7,True,False
669715,gate_40,2,True,False
669923,gate_30,3,False,False
669938,gate_40,38,True,False
669943,gate_30,1,True,True
670018,gate_30,28,True,False
670105,gate_40,28,False,False
670122,gate_30,39,False,True
670186,gate_40,55,True,True
670263,gate_40,11,True,False
670823,gate_40,117,True,False
671014,gate_40,3,False,False
671171,gate_30,38,True,False
671222,gate_40,12,False,False
671247,gate_30,129,True,True
671570,gate_30,3,False,False
671770,gate_40,143,True,False
672005,gate_40,2,False,False
672060,gate_30,3,False,False
672157,gate_30,7,True,False
672224,gate_30,1,False,False
672238,gate_30,12,True,False
672240,gate_30,6,False,False
672306,gate_30,1,False,False
672442,gate_40,6,False,False
672580,gate_40,0,False,False
672642,gate_30,15,False,False
672680,gate_40,3,False,False
672684,gate_30,5,False,False
672835,gate_30,117,True,True
672923,gate_40,20,True,False
672985,gate_30,8,False,False
673229,gate_30,88,True,False
673348,gate_40,1,False,False
673432,gate_30,39,True,False
673586,gate_30,91,True,False
673734,gate_40,17,True,False
673748,gate_40,6,False,False
673787,gate_40,19,False,True
673795,gate_30,0,False,False
673867,gate_40,18,True,False
674146,gate_40,9,False,False
674195,gate_30,10,False,False
674260,gate_30,106,True,False
674261,gate_30,20,True,False
674300,gate_30,11,False,False
674336,gate_40,106,True,False
674369,gate_40,44,False,False
674606,gate_30,1,False,False
674783,gate_30,41,True,True
675445,gate_40,76,True,False
675693,gate_40,61,True,False
675751,gate_40,32,True,False
675800,gate_30,8,False,False
675927,gate_30,1,False,False
676139,gate_40,16,False,False
676181,gate_40,438,True,True
676343,gate_30,34,True,False
676366,gate_40,10,True,False
676512,gate_30,330,True,True
676697,gate_30,1,False,False
677093,gate_40,68,True,False
677219,gate_40,32,True,False
677236,gate_40,31,True,False
677379,gate_30,36,False,False
677468,gate_40,23,True,False
677549,gate_30,99,True,True
677820,gate_30,87,False,True
677848,gate_40,0,False,False
677880,gate_30,36,True,False
677974,gate_40,2,False,False
678274,gate_30,5,False,False
678589,gate_30,14,True,False
678645,gate_30,38,True,False
678692,gate_40,0,False,False
678752,gate_30,88,True,False
678798,gate_40,301,True,True
678867,gate_30,10,False,False
678931,gate_40,16,False,False
678962,gate_30,11,False,False
679030,gate_30,0,True,False
679137,gate_40,19,True,False
679228,gate_30,27,False,False
679368,gate_40,36,False,False
679459,gate_30,31,True,False
679586,gate_30,14,False,False
679909,gate_40,24,False,True
679933,gate_40,10,False,False
679986,gate_40,11,False,False
679997,gate_30,68,True,False
680319,gate_30,0,False,False
680376,gate_30,110,True,True
680422,gate_40,18,True,False
680447,gate_30,0,False,False
680458,gate_30,33,True,False
680641,gate_40,1,False,False
680854,gate_30,15,False,False
680877,gate_30,3,False,False
680901,gate_40,291,True,True
681009,gate_30,82,True,False
681085,gate_30,0,False,False
681100,gate_40,15,False,False
681250,gate_30,184,True,False
681322,gate_40,43,False,False
681359,gate_30,44,True,False
681501,gate_30,161,True,True
681632,gate_40,21,False,False
681688,gate_30,330,True,True
681794,gate_30,78,True,False
681828,gate_40,6,False,False
682101,gate_40,38,True,False
682481,gate_30,23,False,False
682569,gate_40,64,True,True
682971,gate_40,1,False,False
683164,gate_30,23,True,False
683192,gate_40,16,True,True
683213,gate_30,44,False,False
683247,gate_30,5,False,False
683452,gate_30,43,True,False
683464,gate_40,10,True,False
683527,gate_30,44,True,False
683615,gate_40,14,False,False
683674,gate_40,88,True,True
683733,gate_40,9,False,False
683801,gate_40,2,False,False
683862,gate_40,1,False,False
684454,gate_40,15,False,False
684481,gate_30,92,True,True
684587,gate_40,35,True,False
684703,gate_30,61,True,False
684975,gate_30,21,False,False
684992,gate_40,25,False,False
685034,gate_30,10,False,False
685057,gate_30,6,False,False
685448,gate_40,297,True,True
685544,gate_30,20,False,False
685580,gate_40,384,True,True
685660,gate_30,11,False,False
685859,gate_40,16,False,False
685894,gate_30,7,False,False
685941,gate_30,30,False,False
685987,gate_30,1,False,False
685993,gate_40,115,True,True
686050,gate_30,20,False,False
686099,gate_40,17,True,True
686158,gate_30,13,False,False
686377,gate_30,1,False,False
686423,gate_40,6,True,False
686643,gate_30,395,True,True
686762,gate_30,63,True,True
686790,gate_40,30,False,False
686845,gate_30,6,False,False
686885,gate_40,14,False,False
686922,gate_30,136,True,True
686937,gate_40,42,True,True
686947,gate_30,89,True,True
687016,gate_40,11,False,False
687201,gate_40,1,False,False
687232,gate_40,3,False,False
687413,gate_30,101,True,False
687723,gate_30,7,False,False
687932,gate_30,0,False,False
688233,gate_40,10,False,False
688255,gate_40,1,False,False
688418,gate_30,2,False,False
688423,gate_30,49,True,True
688506,gate_30,24,False,False
688553,gate_40,43,True,True
688559,gate_40,1,False,False
688579,gate_30,3,False,False
688698,gate_40,0,True,False
688751,gate_40,37,True,False
688807,gate_30,221,True,True
688830,gate_40,14,False,True
689320,gate_30,111,True,True
689326,gate_40,16,True,False
689374,gate_40,52,True,False
689417,gate_30,260,True,True
689449,gate_30,7,True,False
689517,gate_40,4,False,False
689593,gate_30,24,True,True
689652,gate_40,10,False,False
689711,gate_30,0,False,False
689788,gate_40,4,False,False
690001,gate_30,46,True,False
690105,gate_40,1,False,False
690279,gate_30,205,True,True
690323,gate_30,15,False,False
690418,gate_30,1,False,False
690613,gate_30,0,False,False
690815,gate_30,17,False,False
690845,gate_30,5,True,False
691053,gate_30,23,False,False
691229,gate_40,4,False,True
691284,gate_30,125,True,False
691288,gate_30,560,True,True
691616,gate_40,1,False,False
691854,gate_30,60,True,False
691995,gate_30,5,True,False
692383,gate_30,7,False,False
692509,gate_30,6,False,False
692565,gate_40,15,False,True
692866,gate_40,3,False,False
692901,gate_40,45,True,False
692935,gate_40,0,False,False
692994,gate_40,0,False,False
693127,gate_40,9,True,False
693433,gate_30,10,True,False
693498,gate_40,0,False,False
693624,gate_40,218,True,True
693659,gate_30,12,False,False
693866,gate_30,0,False,False
693894,gate_30,5,False,False
693989,gate_40,148,True,True
694425,gate_40,13,True,False
694516,gate_40,112,True,False
694662,gate_40,177,True,True
694770,gate_40,41,True,True
694954,gate_30,2,False,False
694968,gate_40,11,False,False
695034,gate_40,94,True,True
695047,gate_30,8,False,False
695104,gate_30,21,False,False
695227,gate_40,16,False,False
695279,gate_30,27,False,False
696031,gate_30,15,False,False
696173,gate_40,4,False,False
696307,gate_40,114,True,True
696319,gate_30,23,True,False
696558,gate_40,177,True,True
696639,gate_30,38,True,False
696658,gate_30,2,False,False
696881,gate_30,4,False,False
696903,gate_40,59,True,True
696952,gate_30,15,True,False
697075,gate_40,8,False,False
697193,gate_30,32,True,False
697437,gate_30,135,True,False
697557,gate_40,21,True,False
697745,gate_40,196,True,False
697795,gate_30,91,True,False
697864,gate_30,0,True,False
697923,gate_40,0,False,False
698186,gate_40,5,False,False
698310,gate_40,12,True,False
698484,gate_40,2,False,False
698526,gate_30,1,False,False
698739,gate_40,77,True,False
698792,gate_30,4,False,False
698821,gate_30,37,True,False
698878,gate_30,18,False,False
699024,gate_40,128,True,True
699175,gate_40,1,False,False
699192,gate_40,23,True,False
699236,gate_30,34,True,False
699262,gate_30,6,False,False
699347,gate_40,1,False,False
699366,gate_30,313,True,False
699796,gate_30,2,False,False
699823,gate_40,161,True,False
699930,gate_40,1,True,False
699995,gate_30,71,False,False
700051,gate_40,122,True,True
700085,gate_40,18,False,False
700566,gate_30,0,False,False
700616,gate_40,10,False,False
700635,gate_40,239,True,True
700645,gate_40,0,False,False
700727,gate_40,1,False,False
700744,gate_30,55,True,False
700896,gate_40,6,False,False
701167,gate_30,11,False,False
701228,gate_30,4,False,False
701502,gate_30,6,False,False
701836,gate_30,381,True,False
701964,gate_40,26,True,True
702170,gate_30,433,True,True
702214,gate_30,29,True,False
702279,gate_30,20,False,False
702333,gate_40,31,True,False
702388,gate_40,19,True,False
702444,gate_40,0,True,False
702596,gate_40,4,False,False
702669,gate_40,2,False,False
702793,gate_30,5,False,False
702805,gate_30,70,True,False
702825,gate_40,22,False,False
703082,gate_30,103,True,False
703371,gate_30,3,False,False
703442,gate_40,4,True,False
703466,gate_40,34,False,False
703485,gate_30,0,False,False
703721,gate_30,3,False,False
704105,gate_30,75,True,False
704224,gate_40,10,False,False
704252,gate_30,22,False,True
704255,gate_40,60,True,True
704425,gate_30,169,True,True
704498,gate_40,7,False,False
704606,gate_40,18,True,True
704777,gate_40,3,False,False
704859,gate_30,16,True,False
705050,gate_30,131,True,False
705072,gate_30,15,False,False
705081,gate_40,305,True,True
705229,gate_30,37,True,False
705310,gate_40,281,True,True
705312,gate_40,7,False,False
705482,gate_40,42,True,True
705513,gate_30,70,True,True
705607,gate_30,0,False,False
705646,gate_40,26,True,False
705648,gate_30,72,True,False
705904,gate_30,6,False,False
705951,gate_30,100,True,False
706136,gate_40,21,True,False
706183,gate_40,6,False,False
706578,gate_40,106,True,True
706597,gate_30,46,True,False
706630,gate_30,7,False,False
707017,gate_40,5,False,False
707132,gate_30,1,False,False
707153,gate_30,32,False,False
707283,gate_30,19,True,True
707292,gate_40,131,True,False
707458,gate_30,1,False,False
707539,gate_40,2,False,False
707731,gate_40,4,False,False
707774,gate_30,191,True,True
707820,gate_40,40,False,False
707889,gate_40,48,True,False
707895,gate_30,39,False,False
708232,gate_30,30,True,True
708437,gate_40,1,False,False
708518,gate_30,26,True,True
708585,gate_40,1,False,False
708886,gate_40,1,False,False
708893,gate_30,37,False,False
708971,gate_40,2,False,False
708991,gate_30,29,True,False
709143,gate_40,8,True,False
709223,gate_40,0,False,False
709278,gate_30,439,True,True
709474,gate_40,101,True,False
710039,gate_30,0,False,False
710078,gate_40,27,True,False
710095,gate_40,9,False,False
710312,gate_30,11,False,False
710417,gate_30,7,False,False
710440,gate_30,88,True,False
710621,gate_30,90,False,True
710756,gate_30,90,True,True
710778,gate_40,1,False,False
710893,gate_30,2,False,False
710955,gate_40,82,True,True
711007,gate_30,22,False,False
711135,gate_40,37,True,False
711180,gate_40,1,False,False
711305,gate_40,120,True,True
711350,gate_30,15,False,False
711601,gate_40,71,True,True
711816,gate_30,17,True,False
712059,gate_40,36,True,False
712088,gate_30,0,False,False
712440,gate_40,19,True,False
712509,gate_30,55,True,True
712632,gate_30,16,False,False
712678,gate_30,59,True,False
712807,gate_30,53,True,True
713095,gate_30,18,False,False
713191,gate_40,5,False,False
713514,gate_40,25,True,False
713557,gate_40,292,True,True
713642,gate_40,165,False,False
713658,gate_40,3,False,False
713671,gate_40,43,True,False
713703,gate_40,58,False,False
713722,gate_30,0,False,False
713855,gate_30,6,False,False
713991,gate_40,2,False,False
713993,gate_30,11,False,False
714014,gate_40,16,True,False
714158,gate_40,173,True,False
714168,gate_30,2,True,False
714213,gate_40,49,True,False
714314,gate_30,33,True,False
714485,gate_30,4,False,False
714491,gate_40,9,False,False
714593,gate_30,60,True,True
714864,gate_40,18,True,False
715038,gate_30,3,False,False
715206,gate_30,9,True,False
715278,gate_30,6,False,False
715308,gate_40,52,True,True
715335,gate_30,11,False,False
715624,gate_30,17,True,False
715884,gate_30,210,False,False
715886,gate_30,1,False,False
715920,gate_30,105,True,True
715984,gate_30,131,True,True
716231,gate_40,5,False,False
716278,gate_30,43,True,True
716295,gate_30,130,True,True
716297,gate_40,18,False,False
716312,gate_40,219,True,True
716322,gate_40,33,True,False
716427,gate_40,9,False,False
716867,gate_30,4,True,False
716906,gate_40,3,False,False
716959,gate_40,10,False,False
717019,gate_30,26,True,False
717162,gate_30,185,True,True
717454,gate_40,9,False,False
717463,gate_30,17,False,False
717525,gate_40,7,True,False
717545,gate_30,26,True,False
717619,gate_40,63,True,False
717723,gate_30,47,True,False
717876,gate_40,40,True,False
718056,gate_30,47,True,False
718092,gate_40,5,False,False
718107,gate_40,0,False,False
718183,gate_40,31,True,False
718186,gate_30,1,False,False
718292,gate_40,49,True,False
718296,gate_40,7,False,False
718321,gate_30,110,True,False
718415,gate_40,8,False,False
718709,gate_30,7,False,False
718859,gate_40,48,True,False
718885,gate_40,15,False,False
719013,gate_30,70,False,True
719259,gate_40,6,False,False
719400,gate_40,52,True,True
719458,gate_30,11,False,False
719470,gate_30,2,False,False
719488,gate_30,19,True,True
719584,gate_30,348,True,True
719701,gate_40,17,False,False
719730,gate_40,14,False,False
719842,gate_40,121,False,True
719887,gate_40,31,False,False
720000,gate_40,55,True,True
720176,gate_40,212,True,True
720198,gate_30,147,False,True
720716,gate_40,30,True,False
720960,gate_40,78,False,True
721010,gate_30,4,False,False
721044,gate_40,68,True,True
721123,gate_30,3,False,False
721125,gate_30,2,False,False
721189,gate_40,9,False,False
721294,gate_40,216,False,True
721357,gate_40,12,False,False
721560,gate_40,5,False,False
721578,gate_40,19,True,False
721735,gate_30,54,True,False
721901,gate_40,386,True,True
722085,gate_30,41,False,False
722227,gate_30,548,True,True
722248,gate_40,183,True,True
722406,gate_30,5,True,False
722625,gate_30,11,False,False
722652,gate_40,50,True,False
722875,gate_30,23,False,False
723252,gate_40,21,True,False
723274,gate_40,1,False,False
723569,gate_30,37,True,True
723606,gate_30,833,True,True
723675,gate_30,21,False,False
723930,gate_40,14,True,False
723975,gate_40,15,False,False
724504,gate_30,3,False,False
724569,gate_40,9,False,False
724602,gate_30,7,False,False
724688,gate_30,7,False,False
724848,gate_30,9,True,False
724946,gate_30,9,True,False
724964,gate_40,0,False,False
724984,gate_40,2,False,False
725080,gate_40,2015,True,True
725105,gate_40,19,True,False
725161,gate_30,4,False,False
725205,gate_40,7,False,False
725228,gate_30,1,False,False
725262,gate_40,7,False,False
725417,gate_40,33,True,False
725477,gate_30,191,True,True
725513,gate_30,2,False,False
725524,gate_40,72,True,False
725622,gate_30,7,False,False
725802,gate_30,11,True,False
725939,gate_30,19,True,False
725965,gate_30,0,False,False
726106,gate_30,0,False,False
726137,gate_40,12,False,False
726194,gate_40,116,True,False
726654,gate_40,2,False,False
726806,gate_30,82,True,False
726866,gate_30,88,True,True
726983,gate_40,9,False,False
727034,gate_40,82,False,True
727050,gate_30,21,True,False
727206,gate_40,43,True,True
727217,gate_30,118,True,False
727304,gate_30,27,True,False
727487,gate_40,2,False,False
727625,gate_40,62,True,False
727693,gate_30,20,False,False
727912,gate_30,1,False,False
727948,gate_30,25,False,False
728043,gate_30,5,False,False
728224,gate_40,2,False,False
728270,gate_30,34,False,False
728388,gate_40,4,False,False
728449,gate_30,81,False,True
728688,gate_40,13,True,False
728999,gate_30,2,False,False
729000,gate_40,74,True,False
729155,gate_40,92,True,False
729468,gate_40,5,False,False
729491,gate_40,11,True,False
729532,gate_40,21,True,False
729679,gate_40,4,False,False
729806,gate_30,90,False,True
730203,gate_30,2,False,False
730231,gate_30,5,False,False
730372,gate_30,31,True,False
730508,gate_40,7,False,False
730695,gate_40,5,True,False
730889,gate_40,130,True,True
730960,gate_40,4,False,False
730964,gate_40,57,True,False
731012,gate_30,35,True,False
731108,gate_40,19,True,False
731250,gate_30,199,False,True
731714,gate_40,30,True,False
731763,gate_30,17,True,True
731868,gate_30,151,True,True
731942,gate_40,13,False,False
732003,gate_40,290,True,True
732029,gate_40,1,False,False
732089,gate_40,2,False,False
732144,gate_40,15,False,False
732368,gate_40,218,True,True
732418,gate_30,30,True,False
732514,gate_40,2,False,False
732552,gate_40,43,True,True
732636,gate_30,3,False,False
732966,gate_30,37,False,True
733104,gate_40,92,True,True
733258,gate_40,10,False,False
733304,gate_30,1,False,False
733581,gate_40,154,True,True
733641,gate_40,7,False,False
733659,gate_30,22,True,False
733886,gate_40,13,True,False
733935,gate_40,10,False,False
733950,gate_30,16,False,True
734181,gate_40,0,False,False
734216,gate_40,24,False,False
734241,gate_30,35,False,False
734354,gate_30,123,True,True
734452,gate_40,14,True,False
734540,gate_40,247,True,True
734598,gate_40,19,False,False
734688,gate_40,28,True,False
734701,gate_30,5,False,False
734785,gate_30,5,False,False
734953,gate_40,88,True,False
735100,gate_40,0,False,False
735149,gate_30,32,True,False
735163,gate_30,3,False,False
735182,gate_30,3,False,False
735192,gate_30,1,False,False
735223,gate_40,8,False,False
735286,gate_40,0,False,False
735303,gate_40,22,False,False
735456,gate_30,0,False,False
735555,gate_40,3,False,False
735760,gate_40,97,True,True
735941,gate_40,76,True,False
736013,gate_30,63,False,True
736019,gate_30,15,False,False
736085,gate_40,1,False,False
736174,gate_40,22,True,False
736220,gate_40,3,False,False
736245,gate_30,11,False,False
736403,gate_40,17,True,False
736581,gate_30,24,False,False
736654,gate_40,1,False,False
736662,gate_40,9,False,False
736686,gate_30,23,True,False
736782,gate_30,4,False,False
737064,gate_30,59,True,True
737389,gate_40,0,False,False
737438,gate_40,462,True,True
737515,gate_30,1,False,False
737549,gate_30,3,False,False
737566,gate_40,12,True,False
737578,gate_30,886,True,True
737618,gate_40,12,False,False
737755,gate_40,80,False,False
737881,gate_30,72,True,False
737954,gate_40,27,False,False
737971,gate_40,12,False,False
738206,gate_40,1,False,False
738300,gate_30,46,False,False
739014,gate_30,48,False,False
739147,gate_30,1,False,False
739178,gate_40,7,False,False
739553,gate_40,14,True,False
739564,gate_30,71,True,False
739718,gate_30,6,False,False
739727,gate_40,59,True,True
739745,gate_40,4,False,False
739834,gate_30,11,True,False
739940,gate_30,54,True,True
740070,gate_30,2,False,False
740099,gate_40,0,False,False
740542,gate_30,2,False,False
740567,gate_30,6,True,False
740616,gate_40,10,False,False
740708,gate_40,48,True,False
740748,gate_30,7,False,False
740782,gate_40,276,True,False
740818,gate_30,183,True,True
740944,gate_30,0,False,False
741040,gate_30,184,True,True
741214,gate_40,16,False,False
741222,gate_40,257,True,True
741264,gate_30,1,False,False
741291,gate_30,182,True,True
741341,gate_40,11,False,False
741506,gate_40,50,False,False
741625,gate_30,4,False,False
741730,gate_30,4,False,False
741785,gate_30,365,True,True
741857,gate_40,20,True,False
741944,gate_40,138,True,True
742030,gate_40,8,True,False
742036,gate_30,100,True,False
742134,gate_30,8,False,False
742394,gate_30,3,False,False
742461,gate_40,2,False,False
742788,gate_40,13,False,False
742980,gate_40,2,False,False
743015,gate_40,71,True,False
743443,gate_30,16,False,False
743744,gate_40,1,False,False
743942,gate_30,2,False,False
744003,gate_40,3,False,False
744401,gate_40,23,True,False
744434,gate_30,82,True,False
744654,gate_40,5,False,False
744685,gate_40,32,True,True
744873,gate_30,5,False,False
744928,gate_40,10,False,True
745105,gate_40,49,True,False
745158,gate_30,35,True,False
745196,gate_30,7,False,False
745202,gate_40,94,False,False
745237,gate_30,111,True,False
745329,gate_30,1,False,False
745588,gate_40,17,True,False
745597,gate_30,15,True,False
745694,gate_30,23,True,False
746139,gate_30,2,False,False
746246,gate_40,15,True,True
746319,gate_30,141,True,False
746524,gate_40,28,False,False
746722,gate_30,17,False,False
746858,gate_40,29,True,False
746896,gate_30,0,False,False
746995,gate_40,60,True,False
747128,gate_40,150,True,False
747232,gate_40,4,False,False
747248,gate_40,104,True,True
747364,gate_40,23,False,True
747451,gate_30,9,False,False
747462,gate_40,55,True,False
747817,gate_30,15,True,False
747945,gate_40,10,False,False
748069,gate_40,26,False,False
748118,gate_30,52,True,True
748187,gate_30,6,False,False
748248,gate_30,33,False,False
748252,gate_40,64,False,False
748254,gate_40,8,True,False
748689,gate_40,13,False,False
749043,gate_40,30,True,False
749046,gate_30,21,False,False
749129,gate_40,1,False,False
749149,gate_40,3,False,False
749275,gate_40,878,True,True
749415,gate_30,2,False,False
749490,gate_30,187,True,True
749549,gate_30,0,False,False
749745,gate_30,14,False,False
749765,gate_30,11,True,False
749920,gate_40,1,False,False
749976,gate_30,5,False,False
750059,gate_40,85,True,True
750144,gate_30,222,True,True
750170,gate_40,19,True,False
750209,gate_30,16,False,False
750214,gate_40,9,False,False
750224,gate_30,4,False,False
750424,gate_40,96,True,False
750487,gate_30,3,False,False
750530,gate_40,4,False,False
750725,gate_40,2,False,False
750740,gate_30,1,False,False
750923,gate_30,22,False,False
750941,gate_30,1,False,False
751003,gate_40,28,False,True
751008,gate_40,23,True,False
751050,gate_30,59,True,False
751141,gate_30,16,False,False
751173,gate_30,46,True,False
751237,gate_30,1,False,False
751308,gate_30,3,False,False
751611,gate_30,9,False,False
751641,gate_30,102,True,False
751941,gate_30,31,True,False
752185,gate_30,3,False,False
752500,gate_40,91,True,True
752515,gate_40,68,True,False
752621,gate_40,58,True,False
752960,gate_30,78,True,False
753082,gate_30,9,False,False
753120,gate_40,0,False,False
753199,gate_40,1,False,False
753212,gate_40,1,False,False
753258,gate_30,15,True,False
753382,gate_40,8,True,False
753427,gate_40,3,False,False
753686,gate_40,7,False,False
753733,gate_30,1,False,False
753847,gate_40,3,True,False
753863,gate_40,118,True,True
754028,gate_40,21,False,False
754117,gate_30,58,True,False
754168,gate_40,20,False,False
754193,gate_40,117,True,False
754324,gate_40,96,True,True
754388,gate_40,47,True,True
754581,gate_30,14,False,False
754674,gate_30,9,False,False
754746,gate_30,8,False,False
754844,gate_30,20,False,False
754997,gate_40,43,True,False
755093,gate_30,2,False,False
755168,gate_30,8,True,False
755171,gate_40,1,False,False
755459,gate_30,2,False,False
755477,gate_30,7,True,False
755511,gate_30,9,False,False
755593,gate_40,159,True,True
755814,gate_30,0,False,False
756048,gate_30,20,True,False
756093,gate_30,35,False,True
756260,gate_30,2,False,False
756274,gate_40,8,False,False
756539,gate_40,15,False,False
756770,gate_30,23,False,False
757088,gate_30,260,True,True
757354,gate_30,7,False,False
757426,gate_30,105,True,False
757513,gate_30,30,False,False
757550,gate_30,59,True,False
757728,gate_40,18,False,False
757744,gate_40,85,True,False
757754,gate_40,3,False,False
758095,gate_30,41,True,False
758125,gate_30,0,False,False
758207,gate_40,22,True,False
758211,gate_40,5,False,False
758425,gate_40,26,True,False
758446,gate_30,11,False,False
758679,gate_30,3,False,False
758835,gate_40,7,False,False
758990,gate_40,36,True,False
759174,gate_40,360,True,True
759353,gate_40,9,False,False
759448,gate_30,12,True,False
759589,gate_30,190,True,True
759607,gate_30,11,True,False
759636,gate_30,4,False,False
759734,gate_40,31,False,True
759848,gate_40,1,False,False
759889,gate_40,2,False,False
759915,gate_30,43,True,True
760044,gate_40,9,False,False
760126,gate_40,60,False,False
760285,gate_30,105,True,True
760334,gate_30,20,False,False
760418,gate_30,6,True,False
760537,gate_40,4,False,False
760608,gate_30,56,True,False
760618,gate_40,5,False,False
760714,gate_40,8,True,False
760735,gate_30,137,True,True
760793,gate_40,0,False,False
760874,gate_30,70,True,False
760925,gate_40,15,False,False
760964,gate_30,25,False,False
760973,gate_40,16,False,True
761016,gate_30,6,False,False
761106,gate_30,40,True,False
761505,gate_40,10,False,False
761770,gate_40,82,True,False
761889,gate_40,25,True,False
761962,gate_40,1,False,False
762127,gate_40,19,True,False
762236,gate_30,44,True,True
762265,gate_30,0,False,False
762292,gate_30,41,False,False
762491,gate_30,0,False,False
762754,gate_40,11,False,False
762767,gate_40,23,False,False
762863,gate_30,2,False,False
762896,gate_40,49,True,False
762952,gate_30,6,False,False
763020,gate_30,67,False,False
763241,gate_30,14,False,False
763341,gate_40,30,True,False
763394,gate_40,56,True,True
763476,gate_30,30,False,False
763631,gate_40,7,False,False
763667,gate_30,35,True,False
763745,gate_30,2,False,False
763847,gate_30,5,False,False
763879,gate_40,39,True,False
763955,gate_40,134,True,True
764081,gate_30,697,True,False
764092,gate_30,39,True,False
764206,gate_40,160,True,False
764227,gate_40,11,False,False
764304,gate_40,4,False,False
764321,gate_40,202,True,True
764353,gate_40,3,False,False
764444,gate_40,5,False,False
764565,gate_40,7,False,False
764579,gate_30,2,False,False
764784,gate_40,2,False,False
764925,gate_30,107,True,True
765137,gate_40,17,False,True
765373,gate_30,50,True,True
765579,gate_30,2,False,False
765738,gate_30,209,True,False
765862,gate_40,71,False,True
765917,gate_30,291,False,True
765996,gate_40,24,False,False
766120,gate_30,31,True,False
766318,gate_40,70,False,False
766350,gate_40,0,False,False
766418,gate_40,110,True,True
766420,gate_40,7,False,False
766460,gate_30,30,True,False
766594,gate_30,13,False,False
766613,gate_30,46,True,True
766650,gate_40,18,True,False
766805,gate_30,1,False,False
767037,gate_40,11,False,False
767076,gate_30,3,False,False
767106,gate_30,1,False,False
767142,gate_30,0,False,True
767267,gate_40,7,False,False
767284,gate_40,55,False,False
767348,gate_30,124,True,False
767441,gate_40,12,False,False
767902,gate_30,4,False,False
768057,gate_40,28,True,False
768139,gate_30,16,False,False
768182,gate_30,6,False,False
768292,gate_30,38,True,False
768322,gate_40,412,True,True
768423,gate_30,7,False,False
768811,gate_40,4,False,False
769004,gate_30,197,True,True
769073,gate_40,191,True,True
769098,gate_30,27,True,False
769106,gate_30,18,False,True
769158,gate_30,7,False,False
769257,gate_40,8,False,False
769418,gate_40,2,False,False
769460,gate_40,2,False,False
769469,gate_40,32,True,False
769472,gate_30,78,True,False
769575,gate_40,3,False,False
769787,gate_30,0,False,False
769988,gate_30,0,False,False
770038,gate_30,66,True,False
770118,gate_30,1,False,False
770136,gate_30,41,False,False
770316,gate_30,40,False,True
770457,gate_30,31,True,False
770550,gate_30,44,False,False
770817,gate_40,16,True,False
771112,gate_30,6,False,False
771146,gate_30,12,False,False
771540,gate_30,9,True,False
771688,gate_40,2,True,False
772180,gate_30,93,True,False
772232,gate_40,11,False,False
772338,gate_30,40,True,False
772341,gate_40,1,False,False
772342,gate_30,28,True,False
772369,gate_30,12,False,True
772383,gate_40,3,False,False
772478,gate_30,47,True,False
772753,gate_40,0,False,False
772980,gate_40,2,False,False
773098,gate_40,20,True,False
773466,gate_40,1,False,False
773468,gate_40,12,True,False
773477,gate_30,13,True,False
773499,gate_40,74,False,False
773647,gate_30,68,True,True
773673,gate_30,48,True,False
773681,gate_40,62,True,True
773865,gate_30,13,False,False
773929,gate_40,13,False,False
773951,gate_30,2,False,False
774006,gate_40,37,True,False
774126,gate_30,21,False,False
774162,gate_30,26,False,False
774291,gate_30,25,True,False
774417,gate_30,6,False,False
774481,gate_30,2,False,False
774532,gate_30,3,False,False
774636,gate_30,1,False,False
775049,gate_40,0,False,False
775192,gate_40,382,True,True
775232,gate_30,0,False,False
775297,gate_40,13,False,True
775301,gate_40,30,False,False
775455,gate_40,272,True,True
775710,gate_40,48,False,False
775734,gate_40,0,False,False
775741,gate_30,20,False,False
775749,gate_40,9,True,False
775752,gate_40,79,True,False
775815,gate_30,21,False,False
775828,gate_30,4,False,False
775886,gate_40,12,False,False
776018,gate_30,2,False,False
776386,gate_30,248,True,True
776483,gate_30,84,True,True
776597,gate_30,97,True,True
776716,gate_30,0,False,False
776817,gate_40,637,True,True
777081,gate_40,2,False,False
777182,gate_40,28,True,False
777186,gate_40,6,False,False
777219,gate_30,52,True,False
777261,gate_40,12,True,False
777296,gate_40,1,False,False
777494,gate_40,11,False,True
777501,gate_30,124,True,True
777601,gate_30,1,False,False
777686,gate_40,17,False,False
777761,gate_30,71,True,True
778024,gate_40,5,False,False
778542,gate_40,46,True,False
778557,gate_30,23,True,True
778653,gate_40,49,True,False
778672,gate_30,3,False,False
778725,gate_40,19,False,False
778748,gate_40,3,False,False
778881,gate_30,141,True,True
779248,gate_30,2,False,False
779277,gate_30,11,False,False
779283,gate_40,1,False,False
779585,gate_40,115,True,True
779625,gate_40,90,True,True
779664,gate_40,4,False,False
779714,gate_40,44,True,False
779727,gate_40,2,False,False
779813,gate_30,9,False,True
779842,gate_40,14,False,False
779905,gate_30,55,True,False
779997,gate_40,7,False,False
780303,gate_40,2,False,False
780398,gate_40,52,True,False
780584,gate_40,6,True,False
780640,gate_30,2,False,False
780763,gate_30,2,False,False
780896,gate_30,7,False,False
780914,gate_40,298,True,True
780924,gate_30,2,False,False
780938,gate_30,101,False,True
781066,gate_40,143,True,False
781199,gate_40,11,True,False
781287,gate_30,0,False,False
781294,gate_30,103,False,False
781475,gate_40,72,True,False
781630,gate_30,0,False,False
781789,gate_30,36,True,False
781919,gate_40,4,False,False
782096,gate_40,0,False,False
782099,gate_40,37,False,False
782264,gate_30,36,False,False
782268,gate_30,0,False,False
782411,gate_30,24,True,False
782728,gate_30,27,True,False
782879,gate_30,16,True,False
782904,gate_30,32,False,False
782977,gate_40,1,False,False
783085,gate_40,240,True,True
783209,gate_40,35,True,False
783267,gate_30,162,True,True
783386,gate_40,4,False,False
783494,gate_40,20,True,False
783573,gate_40,5,False,False
783584,gate_30,114,True,True
783614,gate_30,13,False,False
783631,gate_40,15,True,False
783672,gate_30,5,False,False
783736,gate_30,3,True,False
783754,gate_40,5,True,False
783795,gate_40,98,True,False
783921,gate_40,4,False,False
784002,gate_40,50,True,False
784219,gate_40,3,False,False
784249,gate_30,11,False,False
784383,gate_40,121,True,False
784466,gate_30,52,False,False
784723,gate_30,3,False,False
784724,gate_40,16,True,False
784774,gate_30,30,False,False
784827,gate_40,1,False,False
784988,gate_40,32,True,False
785833,gate_40,1,False,False
786056,gate_40,6,False,False
786062,gate_30,36,True,False
786135,gate_40,88,True,False
786240,gate_40,11,False,False
786311,gate_30,6,False,False
786357,gate_30,58,False,False
786455,gate_30,260,True,True
786484,gate_30,21,False,False
786485,gate_30,1,False,False
786488,gate_40,52,False,False
786531,gate_40,80,True,False
786627,gate_40,193,True,True
786761,gate_40,3,False,False
787037,gate_30,0,False,False
787039,gate_30,8,False,False
787111,gate_30,5,False,False
787161,gate_40,15,False,False
787496,gate_40,112,True,False
787529,gate_40,231,False,True
787568,gate_30,131,True,False
787788,gate_30,8,False,False
788087,gate_30,6,True,False
788147,gate_30,24,False,False
788321,gate_40,3,False,False
788456,gate_30,9,False,False
788717,gate_40,15,False,False
788749,gate_40,90,True,False
789025,gate_40,21,False,False
789035,gate_40,44,True,False
789074,gate_40,7,False,False
789243,gate_40,1,False,False
789268,gate_30,19,False,False
789332,gate_40,2,False,False
789449,gate_40,1,False,False
789486,gate_30,38,True,False
789975,gate_30,490,True,False
790014,gate_30,5,True,False
790081,gate_40,5,True,False
790385,gate_30,22,False,False
790454,gate_40,2,False,False
790915,gate_30,25,True,True
791107,gate_40,121,True,False
791132,gate_40,8,False,False
791296,gate_30,24,True,True
791309,gate_30,275,True,False
791362,gate_40,97,True,False
791381,gate_30,1,False,False
791516,gate_30,32,False,False
791546,gate_40,10,False,False
791562,gate_40,254,False,True
791665,gate_30,10,False,True
791686,gate_40,19,False,False
791735,gate_40,92,True,False
791757,gate_40,3,False,False
791830,gate_30,7,False,False
791991,gate_30,0,False,False
792205,gate_30,11,True,True
792223,gate_30,8,False,False
792524,gate_40,6,False,False
792678,gate_40,43,True,False
792798,gate_30,16,True,False
792877,gate_30,93,True,True
792960,gate_40,7,False,False
793023,gate_30,5,False,False
793157,gate_30,104,True,False
793172,gate_30,6,False,False
793269,gate_30,8,False,False
793329,gate_30,131,True,True
793655,gate_30,3,False,False
793672,gate_40,24,False,False
793678,gate_30,28,False,False
793690,gate_30,5,False,False
793743,gate_40,3,False,False
793755,gate_30,8,False,False
794052,gate_40,17,True,False
794185,gate_40,2,False,False
794472,gate_30,4,False,False
794490,gate_30,116,False,False
794542,gate_30,44,True,False
794746,gate_40,26,True,True
794872,gate_40,21,True,True
794934,gate_40,24,True,False
794969,gate_40,248,True,True
794970,gate_40,56,True,True
795160,gate_30,113,True,True
795372,gate_30,12,False,True
795595,gate_40,7,False,False
795687,gate_40,37,True,False
795889,gate_40,14,True,False
796017,gate_30,23,False,False
796051,gate_40,8,False,False
796299,gate_30,10,False,False
796494,gate_40,5,False,False
796628,gate_40,8,False,False
796868,gate_40,9,False,False
796880,gate_30,58,True,True
796898,gate_40,181,True,True
797437,gate_40,8,False,False
797612,gate_30,28,True,False
797690,gate_30,199,True,True
797724,gate_40,7,False,False
797867,gate_30,110,True,False
797932,gate_40,66,True,True
798168,gate_30,2,False,False
798228,gate_40,396,False,True
798246,gate_40,9,False,False
798274,gate_30,285,True,True
798315,gate_30,39,False,False
798327,gate_30,18,True,False
798462,gate_40,53,False,True
798803,gate_40,4,False,False
798851,gate_30,48,True,False
798908,gate_30,7,False,False
799073,gate_40,19,False,False
799119,gate_30,7,True,False
799232,gate_40,24,False,False
799254,gate_40,22,False,False
799319,gate_40,129,True,False
799469,gate_30,6,False,False
799533,gate_30,71,True,False
799578,gate_30,7,False,False
799598,gate_30,1,False,False
799637,gate_40,57,True,False
799791,gate_40,2,False,False
799792,gate_30,3,False,False
800009,gate_40,15,False,False
800112,gate_40,233,True,True
800182,gate_40,720,True,True
800493,gate_40,3,True,False
800567,gate_30,295,True,True
800658,gate_30,1,False,False
800750,gate_40,18,True,False
800853,gate_40,17,True,False
800872,gate_40,176,True,False
800927,gate_40,18,True,False
801062,gate_30,43,False,True
801139,gate_40,20,False,False
801215,gate_40,2,False,False
801234,gate_30,5,False,False
801288,gate_40,7,False,False
801485,gate_30,0,False,False
801527,gate_40,23,False,False
801577,gate_30,3,True,False
801580,gate_40,5,False,False
801653,gate_30,132,False,True
801715,gate_40,4,False,False
801778,gate_30,7,False,False
801780,gate_30,6,False,False
801844,gate_30,12,False,False
802098,gate_30,6,True,False
802133,gate_40,2,False,False
802143,gate_30,7,True,False
802179,gate_40,68,False,False
802236,gate_40,5,False,False
802244,gate_30,2,False,False
802263,gate_40,52,True,False
802290,gate_30,4,False,False
802335,gate_40,13,False,True
802558,gate_30,202,False,True
802620,gate_30,2,False,False
803037,gate_40,3,False,False
803221,gate_30,597,True,True
803340,gate_40,21,True,False
803441,gate_40,37,True,True
803499,gate_40,66,True,True
803505,gate_40,27,True,False
803843,gate_40,1,False,False
803963,gate_40,3,False,False
804124,gate_40,180,True,False
804199,gate_30,14,True,False
804348,gate_40,10,True,False
804415,gate_30,1,False,False
804523,gate_40,3,False,False
804722,gate_30,12,False,False
804901,gate_30,1,False,False
804940,gate_40,7,True,False
804962,gate_30,10,False,False
804971,gate_30,17,False,False
805080,gate_30,4,False,False
805102,gate_40,18,True,False
805136,gate_40,6,False,False
805140,gate_40,1,False,False
805160,gate_30,53,False,True
805272,gate_40,6,False,False
805285,gate_30,38,False,False
805567,gate_40,11,True,False
805580,gate_40,7,False,False
805619,gate_30,0,False,False
805750,gate_30,0,False,False
805868,gate_40,50,True,True
806279,gate_40,152,True,True
806410,gate_30,5,False,False
806462,gate_30,24,True,False
806494,gate_30,31,True,False
806498,gate_40,1,False,False
806556,gate_30,3,False,False
806634,gate_40,6,False,False
806720,gate_40,184,True,False
806739,gate_40,44,True,False
806809,gate_30,9,False,False
806831,gate_30,603,True,True
807009,gate_30,41,False,False
807022,gate_30,4,False,False
807046,gate_40,3,False,False
807049,gate_30,268,True,True
807088,gate_40,16,False,False
807132,gate_30,85,True,True
807416,gate_30,0,False,False
807485,gate_40,13,False,False
807494,gate_30,3,False,False
807642,gate_40,20,True,False
807812,gate_40,21,False,False
807843,gate_30,8,False,False
807862,gate_30,69,False,True
808022,gate_30,86,False,True
808117,gate_40,6,False,False
808133,gate_40,1,False,True
808207,gate_40,32,False,False
808216,gate_40,3,False,False
808255,gate_40,24,False,False
808344,gate_30,17,True,False
808367,gate_40,26,False,False
808498,gate_40,99,True,False
808705,gate_40,0,False,False
808904,gate_40,65,True,False
809014,gate_30,115,True,True
809135,gate_30,707,True,True
809139,gate_30,1,False,False
809390,gate_30,79,True,False
809434,gate_40,1,False,False
809450,gate_30,18,True,False
809459,gate_40,9,False,False
809574,gate_40,68,True,True
809585,gate_30,27,False,False
809588,gate_40,2,False,False
809653,gate_30,83,True,False
809661,gate_30,5,False,False
809713,gate_40,36,False,False
809782,gate_40,48,True,False
810049,gate_30,28,True,False
810201,gate_40,97,True,False
810230,gate_40,7,False,False
810376,gate_30,20,True,False
810538,gate_40,9,False,False
810743,gate_30,94,True,True
810894,gate_30,7,False,False
811006,gate_40,1,False,False
811123,gate_30,3,False,False
811205,gate_30,2,False,False
811261,gate_40,8,False,False
811305,gate_40,663,True,True
811443,gate_40,2,False,False
811635,gate_40,9,False,False
811697,gate_40,27,False,False
811731,gate_30,83,True,False
811862,gate_40,5,False,False
811899,gate_30,85,True,True
811943,gate_40,23,False,False
812375,gate_30,3,False,False
812566,gate_30,3,False,False
812583,gate_30,20,False,False
812636,gate_30,29,True,True
812639,gate_30,8,False,False
812686,gate_40,65,True,False
813016,gate_40,94,True,True
813132,gate_40,12,False,False
813164,gate_30,41,False,False
813402,gate_30,3,True,False
813532,gate_30,155,True,False
813543,gate_30,166,True,True
813579,gate_40,8,False,False
813584,gate_40,5,False,False
813634,gate_40,140,True,True
813659,gate_40,7,False,False
813678,gate_30,93,True,False
813860,gate_40,198,True,True
814053,gate_40,7,False,False
814091,gate_30,10,False,True
814093,gate_30,1,False,False
814176,gate_40,240,True,False
814177,gate_40,1,False,False
814226,gate_30,16,True,True
814337,gate_40,32,True,False
814488,gate_40,7,False,False
814571,gate_40,53,True,False
814613,gate_40,8,False,False
814665,gate_40,4,False,False
814908,gate_30,6,False,False
815003,gate_30,6,True,False
815028,gate_40,26,True,False
815043,gate_30,0,False,False
815086,gate_40,36,True,False
815092,gate_40,139,True,False
815139,gate_40,29,True,False
815177,gate_40,43,True,False
815193,gate_30,17,True,False
815210,gate_30,2,False,False
815374,gate_40,17,True,False
815448,gate_40,56,True,False
815653,gate_30,5,False,False
815942,gate_30,92,True,False
816273,gate_30,16,False,False
816450,gate_30,35,True,False
817079,gate_30,1,False,False
817438,gate_40,1,False,False
817650,gate_30,31,True,True
817652,gate_30,26,True,False
817884,gate_30,65,True,False
817898,gate_40,1,False,False
817996,gate_30,13,True,False
818066,gate_30,0,False,False
818114,gate_40,65,True,False
818318,gate_40,10,False,False
818565,gate_30,0,False,False
818604,gate_40,13,True,False
818656,gate_30,19,True,False
818698,gate_30,93,True,False
818785,gate_30,0,False,False
818905,gate_30,53,True,True
819070,gate_30,53,True,False
819140,gate_40,37,True,False
819143,gate_30,15,True,False
819300,gate_40,93,False,True
819419,gate_30,53,False,False
819446,gate_30,3,False,False
819476,gate_40,7,False,False
819729,gate_40,7,False,False
820053,gate_40,12,False,False
820059,gate_40,160,True,False
820115,gate_30,13,False,False
820145,gate_30,24,True,False
820184,gate_40,7,False,False
820219,gate_30,298,True,True
820494,gate_40,40,True,False
820861,gate_30,4,False,False
820905,gate_40,3,False,False
821076,gate_30,1,False,False
821147,gate_30,33,False,False
821201,gate_30,13,False,False
821283,gate_40,202,False,False
821395,gate_40,35,True,False
821723,gate_30,84,True,False
822224,gate_30,79,True,True
822279,gate_40,5,True,False
822361,gate_40,10,False,False
822388,gate_30,8,False,False
822419,gate_30,8,False,False
823067,gate_40,7,False,False
823172,gate_30,5,False,False
823277,gate_40,4,True,False
823292,gate_40,3,False,False
823383,gate_40,406,True,True
823691,gate_30,1,False,False
823788,gate_30,0,False,False
823825,gate_30,26,True,True
823896,gate_30,16,False,False
824092,gate_30,1,False,False
824713,gate_30,3,False,False
824715,gate_30,16,True,False
824755,gate_40,1,False,False
824756,gate_40,10,False,False
824807,gate_30,7,False,False
824855,gate_40,60,True,False
824900,gate_40,79,True,True
824970,gate_40,3,False,False
825168,gate_30,77,True,True
825297,gate_40,68,False,False
825414,gate_40,2,False,False
825554,gate_40,28,False,False
825869,gate_30,7,True,False
825975,gate_40,5,False,False
826293,gate_40,30,False,False
826424,gate_30,41,True,False
826730,gate_40,20,False,False
826748,gate_30,7,False,True
826921,gate_40,45,True,True
827101,gate_30,160,True,True
827167,gate_30,44,True,False
827171,gate_40,37,False,False
827323,gate_40,286,True,True
827675,gate_40,42,True,False
827690,gate_40,125,True,True
827728,gate_40,1,False,False
827759,gate_30,31,False,False
828047,gate_30,64,False,False
828059,gate_40,64,False,False
828358,gate_30,1,False,False
828642,gate_40,0,False,False
828819,gate_40,78,True,True
829006,gate_40,7,False,False
829008,gate_40,10,False,False
829022,gate_40,211,True,True
829259,gate_30,77,True,False
829530,gate_40,14,False,False
829680,gate_40,13,True,False
829781,gate_40,44,True,False
829861,gate_40,106,True,False
830024,gate_30,1,False,False
830064,gate_30,70,True,False
830482,gate_30,47,True,False
830618,gate_40,1,False,False
830758,gate_30,17,True,True
830788,gate_30,2,False,False
830949,gate_40,2,False,False
831010,gate_30,4,False,False
831067,gate_40,6,False,False
831097,gate_30,88,True,True
831238,gate_40,119,True,True
831486,gate_30,17,True,False
831558,gate_40,1,False,False
831745,gate_30,0,False,False
832025,gate_40,20,False,False
832034,gate_40,10,False,False
832036,gate_30,24,False,False
832066,gate_40,21,True,False
832099,gate_40,28,False,False
832227,gate_40,51,True,True
832284,gate_40,10,True,False
832350,gate_30,45,False,False
832458,gate_40,41,True,True
832531,gate_40,7,True,False
832680,gate_30,35,True,False
832689,gate_40,17,False,False
832772,gate_30,33,True,False
833089,gate_40,60,True,False
833279,gate_40,40,False,False
833467,gate_40,100,True,True
833557,gate_30,154,True,False
833757,gate_40,6,False,False
833828,gate_30,11,False,False
833849,gate_40,17,False,False
834099,gate_40,56,True,False
834177,gate_30,84,True,False
834224,gate_30,71,True,True
834239,gate_30,34,True,True
834292,gate_40,5,False,False
834400,gate_40,13,False,False
834416,gate_40,106,True,True
834495,gate_30,40,True,False
834502,gate_30,127,True,True
834642,gate_40,22,False,False
834664,gate_30,263,True,True
834795,gate_40,23,True,False
834816,gate_40,8,False,False
835010,gate_30,11,False,False
835028,gate_40,118,True,True
835089,gate_30,2,False,False
835176,gate_30,43,True,False
835277,gate_40,4,False,False
835357,gate_40,2,False,False
835433,gate_30,64,False,True
835517,gate_40,60,True,False
835657,gate_40,13,False,False
835847,gate_30,2,False,False
835903,gate_30,3,False,False
836213,gate_40,7,False,False
836282,gate_30,35,True,False
836372,gate_30,1,False,False
836405,gate_40,4,False,False
836474,gate_30,0,False,False
836725,gate_40,2,False,False
836731,gate_30,50,True,False
836810,gate_40,2,True,False
836846,gate_40,35,True,False
836886,gate_40,18,False,True
836892,gate_30,31,True,True
836997,gate_30,4,False,False
837039,gate_30,0,False,False
837276,gate_40,126,True,False
837441,gate_40,18,True,False
837469,gate_30,5,False,False
837521,gate_40,243,True,True
837648,gate_40,549,True,True
837810,gate_40,30,True,False
838081,gate_30,7,True,False
838178,gate_30,2,False,False
838197,gate_40,51,True,False
838231,gate_30,35,True,False
838422,gate_30,42,False,False
838463,gate_30,27,False,False
838482,gate_40,19,True,False
838698,gate_40,25,False,False
838755,gate_40,37,False,False
838771,gate_30,50,False,True
838871,gate_40,4,False,False
838878,gate_40,105,False,True
839236,gate_40,135,True,True
839311,gate_40,11,False,False
839533,gate_30,221,True,False
839695,gate_40,1,False,False
839737,gate_40,109,True,True
839873,gate_40,10,False,False
840007,gate_40,0,False,False
840137,gate_40,9,False,False
840153,gate_40,4,False,False
840264,gate_30,7,True,False
840331,gate_40,6,False,False
840338,gate_40,28,False,False
840373,gate_40,5,False,False
840488,gate_30,93,True,False
840602,gate_30,1,False,False
840630,gate_40,22,True,False
840632,gate_30,10,True,False
840703,gate_40,48,True,False
840761,gate_30,93,True,False
840798,gate_30,72,True,True
840972,gate_40,294,True,True
841052,gate_30,20,False,False
841255,gate_40,179,True,False
841328,gate_40,6,False,False
841463,gate_40,13,False,False
841563,gate_40,6,True,False
841580,gate_30,0,False,False
841651,gate_40,6,False,False
841685,gate_30,13,True,False
841705,gate_40,6,False,False
841730,gate_30,253,True,True
841737,gate_40,3,False,False
841754,gate_30,20,False,False
841920,gate_40,26,False,False
841924,gate_40,70,False,False
841986,gate_40,22,True,True
842060,gate_40,0,False,False
842075,gate_40,8,True,False
842255,gate_30,2,False,False
842367,gate_40,93,True,True
842379,gate_40,6,False,False
842611,gate_30,30,True,False
842725,gate_40,45,False,True
842742,gate_40,170,True,True
842868,gate_40,42,False,False
842976,gate_40,164,True,True
843020,gate_40,47,True,False
843100,gate_40,7,False,False
843240,gate_40,386,True,True
843355,gate_30,2,False,False
843525,gate_30,0,False,False
843656,gate_40,71,False,False
843662,gate_30,172,True,True
843664,gate_30,182,True,True
843744,gate_40,1,False,False
843759,gate_40,2,False,False
843806,gate_40,3,False,False
844136,gate_40,11,True,False
844219,gate_40,22,False,False
844392,gate_40,13,False,True
844446,gate_30,13,False,False
844512,gate_30,75,False,False
844618,gate_30,66,True,False
844665,gate_30,70,False,True
844683,gate_30,403,True,True
844738,gate_30,3,False,False
844822,gate_40,183,True,True
844845,gate_40,4,False,False
844863,gate_30,0,False,False
844986,gate_40,28,True,False
845089,gate_40,6,True,False
845384,gate_30,709,True,True
845402,gate_40,31,True,False
845415,gate_40,5,False,False
845455,gate_40,33,True,False
845474,gate_40,51,True,True
845489,gate_40,15,False,False
845623,gate_40,8,False,False
845791,gate_30,179,True,False
845943,gate_40,88,True,True
846010,gate_40,13,True,False
846109,gate_40,36,True,False
846307,gate_30,18,False,False
846324,gate_40,5,False,False
846379,gate_30,26,False,False
846571,gate_30,59,True,False
846611,gate_30,44,False,False
846718,gate_30,2,False,False
846737,gate_40,4,False,False
846895,gate_30,37,True,False
846916,gate_30,22,True,False
847045,gate_30,7,False,False
847057,gate_30,0,False,False
847195,gate_30,7,False,False
847514,gate_40,6,True,False
847637,gate_40,59,False,False
847769,gate_30,25,True,False
847906,gate_40,3,True,False
848096,gate_30,3,False,False
848188,gate_40,169,True,True
848251,gate_40,18,False,False
848284,gate_30,0,False,False
848464,gate_40,15,False,False
848470,gate_40,155,False,False
848505,gate_30,6,False,False
848759,gate_40,6,False,False
848889,gate_30,9,False,False
849353,gate_30,4,False,False
849406,gate_30,19,False,False
849604,gate_30,14,True,False
849645,gate_30,1,False,False
849646,gate_30,58,True,False
849697,gate_40,36,True,False
849733,gate_40,4,False,False
849999,gate_40,31,True,False
850070,gate_30,9,False,False
850117,gate_30,43,True,False
850127,gate_30,50,True,False
850189,gate_30,130,False,True
850256,gate_30,86,True,True
850309,gate_30,18,False,False
850314,gate_30,19,True,False
850511,gate_40,20,True,False
850716,gate_30,1,False,False
850826,gate_30,10,True,False
850948,gate_40,4,False,False
850964,gate_40,67,True,True
851039,gate_40,24,True,True
851047,gate_40,1,False,False
851258,gate_30,23,False,False
851473,gate_40,34,True,False
851527,gate_30,327,True,True
851640,gate_30,53,True,False
851722,gate_30,2,False,False
851758,gate_40,1,False,False
851814,gate_40,60,True,True
852015,gate_40,103,False,False
852023,gate_40,19,True,False
852134,gate_30,1,False,False
852156,gate_30,9,False,False
852164,gate_40,2,False,False
852209,gate_40,10,True,False
852211,gate_30,9,True,False
852385,gate_30,204,False,True
852437,gate_40,10,True,True
852646,gate_40,33,False,False
852647,gate_40,66,True,False
852825,gate_30,60,True,False
853111,gate_40,5,False,False
853606,gate_30,2,False,False
853611,gate_40,2,False,False
853620,gate_30,2,False,False
853729,gate_30,157,True,True
853743,gate_40,22,False,False
853748,gate_30,19,True,False
853855,gate_30,10,True,False
853858,gate_40,6,False,False
853941,gate_30,15,True,False
853971,gate_40,2,False,False
854002,gate_40,14,False,False
854027,gate_40,7,False,False
854036,gate_30,15,False,False
854058,gate_40,21,False,False
854089,gate_30,53,False,False
854173,gate_40,10,False,False
854204,gate_40,4,False,False
854236,gate_40,90,True,False
854253,gate_30,85,True,False
854345,gate_30,235,True,True
854389,gate_40,33,False,False
854486,gate_30,21,False,False
854555,gate_40,2,False,False
854560,gate_30,112,True,True
854647,gate_40,3,False,False
854681,gate_30,4,True,False
854742,gate_40,8,False,False
854806,gate_40,2,False,False
854853,gate_40,11,True,False
854874,gate_30,421,True,True
854904,gate_30,7,False,False
854990,gate_30,54,True,True
855030,gate_30,11,False,False
855038,gate_40,4,False,False
855061,gate_30,4,False,False
855103,gate_30,4,True,False
855287,gate_40,27,False,True
855367,gate_30,5,False,False
855414,gate_40,22,True,False
855657,gate_40,20,True,False
855700,gate_40,17,True,False
855702,gate_30,2,False,False
855705,gate_30,21,False,False
855963,gate_30,0,False,False
856142,gate_30,4,False,False
856233,gate_30,15,True,False
856387,gate_40,205,True,True
856594,gate_40,36,True,False
856642,gate_40,1,False,False
856679,gate_30,17,False,False
856690,gate_30,271,False,True
857113,gate_30,2,False,False
857117,gate_30,40,False,False
857331,gate_30,414,True,True
857515,gate_40,8,True,False
857606,gate_40,7,False,False
857645,gate_30,51,True,False
857832,gate_30,17,True,False
857940,gate_30,2,False,False
858029,gate_30,3,False,False
858063,gate_30,4,False,False
858166,gate_40,21,True,False
858268,gate_30,1,False,False
858349,gate_40,39,True,False
858500,gate_30,5,False,False
858501,gate_30,0,False,False
858587,gate_40,29,True,False
858639,gate_40,377,True,True
858770,gate_30,42,True,False
859356,gate_40,151,True,True
859433,gate_40,10,False,False
859612,gate_40,55,True,False
860018,gate_40,5,False,False
860146,gate_30,6,False,False
860202,gate_30,0,False,False
860227,gate_40,60,True,False
860425,gate_40,36,True,False
860484,gate_40,204,True,True
860487,gate_40,9,False,False
860672,gate_40,5,False,False
860778,gate_30,8,False,False
860857,gate_40,8,False,False
860866,gate_40,146,True,False
860928,gate_40,1,False,False
860935,gate_30,12,False,False
861024,gate_40,12,True,False
861037,gate_40,1,False,False
861154,gate_40,298,True,False
861173,gate_40,17,False,False
861176,gate_40,319,True,True
861195,gate_40,2,False,False
861269,gate_40,10,False,False
861298,gate_40,16,False,False
861338,gate_30,8,False,False
861674,gate_40,32,True,False
861694,gate_30,35,True,False
861743,gate_40,59,True,False
861823,gate_40,1,False,False
862066,gate_30,11,False,False
862117,gate_30,31,True,False
862231,gate_30,15,True,False
862411,gate_30,28,False,False
862417,gate_30,66,True,False
862516,gate_40,6,False,False
862535,gate_40,26,True,False
862536,gate_40,8,False,False
862599,gate_30,26,True,False
862708,gate_30,8,False,False
862812,gate_30,1,False,False
862851,gate_30,5,False,False
862889,gate_40,45,False,True
862919,gate_30,119,True,True
863208,gate_30,9,False,False
863289,gate_30,0,False,False
863473,gate_30,1,False,False
863489,gate_30,3,False,False
863496,gate_30,56,True,False
863614,gate_30,4,False,False
863767,gate_30,8,False,False
863797,gate_40,97,True,True
863809,gate_30,12,False,False
863813,gate_40,19,False,False
864249,gate_40,8,False,False
864289,gate_40,15,False,False
864359,gate_40,2,False,False
864441,gate_40,0,False,False
864610,gate_40,16,True,False
864651,gate_40,6,False,False
864761,gate_40,225,True,False
864768,gate_40,50,True,False
864939,gate_40,3,False,False
864953,gate_30,426,True,False
864974,gate_40,19,False,False
865002,gate_30,7,True,False
865129,gate_40,6,False,False
865238,gate_40,3,False,False
865466,gate_30,27,True,False
865539,gate_30,24,False,False
865636,gate_40,76,True,False
865769,gate_40,14,False,False
865912,gate_40,10,True,False
865970,gate_30,5,True,False
866030,gate_40,20,True,False
866211,gate_30,10,False,False
866218,gate_40,3,False,False
866404,gate_30,57,False,False
866416,gate_30,78,True,False
866437,gate_30,105,False,False
866501,gate_40,2,False,False
866888,gate_40,10,False,False
866999,gate_30,25,True,True
867174,gate_40,48,True,False
867292,gate_40,30,True,False
867392,gate_40,1,False,False
867595,gate_30,1,False,False
867686,gate_30,80,False,False
868571,gate_30,52,False,True
868993,gate_30,81,True,False
869149,gate_30,308,True,True
869172,gate_40,8,False,False
869250,gate_30,35,False,False
869291,gate_40,28,True,False
869368,gate_30,7,False,False
869501,gate_30,26,True,False
869595,gate_30,187,True,True
869618,gate_30,185,True,False
869680,gate_30,8,False,False
869743,gate_40,6,False,False
869888,gate_30,1,False,False
870049,gate_40,11,False,False
870066,gate_40,0,False,False
870132,gate_40,26,True,False
870213,gate_40,147,True,True
870331,gate_30,0,False,False
870390,gate_40,1,False,False
870438,gate_40,6,True,False
870546,gate_30,35,True,False
870874,gate_30,13,False,False
870877,gate_30,5,False,False
871075,gate_40,44,False,False
871080,gate_30,11,False,True
871140,gate_40,16,False,False
871220,gate_40,21,False,False
871236,gate_40,13,False,False
871247,gate_40,1,False,False
871407,gate_40,23,False,False
871500,gate_30,2961,True,True
871563,gate_30,3,False,False
871725,gate_40,181,True,True
871808,gate_40,11,True,False
872109,gate_30,5,False,False
872129,gate_30,1,False,False
872273,gate_40,5,False,False
872359,gate_30,305,True,True
872436,gate_30,18,True,True
872488,gate_40,1,False,False
872515,gate_30,28,True,True
872535,gate_40,8,False,False
872558,gate_40,1,False,False
872647,gate_40,33,True,False
872661,gate_30,30,True,False
872746,gate_30,7,False,False
872836,gate_40,10,True,False
872854,gate_30,10,False,False
872874,gate_40,4,False,False
873095,gate_40,51,True,False
873271,gate_40,21,True,False
873291,gate_40,494,True,True
873443,gate_30,39,True,False
873465,gate_30,3,False,False
873646,gate_40,22,True,False
873852,gate_40,0,False,False
873903,gate_40,41,True,False
874058,gate_40,54,True,True
874324,gate_30,37,True,False
874350,gate_40,10,False,False
874401,gate_30,8,False,False
874445,gate_30,8,True,False
874647,gate_30,13,False,True
874740,gate_40,6,False,False
874796,gate_30,8,True,False
874921,gate_40,67,True,False
875169,gate_40,4,False,False
875396,gate_40,10,True,False
875454,gate_40,1,False,False
875641,gate_30,1,False,False
875725,gate_30,8,False,False
875819,gate_40,1,False,False
875853,gate_30,8,False,False
875925,gate_30,24,True,False
876087,gate_40,42,False,False
876224,gate_40,1,False,False
876347,gate_40,57,True,True
876375,gate_30,11,False,False
876535,gate_40,31,True,False
876747,gate_30,153,False,True
876831,gate_40,11,False,False
876871,gate_30,46,True,False
876954,gate_40,1,False,False
877079,gate_40,27,False,False
877387,gate_40,32,False,False
877886,gate_40,0,False,False
877943,gate_30,0,False,False
877988,gate_30,7,False,False
878402,gate_40,29,False,True
878465,gate_30,47,True,True
878991,gate_40,10,True,False
879046,gate_30,24,True,False
879106,gate_30,38,False,True
879118,gate_30,23,True,False
879520,gate_40,62,True,False
879526,gate_40,10,False,False
879530,gate_30,4,False,False
879613,gate_30,14,False,False
879618,gate_40,2,False,False
879942,gate_40,0,False,False
880175,gate_30,14,False,False
880251,gate_30,1,False,False
880411,gate_30,13,False,False
880490,gate_30,1,False,False
880539,gate_40,153,False,True
880680,gate_40,5,False,False
880697,gate_30,8,False,False
881014,gate_40,23,True,False
881165,gate_30,221,True,True
881264,gate_40,6,False,True
881277,gate_30,3,False,True
881660,gate_30,37,True,False
881950,gate_40,7,True,False
881957,gate_40,34,True,True
882145,gate_40,12,True,False
882225,gate_30,6,False,False
882231,gate_40,58,False,True
882283,gate_30,4,False,False
882348,gate_30,36,True,False
882838,gate_40,12,False,False
882868,gate_30,20,False,False
882960,gate_30,35,True,False
883102,gate_40,3,False,False
883224,gate_30,1,False,False
883406,gate_40,16,False,True
883806,gate_40,14,False,True
883994,gate_30,5,False,False
884242,gate_30,5,False,False
884521,gate_30,125,True,False
884525,gate_40,5,False,False
884548,gate_30,3,False,False
884758,gate_40,8,False,False
884909,gate_40,2,False,False
885005,gate_40,11,False,False
885173,gate_40,18,True,False
885230,gate_30,11,False,False
885273,gate_30,2,False,False
885277,gate_30,13,False,False
885505,gate_30,13,True,False
885533,gate_30,28,True,False
885635,gate_40,3,False,False
885695,gate_40,16,False,False
885803,gate_30,6,False,False
885816,gate_30,17,True,False
885896,gate_40,208,True,True
886005,gate_30,25,False,False
886080,gate_40,5,False,False
886314,gate_40,44,True,True
886538,gate_30,61,True,False
886569,gate_40,2,False,False
886697,gate_40,229,True,True
886713,gate_40,65,False,False
886777,gate_30,14,False,True
886807,gate_30,13,False,False
886873,gate_40,108,True,True
886959,gate_40,1,False,False
886969,gate_40,57,True,True
886974,gate_30,10,True,False
887029,gate_30,2,False,False
887190,gate_30,34,True,False
887269,gate_40,33,True,False
887271,gate_30,6,False,False
887383,gate_40,1,False,False
887415,gate_40,6,True,False
887561,gate_40,13,False,False
887649,gate_40,2,False,False
887784,gate_30,2,False,False
888068,gate_40,16,True,True
888092,gate_30,4,False,False
888285,gate_30,1,False,False
888512,gate_30,26,True,False
888542,gate_40,63,True,False
888584,gate_40,2,False,False
888589,gate_30,52,True,True
888654,gate_40,115,True,False
888793,gate_40,5,False,False
888968,gate_30,2,False,False
888984,gate_30,148,True,False
889146,gate_30,49,False,False
889160,gate_30,148,True,True
889231,gate_40,107,True,True
889321,gate_30,10,True,False
889471,gate_40,1,False,False
889828,gate_30,51,True,False
889925,gate_30,18,False,False
890155,gate_30,10,False,False
890607,gate_40,2,False,False
890666,gate_30,276,True,True
890819,gate_30,86,True,True
890931,gate_30,4,False,False
890959,gate_30,3,False,False
890978,gate_30,2,False,False
891020,gate_30,214,True,False
891077,gate_40,12,False,False
891100,gate_40,1,False,False
891163,gate_40,23,True,True
891180,gate_40,133,True,True
891194,gate_40,37,True,False
891414,gate_30,21,True,False
891446,gate_40,113,True,True
891454,gate_40,198,True,True
891553,gate_40,130,True,True
891593,gate_30,4,False,False
891604,gate_30,10,False,False
891615,gate_40,34,True,False
891751,gate_30,0,False,False
891887,gate_30,4,True,False
891892,gate_30,14,True,True
891900,gate_40,17,True,False
892147,gate_30,192,True,True
892249,gate_30,53,True,True
892324,gate_40,26,False,False
892437,gate_30,1,False,False
892710,gate_30,38,True,False
892807,gate_30,15,False,False
893502,gate_40,0,False,False
893669,gate_40,43,False,False
893953,gate_30,14,True,False
894056,gate_40,9,False,False
894125,gate_40,345,True,True
894133,gate_30,4,False,False
894142,gate_40,7,False,False
894346,gate_30,17,True,False
894369,gate_40,23,False,False
894467,gate_30,40,False,True
894708,gate_40,2,False,False
894921,gate_40,7,False,False
894943,gate_40,66,False,True
894947,gate_30,10,False,False
895012,gate_30,8,True,False
895170,gate_40,16,True,False
895289,gate_40,21,True,False
895364,gate_30,9,False,False
895411,gate_30,66,True,False
895438,gate_40,206,True,True
895439,gate_30,168,True,True
895450,gate_30,1,False,False
895633,gate_40,2,False,False
895657,gate_40,66,True,True
895697,gate_30,12,False,False
895702,gate_40,99,True,False
895721,gate_40,18,False,False
895744,gate_40,22,False,False
895854,gate_40,232,True,True
895939,gate_30,18,False,False
896135,gate_40,3,False,False
896284,gate_40,47,True,False
896355,gate_30,23,True,False
896405,gate_40,13,False,False
896574,gate_40,91,True,False
896728,gate_30,59,True,False
896803,gate_30,0,False,False
896908,gate_30,126,True,True
896970,gate_30,69,True,False
896987,gate_30,35,True,False
897025,gate_30,63,True,False
897076,gate_30,431,True,True
897088,gate_40,4,False,False
897102,gate_30,3,False,False
897196,gate_30,16,False,False
897286,gate_40,437,True,True
897428,gate_40,24,True,True
897478,gate_30,125,True,True
897579,gate_40,5,False,False
897621,gate_40,10,False,False
897731,gate_30,4,False,False
898183,gate_30,0,False,False
898250,gate_30,2,False,False
898285,gate_40,2,False,False
898360,gate_40,1,False,False
898382,gate_40,14,False,False
898665,gate_40,7,False,False
898692,gate_30,14,True,False
898845,gate_30,0,False,False
899144,gate_30,81,True,False
899210,gate_30,21,False,False
899281,gate_40,7,False,False
899303,gate_40,15,False,False
899428,gate_30,13,False,False
899478,gate_30,44,True,False
899503,gate_30,8,False,False
899559,gate_40,6,False,False
899579,gate_30,60,True,False
899776,gate_40,119,True,True
899786,gate_40,66,True,False
899814,gate_30,41,True,False
899866,gate_40,45,True,False
899985,gate_40,30,False,False
900035,gate_40,37,True,False
900238,gate_40,43,True,False
900354,gate_40,25,False,False
900369,gate_40,72,True,True
900422,gate_40,7,False,False
900521,gate_40,0,False,False
900551,gate_40,12,False,False
900731,gate_30,4,False,False
900767,gate_40,39,True,False
900848,gate_30,33,True,False
900863,gate_30,6,True,False
901027,gate_40,2,False,False
901075,gate_40,1,False,False
901146,gate_30,12,False,False
901181,gate_30,17,True,False
901656,gate_40,101,True,False
901663,gate_30,51,True,False
901695,gate_40,16,False,False
901930,gate_40,21,False,False
901931,gate_30,0,False,False
901977,gate_30,53,False,False
902165,gate_30,50,True,False
902176,gate_30,2,False,False
902192,gate_30,9,False,False
902302,gate_30,3,False,False
902311,gate_40,80,True,False
902640,gate_30,0,False,False
902734,gate_40,97,True,False
902805,gate_40,1,False,False
902838,gate_40,26,False,True
902868,gate_40,102,True,False
903109,gate_40,0,False,False
903140,gate_40,69,False,True
903346,gate_30,19,True,False
903371,gate_40,2,False,False
903381,gate_30,20,False,False
903694,gate_40,208,True,True
903707,gate_40,60,False,True
903798,gate_30,1,True,False
903824,gate_30,15,False,False
904367,gate_30,547,True,True
904835,gate_30,9,False,False
905085,gate_30,0,False,False
905129,gate_30,2,False,False
905340,gate_30,11,False,False
905432,gate_30,5,False,False
905456,gate_40,10,False,False
905477,gate_40,40,False,False
905587,gate_30,24,True,False
905845,gate_40,170,True,True
905877,gate_40,35,True,False
906212,gate_30,218,True,False
906385,gate_30,0,False,False
906469,gate_40,104,True,False
906488,gate_40,0,False,False
906510,gate_40,0,False,False
906513,gate_30,10,False,False
906648,gate_30,16,True,False
906776,gate_30,59,True,False
906951,gate_30,15,True,False
907007,gate_40,5,False,False
907032,gate_40,15,False,False
907236,gate_40,33,True,False
907264,gate_30,7,False,False
907536,gate_30,94,True,True
907628,gate_40,47,True,False
907639,gate_30,304,True,False
907874,gate_40,2,False,False
907884,gate_30,22,False,False
908057,gate_40,5,False,False
908091,gate_40,69,True,True
908247,gate_30,0,False,False
908376,gate_30,4,False,False
908519,gate_30,81,False,True
908749,gate_30,6,False,False
908783,gate_30,19,True,False
908838,gate_40,19,True,False
908868,gate_40,232,True,True
909099,gate_30,10,False,False
909284,gate_30,1,False,False
909339,gate_30,105,True,False
909433,gate_40,1,False,False
909469,gate_30,5,False,False
909634,gate_40,36,False,False
909815,gate_30,17,False,False
909980,gate_40,146,True,True
910039,gate_40,13,True,False
910250,gate_30,12,False,False
910370,gate_40,72,True,True
910631,gate_30,96,True,False
910692,gate_40,18,True,False
910957,gate_30,48,True,False
910989,gate_40,6,False,False
911012,gate_40,58,True,False
911148,gate_40,22,True,True
911226,gate_40,29,True,False
911307,gate_40,74,True,False
911371,gate_30,19,True,False
911785,gate_30,140,True,True
911817,gate_40,0,False,False
911855,gate_40,46,True,False
911948,gate_30,17,False,False
912002,gate_30,68,True,True
912025,gate_30,0,False,False
912130,gate_30,4,False,False
912214,gate_40,4,False,False
912578,gate_30,76,False,False
912598,gate_30,199,True,True
912609,gate_40,25,False,False
912643,gate_40,2,True,False
913112,gate_40,6,True,False
913364,gate_30,5,True,True
913495,gate_40,1,False,False
913716,gate_40,4,False,False
913736,gate_40,4,False,False
913777,gate_40,125,True,False
913910,gate_40,348,True,False
913989,gate_40,169,True,True
914016,gate_40,1,False,False
914018,gate_30,1,False,False
914219,gate_40,1,False,False
914597,gate_40,7,False,False
914662,gate_40,2,False,False
914781,gate_40,22,True,False
914788,gate_40,480,True,True
914858,gate_40,174,False,True
914904,gate_30,12,False,False
914972,gate_40,4,False,False
914973,gate_40,54,True,False
915265,gate_40,17,False,False
915274,gate_40,7,True,False
915304,gate_40,2,False,False
915494,gate_40,6,False,False
915813,gate_40,8,False,False
915957,gate_40,30,True,False
916017,gate_40,5,False,False
916149,gate_40,5,True,False
916226,gate_40,5,False,False
916363,gate_40,4,False,False
916409,gate_40,8,True,False
916573,gate_40,286,True,True
916587,gate_40,23,True,False
916612,gate_40,1,False,False
916642,gate_40,84,True,True
916689,gate_30,0,False,False
916727,gate_40,33,False,False
916801,gate_30,0,False,False
917018,gate_40,13,True,False
917059,gate_40,102,True,True
917133,gate_30,82,True,False
917280,gate_40,7,False,True
917407,gate_30,168,True,False
917580,gate_40,87,True,False
917799,gate_30,2,False,False
917834,gate_30,146,True,True
918085,gate_40,14,True,True
918284,gate_30,10,True,False
918407,gate_30,223,True,True
918417,gate_40,14,False,False
918435,gate_40,5,False,False
918513,gate_30,3,False,True
918549,gate_40,38,True,False
918622,gate_30,3,False,False
918733,gate_30,7,False,False
918817,gate_30,10,False,False
919206,gate_30,53,True,False
919315,gate_40,32,True,False
919430,gate_30,155,True,False
919507,gate_40,1,False,False
919544,gate_30,268,True,True
919667,gate_30,28,True,False
919913,gate_30,22,True,False
919984,gate_30,14,False,False
920052,gate_30,7,False,False
920223,gate_30,208,True,True
920242,gate_40,9,False,False
920477,gate_30,32,False,False
920478,gate_30,532,True,True
920503,gate_30,80,True,False
920509,gate_40,9,False,False
920672,gate_30,109,True,False
920738,gate_30,23,True,False
920781,gate_30,14,False,False
920784,gate_30,494,True,True
921400,gate_40,15,True,False
921804,gate_40,3,False,False
921978,gate_30,25,False,True
921986,gate_30,0,False,False
922064,gate_40,8,True,False
922184,gate_30,31,False,False
922640,gate_40,105,True,False
922950,gate_40,163,True,False
923052,gate_30,4,False,False
923135,gate_40,12,False,False
923177,gate_30,66,True,False
923202,gate_30,2,False,False
923387,gate_30,33,True,False
923516,gate_40,0,False,False
923529,gate_30,1,False,False
923560,gate_30,2,False,False
923639,gate_40,6,True,False
923831,gate_40,2,False,False
923876,gate_30,63,True,False
923956,gate_30,3,False,False
923991,gate_30,3,False,False
924048,gate_30,13,False,False
924082,gate_30,8,False,False
924350,gate_40,74,True,False
924365,gate_30,93,True,True
924489,gate_40,14,False,False
924501,gate_40,23,True,False
924559,gate_30,12,True,False
924671,gate_30,57,True,True
924930,gate_40,2,False,False
924995,gate_40,8,False,False
925027,gate_40,14,True,False
925380,gate_40,109,True,True
925401,gate_40,191,True,True
925525,gate_40,96,True,False
925549,gate_30,32,True,False
925610,gate_30,20,False,False
925639,gate_30,6,False,False
925800,gate_30,4,False,False
925905,gate_30,13,True,False
925932,gate_30,36,False,False
926156,gate_30,23,True,False
926448,gate_40,15,True,False
926502,gate_30,5,True,False
926609,gate_40,1,False,False
926837,gate_40,37,True,False
926910,gate_30,3,True,False
927048,gate_40,266,True,True
927437,gate_40,20,False,False
927578,gate_40,6,False,False
927672,gate_40,41,True,False
927710,gate_40,1,False,False
927715,gate_40,16,False,False
927897,gate_40,4,False,False
927965,gate_30,69,True,False
928127,gate_40,33,True,False
928209,gate_40,43,True,False
928215,gate_30,87,True,True
928294,gate_30,16,False,False
928350,gate_30,1,False,False
928354,gate_30,381,True,True
928439,gate_40,97,True,True
928513,gate_30,14,True,False
928588,gate_40,27,True,False
929048,gate_40,6,False,False
929139,gate_40,3,False,False
929210,gate_30,1,False,False
929275,gate_30,172,True,True
929295,gate_30,159,True,True
929328,gate_40,9,False,False
929539,gate_30,11,False,False
929596,gate_40,43,False,True
929693,gate_30,3,False,False
929780,gate_40,25,False,False
929846,gate_30,8,False,False
929882,gate_30,13,False,False
929894,gate_30,46,True,False
930045,gate_40,56,True,False
930094,gate_40,21,False,False
930184,gate_30,1,False,False
930590,gate_40,1,False,False
930711,gate_40,14,True,False
930749,gate_40,99,False,False
930793,gate_40,82,True,False
930822,gate_30,180,True,True
930833,gate_40,143,True,True
931208,gate_30,58,True,True
931277,gate_40,11,False,False
931317,gate_30,7,False,False
931433,gate_40,120,False,True
931435,gate_40,19,False,False
931614,gate_40,267,True,False
931797,gate_40,33,False,False
931851,gate_40,8,False,False
931941,gate_30,0,False,False
932088,gate_30,26,True,True
932130,gate_40,76,True,False
932155,gate_30,12,False,False
932245,gate_40,1,False,False
932313,gate_30,4,False,True
932447,gate_40,323,False,True
932470,gate_40,23,False,False
932486,gate_40,114,False,False
932657,gate_30,20,False,True
932664,gate_30,34,True,False
932732,gate_40,20,False,False
932753,gate_40,18,False,False
932810,gate_40,18,False,False
932839,gate_30,3,False,False
932857,gate_40,0,False,False
932863,gate_40,2,False,False
933018,gate_40,22,True,False
933063,gate_40,66,True,True
933319,gate_30,292,True,True
933410,gate_40,23,True,False
933518,gate_30,25,True,False
933763,gate_40,28,True,False
934053,gate_30,2,False,False
934168,gate_40,66,True,False
934207,gate_40,1,False,False
934250,gate_40,23,False,False
934331,gate_30,90,True,False
934337,gate_30,89,True,False
934365,gate_30,34,True,False
934408,gate_30,50,True,False
934910,gate_30,29,True,False
935148,gate_30,4,False,False
935160,gate_30,78,True,False
935363,gate_30,122,True,True
935536,gate_40,1,False,False
935727,gate_30,35,False,False
935940,gate_30,153,True,True
935972,gate_30,79,False,True
936031,gate_40,3,False,False
936053,gate_40,21,True,False
936061,gate_40,22,False,False
936189,gate_30,0,False,False
936298,gate_30,54,True,False
936475,gate_30,6,False,False
936551,gate_40,178,True,True
936557,gate_40,0,False,False
936600,gate_30,3,False,False
936620,gate_30,348,True,True
936733,gate_40,40,True,False
936767,gate_40,14,True,False
936996,gate_30,183,True,False
937173,gate_30,2,False,False
937306,gate_40,90,True,False
937376,gate_40,33,True,False
937579,gate_40,0,False,False
937606,gate_40,3,False,False
937759,gate_30,11,True,False
937795,gate_40,124,True,False
937959,gate_40,1,False,False
938239,gate_40,11,False,False
938530,gate_30,1,False,False
938624,gate_30,10,False,False
938663,gate_30,2,False,False
938695,gate_30,16,False,False
938725,gate_40,1,False,False
938827,gate_40,1,False,False
938868,gate_40,1,False,False
938904,gate_40,6,False,False
939074,gate_40,31,False,False
939131,gate_40,134,True,True
939338,gate_40,26,True,False
939407,gate_30,3,False,False
939466,gate_40,4,False,False
939583,gate_40,59,True,False
939843,gate_40,10,False,False
939954,gate_40,25,True,False
939961,gate_30,17,False,False
940026,gate_40,20,True,False
940041,gate_40,8,False,False
940175,gate_30,11,False,False
940182,gate_30,14,False,False
940230,gate_30,160,False,True
940286,gate_30,3,False,False
940306,gate_30,7,False,False
940631,gate_30,143,True,True
940886,gate_40,1,False,False
941057,gate_30,2,False,False
941287,gate_30,2,False,False
941359,gate_40,63,True,True
941379,gate_30,46,False,False
941410,gate_40,254,True,True
941449,gate_40,55,True,True
941464,gate_30,50,True,False
941524,gate_30,43,False,False
941569,gate_40,5,False,False
941724,gate_30,48,False,True
941761,gate_30,238,True,True
941771,gate_40,12,False,False
941882,gate_30,20,False,False
941989,gate_30,597,True,True
942227,gate_40,180,True,False
942244,gate_30,160,True,True
942292,gate_40,261,True,False
942368,gate_40,14,False,False
942545,gate_40,12,True,False
942583,gate_30,0,False,False
942619,gate_30,463,True,False
942694,gate_40,15,False,False
942728,gate_30,0,False,False
942924,gate_40,4,True,False
943202,gate_40,21,True,False
943224,gate_40,9,False,False
943280,gate_30,0,False,False
943714,gate_30,18,True,False
943761,gate_30,13,False,False
943793,gate_30,31,True,True
943935,gate_30,3,False,False
943963,gate_40,4,False,False
943968,gate_30,0,False,False
944108,gate_30,4,False,False
944119,gate_40,89,True,False
944120,gate_30,18,True,False
944144,gate_40,441,True,True
944211,gate_30,48,False,False
944404,gate_40,17,False,False
944584,gate_30,14,True,False
944628,gate_40,48,True,False
944704,gate_40,1,False,False
944723,gate_40,86,False,False
944848,gate_40,15,False,False
944901,gate_30,7,True,False
944908,gate_30,137,True,True
945073,gate_40,14,False,False
945365,gate_40,7,False,False
945581,gate_30,105,False,True
945618,gate_40,666,True,True
945658,gate_40,90,True,False
945818,gate_30,88,True,False
945895,gate_30,59,True,False
945921,gate_40,590,True,True
946007,gate_40,11,True,False
946043,gate_40,2,False,False
946079,gate_40,126,False,True
946275,gate_40,1,False,False
946522,gate_30,50,False,False
946614,gate_40,199,True,False
946631,gate_30,27,False,False
946668,gate_40,6,False,False
946731,gate_40,23,False,False
946779,gate_40,45,True,False
946800,gate_30,75,True,False
946807,gate_40,29,False,True
946830,gate_40,0,False,False
946919,gate_30,132,True,True
946988,gate_30,9,False,False
947276,gate_40,82,True,False
947408,gate_40,45,True,True
947427,gate_40,21,False,False
947463,gate_40,13,False,False
947544,gate_40,0,False,False
947627,gate_40,37,True,False
947730,gate_30,7,False,False
947751,gate_30,1,False,False
947843,gate_40,38,False,False
947904,gate_40,12,True,False
947943,gate_40,32,True,False
948008,gate_40,129,False,False
948015,gate_30,5,False,False
948023,gate_30,21,False,True
948193,gate_40,10,False,False
948556,gate_40,130,True,False
948584,gate_30,21,False,False
948638,gate_30,509,True,True
948688,gate_30,4,False,False
948875,gate_40,0,False,False
949023,gate_40,30,True,False
949101,gate_30,18,False,False
949174,gate_30,4,False,False
949312,gate_30,2,False,False
949442,gate_40,13,False,False
949534,gate_30,1366,True,True
949632,gate_40,394,True,True
949820,gate_30,8,False,False
949833,gate_30,35,True,True
949875,gate_40,8,False,False
949952,gate_40,4,False,False
949971,gate_40,207,True,True
950002,gate_30,24,True,False
950180,gate_40,2,False,False
950199,gate_40,2,False,False
950210,gate_30,21,False,False
950294,gate_40,128,True,True
950308,gate_40,0,False,False
950476,gate_40,7,False,False
950506,gate_40,13,False,False
950666,gate_40,20,True,True
950676,gate_40,14,False,False
951025,gate_40,12,False,False
951103,gate_40,1,False,False
951290,gate_40,22,False,False
951390,gate_30,15,False,False
951576,gate_30,702,True,True
951706,gate_40,5,False,False
952049,gate_40,31,True,False
952137,gate_30,15,False,False
952364,gate_30,279,True,True
952707,gate_40,13,False,False
952853,gate_40,22,False,False
952994,gate_40,58,True,True
953010,gate_30,118,True,True
953099,gate_30,154,True,True
953269,gate_30,34,True,False
953275,gate_30,1,False,False
953529,gate_30,16,False,False
953675,gate_30,256,True,True
953688,gate_40,31,True,False
953781,gate_40,63,True,False
953845,gate_40,4,False,False
953921,gate_30,88,True,True
953988,gate_30,9,True,False
954165,gate_30,22,True,False
954313,gate_40,13,False,False
954483,gate_40,0,False,False
954501,gate_40,70,True,False
954596,gate_30,155,True,True
954606,gate_30,291,True,True
954617,gate_30,2,False,False
954991,gate_40,500,True,True
954993,gate_40,91,True,True
955200,gate_30,12,True,False
955227,gate_40,3,False,False
955259,gate_40,24,False,False
955269,gate_40,145,True,True
955312,gate_40,8,False,False
955404,gate_30,6,False,False
955504,gate_30,31,True,False
956067,gate_40,220,True,True
956203,gate_30,295,True,True
956264,gate_30,1,False,False
956288,gate_30,54,True,False
956324,gate_30,8,True,False
956486,gate_30,0,False,False
956528,gate_40,32,False,False
956730,gate_40,0,False,False
956818,gate_30,1,False,False
956861,gate_30,93,True,True
957082,gate_40,69,False,True
957091,gate_40,14,False,False
957236,gate_40,6,False,False
957263,gate_30,8,False,False
957300,gate_40,1,False,False
957385,gate_40,10,False,False
957495,gate_30,11,True,False
957553,gate_40,65,True,False
957612,gate_30,380,True,True
957646,gate_30,4,False,False
957670,gate_30,206,True,True
957739,gate_40,40,True,False
957815,gate_30,16,False,True
957890,gate_30,4,False,False
957930,gate_30,24,False,False
957958,gate_40,155,True,True
957983,gate_40,547,True,False
958036,gate_30,89,True,False
958190,gate_30,22,True,False
958440,gate_40,112,True,True
958549,gate_40,84,True,True
958727,gate_30,65,False,False
958743,gate_30,4,False,False
958748,gate_40,11,False,False
959000,gate_30,1,False,False
959030,gate_40,19,True,False
959039,gate_30,27,True,False
959385,gate_30,4,False,False
959395,gate_30,22,False,False
959489,gate_40,3,False,False
959600,gate_30,2,False,False
959662,gate_40,7,True,False
959701,gate_30,254,True,False
959834,gate_30,3,True,False
959884,gate_30,7,False,False
959900,gate_40,3,False,True
960243,gate_40,51,True,False
960299,gate_30,26,True,False
960561,gate_30,86,True,True
960572,gate_40,5,False,False
960649,gate_40,6,False,False
960695,gate_40,1,False,False
960748,gate_30,23,True,False
960768,gate_30,10,False,False
960868,gate_30,2,False,False
960992,gate_30,10,False,False
961087,gate_40,2,False,False
961158,gate_40,23,True,False
961159,gate_30,6,False,False
961193,gate_40,42,True,True
961260,gate_40,77,True,False
961298,gate_30,11,False,False
961426,gate_30,24,False,False
961597,gate_40,12,False,False
961668,gate_30,299,False,True
961692,gate_30,15,True,False
961885,gate_30,38,True,False
961892,gate_30,608,True,True
962106,gate_30,2,False,False
962133,gate_40,7,False,False
962155,gate_40,86,True,True
962239,gate_40,3,False,False
962263,gate_30,215,True,True
962376,gate_30,9,False,False
962447,gate_40,14,False,False
962613,gate_40,315,True,True
962681,gate_30,63,True,False
962817,gate_30,7,True,False
962948,gate_40,47,True,True
963138,gate_30,48,True,False
963174,gate_30,14,True,True
963331,gate_30,3,False,False
963418,gate_30,137,True,True
963563,gate_40,77,False,False
963758,gate_30,9,True,False
964066,gate_30,5,False,False
964474,gate_40,32,False,True
964715,gate_30,51,False,False
964762,gate_40,37,True,False
964823,gate_30,24,True,False
964946,gate_30,133,True,True
965223,gate_40,1,False,False
965367,gate_40,6,False,False
965812,gate_40,1,False,False
965898,gate_30,15,True,False
965939,gate_30,34,True,False
966055,gate_40,23,True,True
966060,gate_40,8,False,False
966138,gate_40,13,True,False
966527,gate_30,17,True,False
966575,gate_40,19,True,False
966578,gate_40,2,False,False
966612,gate_40,5,False,False
966623,gate_30,11,False,False
966632,gate_30,37,False,True
966707,gate_40,11,False,False
966792,gate_30,130,False,True
966823,gate_40,0,False,False
966883,gate_30,68,False,False
966983,gate_30,8,True,False
967570,gate_30,8,False,False
967671,gate_40,39,False,False
968108,gate_40,3,False,False
968170,gate_30,75,True,False
968264,gate_40,1,False,False
968309,gate_40,27,True,False
968324,gate_30,101,True,False
968420,gate_30,21,False,False
968550,gate_40,16,False,False
968600,gate_40,146,True,True
968850,gate_40,105,True,False
969043,gate_30,10,False,False
969156,gate_40,8,False,False
969190,gate_40,164,False,False
969278,gate_30,3,False,False
969401,gate_40,10,False,False
969434,gate_40,15,False,False
969510,gate_30,4,False,False
969574,gate_40,1,False,False
969593,gate_30,41,False,True
969771,gate_40,33,True,False
970165,gate_40,32,True,False
970527,gate_30,50,True,True
970578,gate_40,3,False,False
970644,gate_30,33,False,False
970798,gate_30,1,False,False
970962,gate_40,45,True,False
971021,gate_40,3,False,False
971157,gate_30,422,True,True
971175,gate_40,1,False,False
971293,gate_30,216,True,True
971295,gate_40,17,False,False
971310,gate_30,18,False,True
971410,gate_30,7,False,False
971555,gate_30,266,True,True
971800,gate_30,251,True,True
971871,gate_40,54,True,False
971883,gate_30,2,False,False
972073,gate_30,2,False,False
972125,gate_40,8,False,False
972450,gate_40,4,False,False
972459,gate_40,22,False,False
972479,gate_30,3,False,False
972556,gate_40,42,True,False
972764,gate_30,7,False,False
972811,gate_30,104,True,False
972815,gate_40,142,True,False
972926,gate_30,10,False,False
972936,gate_30,2,False,False
973076,gate_40,21,True,False
973096,gate_40,31,False,False
973100,gate_30,371,True,False
973179,gate_30,45,False,False
973188,gate_30,5,False,False
973215,gate_30,36,False,False
973239,gate_30,1,False,False
973257,gate_30,24,True,False
973265,gate_40,8,False,False
973286,gate_40,26,True,False
973382,gate_30,117,False,False
973414,gate_30,15,True,False
973429,gate_40,14,False,False
973709,gate_40,68,True,True
973712,gate_30,266,True,True
973713,gate_40,2,False,False
973828,gate_40,72,True,True
973925,gate_40,46,True,False
974003,gate_40,610,True,True
974050,gate_40,24,True,False
974398,gate_40,2,False,True
974528,gate_30,7,False,False
974540,gate_30,1,False,False
974710,gate_40,17,False,False
974735,gate_40,32,False,False
974831,gate_30,9,False,False
974894,gate_30,33,False,False
975059,gate_40,131,True,False
975183,gate_40,1,False,False
975226,gate_40,6,False,False
975402,gate_30,1,False,False
975440,gate_30,122,False,True
975547,gate_40,5,False,False
975886,gate_40,69,True,False
975893,gate_30,13,False,False
976004,gate_40,11,True,False
976043,gate_30,0,False,False
976644,gate_30,6,True,False
976813,gate_40,5,False,False
976882,gate_30,100,True,False
976953,gate_40,1,False,False
976960,gate_30,21,True,False
976971,gate_40,7,False,False
977155,gate_40,2,False,False
977333,gate_30,1,False,False
977495,gate_30,7,False,True
977621,gate_40,26,False,False
977632,gate_30,7,True,False
977907,gate_30,225,True,True
977913,gate_40,1,False,False
978092,gate_40,2,False,False
978252,gate_30,26,True,False
978366,gate_30,25,False,False
978456,gate_30,0,False,False
978949,gate_30,98,True,False
979061,gate_30,6,False,False
979133,gate_40,54,True,True
979195,gate_30,12,True,False
979277,gate_30,56,True,False
979318,gate_40,177,True,True
979334,gate_30,12,True,True
979344,gate_30,44,False,True
979416,gate_30,3,False,False
979500,gate_30,7,False,False
979656,gate_40,16,True,False
979791,gate_30,48,True,False
980062,gate_40,5,False,False
980092,gate_40,240,True,False
980114,gate_30,15,False,False
980198,gate_40,180,True,True
980364,gate_40,20,False,False
980563,gate_40,3,False,False
980741,gate_30,0,True,False
980764,gate_30,3,True,False
980826,gate_40,120,True,True
980913,gate_40,1,True,False
981036,gate_40,20,True,False
981044,gate_30,61,False,True
981047,gate_40,20,True,False
981141,gate_30,20,True,False
981174,gate_40,47,True,False
981192,gate_30,2,False,False
981289,gate_30,0,False,False
981457,gate_30,0,False,False
981483,gate_30,5,False,False
981804,gate_40,47,True,True
981972,gate_30,15,False,False
982034,gate_30,129,True,False
982128,gate_30,74,True,False
982185,gate_40,22,True,False
982281,gate_40,7,True,False
982438,gate_40,6,False,False
982760,gate_30,54,False,False
982844,gate_40,3,False,False
982997,gate_30,11,False,False
983072,gate_30,291,True,True
983101,gate_40,791,True,True
983127,gate_40,18,True,False
983132,gate_30,4,False,False
983137,gate_30,24,True,False
983245,gate_40,58,False,True
983402,gate_30,33,True,False
983516,gate_40,11,True,False
983544,gate_30,122,True,True
983785,gate_40,24,False,False
984147,gate_40,3,True,False
984212,gate_40,11,False,False
984292,gate_30,432,True,False
984436,gate_40,196,True,True
984531,gate_40,664,True,True
984826,gate_40,0,False,False
984898,gate_40,5,False,False
984938,gate_30,0,False,False
985166,gate_30,107,True,True
985180,gate_30,5,False,False
985186,gate_30,7,False,False
985288,gate_30,69,True,False
985376,gate_40,21,False,False
985399,gate_40,254,True,False
985636,gate_30,4,False,False
985832,gate_30,195,True,False
986244,gate_30,13,True,True
986268,gate_40,7,False,False
986317,gate_30,87,True,True
986324,gate_30,37,True,False
986461,gate_40,210,True,False
986579,gate_30,472,True,True
986638,gate_30,21,True,True
986734,gate_30,8,False,False
987022,gate_30,57,True,False
987026,gate_30,62,True,False
987150,gate_30,1,False,False
987217,gate_40,13,False,False
987222,gate_30,11,True,False
987361,gate_30,366,True,True
987438,gate_30,136,True,False
987548,gate_30,11,False,False
987596,gate_30,85,True,True
987778,gate_30,6,False,False
987941,gate_40,148,True,True
987990,gate_30,1,False,False
988038,gate_40,177,True,True
988040,gate_40,5,False,False
988161,gate_40,165,True,True
988185,gate_40,26,True,False
988197,gate_40,17,True,False
988430,gate_40,1,False,False
988452,gate_40,8,False,False
988462,gate_40,1,False,False
988500,gate_40,8,True,False
988907,gate_40,3,False,False
988949,gate_30,4,True,False
989137,gate_30,1,False,False
989216,gate_40,1,False,False
989364,gate_30,33,False,False
989512,gate_30,21,True,False
989900,gate_40,9,False,True
990032,gate_40,13,False,False
990033,gate_30,50,True,False
990297,gate_30,13,False,False
990370,gate_30,0,False,False
990461,gate_30,298,True,True
990720,gate_40,36,False,False
990802,gate_30,122,True,True
990846,gate_40,69,True,False
990908,gate_30,0,False,False
991224,gate_30,1,True,False
991225,gate_40,46,True,False
991236,gate_30,23,False,False
991528,gate_40,0,False,False
991555,gate_30,0,False,False
991937,gate_40,69,True,False
992204,gate_40,11,True,False
992288,gate_30,22,False,False
992336,gate_30,8,False,False
992557,gate_40,59,True,False
992566,gate_30,8,True,False
992744,gate_30,266,True,True
992771,gate_40,35,True,False
992830,gate_30,5,False,False
992995,gate_30,36,True,False
993032,gate_40,0,False,False
993217,gate_30,281,True,True
993294,gate_40,46,True,False
993431,gate_40,2,False,False
993461,gate_30,41,True,False
993583,gate_40,226,True,True
993673,gate_30,61,True,False
993800,gate_30,20,True,False
993935,gate_40,10,False,False
993981,gate_40,4,False,False
994003,gate_30,111,True,True
994052,gate_30,24,True,False
994394,gate_30,47,True,False
994464,gate_30,72,True,False
994587,gate_40,16,False,False
994663,gate_40,23,False,False
994696,gate_40,2,False,False
994776,gate_30,36,True,False
994852,gate_40,0,False,False
994964,gate_40,3,False,False
995156,gate_30,197,True,True
995237,gate_30,13,False,False
995311,gate_30,13,False,False
995866,gate_30,4,False,False
995952,gate_40,58,True,False
996077,gate_40,7,False,False
996098,gate_30,92,True,True
996114,gate_30,1,True,False
996325,gate_30,0,False,False
996528,gate_40,111,True,False
996582,gate_30,499,False,True
996679,gate_30,18,False,False
996759,gate_30,14,True,False
996783,gate_30,11,False,False
996940,gate_40,353,True,True
996975,gate_30,15,False,False
997094,gate_30,3,False,False
997310,gate_30,167,True,True
997316,gate_40,71,True,False
997794,gate_30,18,False,False
997800,gate_30,15,True,False
997845,gate_40,3,False,False
997853,gate_40,17,True,False
998145,gate_40,10,False,False
998346,gate_30,38,True,True
998365,gate_40,69,True,False
998368,gate_40,27,False,False
998481,gate_30,32,False,False
998873,gate_40,4,False,False
999083,gate_40,1,False,False
999194,gate_40,5,False,False
999199,gate_30,14,True,False
999222,gate_30,585,True,True
999371,gate_40,12,True,False
999718,gate_30,1,False,False
999812,gate_30,0,False,False
1000074,gate_40,70,True,False
1000365,gate_40,19,False,False
1000372,gate_30,28,False,False
1000375,gate_30,77,True,False
1000502,gate_40,2,False,False
1000589,gate_40,0,False,False
1000806,gate_30,152,False,True
1000814,gate_40,3,False,False
1000919,gate_40,5,False,False
1000952,gate_40,1,False,False
1001070,gate_40,129,True,True
1001194,gate_40,16,False,False
1001288,gate_40,49,True,True
1001411,gate_40,17,True,True
1001610,gate_30,27,False,False
1001632,gate_40,2,False,False
1001683,gate_30,3,True,False
1001689,gate_30,3,False,False
1001718,gate_40,2,False,False
1001744,gate_30,41,True,False
1001746,gate_30,58,True,False
1001785,gate_40,23,False,False
1001853,gate_40,45,True,True
1002041,gate_40,4,False,False
1002107,gate_40,8,False,False
1002299,gate_30,157,True,False
1002579,gate_40,15,True,False
1002581,gate_40,23,True,False
1002717,gate_30,44,True,True
1003195,gate_30,16,False,False
1003342,gate_30,12,False,False
1003396,gate_40,138,True,False
1003451,gate_30,16,True,False
1003475,gate_30,38,True,True
1003493,gate_40,6,False,False
1003544,gate_40,13,False,False
1003556,gate_40,26,True,False
1003576,gate_30,24,True,False
1003738,gate_30,121,True,False
1004031,gate_30,36,True,False
1004257,gate_30,8,True,False
1004302,gate_40,51,True,False
1004373,gate_30,15,False,False
1004530,gate_40,61,True,False
1004577,gate_40,54,True,True
1004589,gate_40,27,True,False
1004590,gate_30,93,True,True
1004650,gate_30,169,True,True
1004929,gate_40,0,False,False
1005081,gate_30,3,False,False
1005107,gate_40,6,True,False
1005140,gate_40,92,True,False
1005263,gate_30,31,True,False
1005374,gate_30,81,True,True
1005388,gate_40,24,True,False
1005480,gate_40,11,True,False
1005668,gate_30,63,True,False
1005701,gate_40,7,False,False
1005851,gate_30,536,True,True
1006040,gate_30,6,False,False
1006142,gate_40,107,False,False
1006233,gate_40,9,False,False
1006289,gate_30,23,False,False
1006340,gate_40,21,True,False
1006503,gate_30,1,False,False
1006508,gate_30,25,True,True
1006560,gate_40,22,False,False
1006593,gate_30,35,False,False
1006946,gate_30,48,True,False
1007048,gate_40,11,False,False
1007129,gate_40,1,False,False
1007202,gate_30,2,False,False
1007331,gate_30,17,False,False
1007441,gate_40,15,False,False
1007586,gate_40,566,True,True
1007665,gate_30,172,True,True
1007753,gate_40,27,True,False
1008065,gate_30,1,False,False
1008112,gate_30,24,True,False
1008136,gate_30,14,False,False
1008142,gate_40,1,False,False
1008220,gate_40,103,True,True
1008253,gate_40,2,False,False
1008332,gate_30,138,True,False
1008493,gate_40,9,False,False
1008505,gate_30,3,False,False
1008580,gate_30,21,False,False
1009011,gate_40,36,True,False
1009045,gate_40,40,False,False
1009161,gate_40,133,True,True
1009192,gate_30,15,False,False
1009223,gate_30,4,False,False
1009498,gate_40,27,False,False
1009576,gate_30,1,False,False
1009675,gate_30,2,False,False
1009710,gate_30,19,True,False
1009891,gate_30,8,False,False
1009916,gate_30,9,False,False
1009999,gate_30,390,True,True
1010022,gate_40,3,False,False
1010681,gate_30,135,True,True
1010838,gate_30,34,True,False
1011141,gate_30,1,False,False
1011164,gate_30,147,True,False
1011207,gate_40,6,False,False
1011239,gate_40,60,True,False
1011310,gate_30,134,True,True
1011476,gate_40,28,True,False
1011723,gate_40,2,False,False
1011770,gate_30,0,True,False
1011836,gate_30,259,True,True
1011853,gate_40,5,False,False
1011935,gate_40,356,True,True
1011998,gate_40,15,False,False
1012013,gate_40,56,True,False
1012014,gate_40,19,True,True
1012049,gate_30,74,True,False
1012117,gate_40,389,True,True
1012226,gate_40,115,True,True
1012385,gate_30,37,True,False
1012478,gate_40,163,True,False
1012505,gate_40,77,True,True
1012516,gate_30,2,False,False
1012645,gate_40,6,False,False
1012652,gate_40,199,True,True
1012693,gate_30,55,True,True
1012697,gate_30,2,False,False
1012719,gate_40,5,False,False
1012792,gate_30,15,False,False
1012826,gate_40,123,False,True
1012920,gate_30,42,True,False
1013000,gate_40,10,False,False
1013051,gate_30,12,False,False
1013279,gate_40,21,False,True
1013294,gate_40,5,False,False
1013356,gate_40,0,False,False
1013751,gate_30,55,True,False
1013862,gate_30,34,True,False
1013970,gate_40,4,False,False
1014042,gate_40,136,False,False
1014113,gate_30,11,False,False
1014131,gate_40,5,False,False
1014324,gate_30,242,True,False
1014447,gate_30,118,False,False
1014478,gate_40,67,True,True
1014723,gate_40,1,False,False
1015125,gate_30,1,False,False
1015140,gate_40,11,True,False
1015156,gate_40,5,False,False
1015587,gate_40,5,True,False
1015668,gate_30,1,False,False
1015740,gate_30,8,False,False
1015852,gate_40,1,False,False
1016101,gate_30,97,True,False
1016122,gate_30,2,False,False
1016181,gate_40,35,False,False
1016229,gate_30,38,True,True
1016320,gate_40,37,True,False
1016337,gate_30,37,True,True
1016344,gate_40,126,True,False
1016456,gate_30,17,False,False
1016501,gate_40,58,True,False
1016741,gate_40,65,False,False
1016815,gate_40,6,True,False
1016910,gate_30,40,True,False
1017049,gate_40,14,False,True
1017136,gate_30,1,False,False
1017185,gate_40,10,True,False
1017463,gate_40,37,False,False
1017518,gate_30,2,False,False
1017674,gate_40,1,False,False
1017902,gate_30,2,False,False
1018049,gate_40,13,False,False
1018109,gate_30,1,False,False
1018162,gate_40,71,True,False
1018324,gate_30,7,False,False
1018368,gate_30,0,False,False
1018500,gate_40,151,True,False
1018732,gate_30,55,True,False
1018785,gate_40,137,True,False
1019024,gate_30,59,True,False
1019051,gate_40,164,True,True
1019210,gate_40,11,False,False
1019251,gate_30,7,False,False
1019252,gate_40,46,True,True
1019466,gate_40,2,False,False
1019467,gate_30,25,True,False
1019536,gate_40,32,False,False
1019547,gate_30,32,True,False
1019576,gate_30,5,False,False
1019621,gate_30,4,False,False
1019696,gate_30,52,True,True
1019734,gate_40,2,False,False
1019745,gate_30,76,True,True
1019989,gate_30,125,True,True
1020210,gate_30,1,False,False
1020221,gate_30,107,True,True
1020481,gate_30,13,False,False
1020503,gate_30,65,True,True
1020581,gate_40,23,True,True
1020582,gate_40,25,True,False
1020681,gate_30,122,False,True
1020782,gate_30,17,False,False
1020787,gate_40,8,True,False
1020801,gate_30,51,True,True
1020819,gate_30,0,False,False
1020926,gate_40,10,False,False
1021068,gate_40,15,True,False
1021250,gate_40,3,False,False
1021377,gate_30,1,False,False
1021444,gate_40,7,False,False
1021494,gate_30,12,False,False
1021616,gate_40,30,False,False
1021649,gate_30,55,True,False
1021788,gate_30,10,True,False
1022202,gate_30,16,True,False
1022205,gate_40,183,True,True
1022242,gate_30,21,True,False
1022537,gate_30,1,False,False
1022543,gate_40,30,False,False
1022560,gate_40,4,False,False
1022566,gate_30,48,True,True
1022694,gate_40,4,False,False
1022893,gate_30,101,False,True
1022947,gate_30,13,False,True
1023174,gate_30,5,False,False
1023308,gate_40,5,False,False
1023608,gate_40,6,False,False
1023997,gate_30,5,False,False
1024337,gate_40,110,True,False
1024462,gate_40,1,False,False
1024527,gate_40,5,False,False
1024543,gate_30,6,False,False
1024548,gate_40,1,False,False
1024601,gate_40,32,True,False
1024690,gate_40,158,True,False
1024782,gate_30,81,True,True
1024898,gate_30,35,False,True
1024945,gate_40,91,True,False
1025054,gate_30,12,False,False
1025124,gate_30,6,True,False
1025158,gate_30,5,False,False
1025246,gate_40,75,True,True
1025325,gate_40,29,True,False
1025706,gate_30,34,True,False
1025875,gate_30,28,False,False
1025965,gate_40,16,False,False
1025989,gate_40,17,False,False
1026024,gate_30,5,True,False
1026119,gate_40,60,True,False
1026145,gate_30,2,False,False
1026415,gate_30,7,False,False
1026468,gate_30,7,False,False
1026498,gate_30,9,False,False
1026536,gate_40,10,False,False
1026794,gate_40,34,True,False
1026980,gate_30,42,True,False
1027033,gate_30,4,True,False
1027073,gate_30,5,False,False
1027103,gate_40,3,False,False
1027167,gate_40,26,True,False
1027170,gate_30,14,False,False
1027301,gate_30,6,False,False
1027387,gate_40,1,False,False
1027483,gate_40,7,False,False
1027521,gate_40,21,False,False
1027649,gate_30,430,True,True
1027766,gate_30,183,True,False
1027917,gate_40,24,False,False
1027965,gate_30,6,False,False
1028043,gate_40,378,True,False
1028062,gate_30,123,True,True
1028165,gate_40,6,True,False
1028242,gate_30,3,False,False
1028287,gate_40,41,True,False
1028329,gate_40,9,False,False
1028567,gate_40,2,False,False
1028618,gate_40,24,True,False
1028643,gate_40,77,True,False
1029099,gate_30,37,True,False
1029139,gate_40,34,True,False
1029341,gate_40,5,True,False
1029369,gate_40,13,False,False
1029645,gate_40,51,True,False
1029684,gate_30,4,False,False
1029718,gate_30,9,False,False
1029738,gate_30,204,True,True
1029818,gate_40,1,False,False
1029882,gate_40,47,True,False
1029894,gate_40,6,False,False
1029989,gate_30,2,False,False
1030020,gate_30,33,False,False
1030038,gate_30,10,False,False
1030168,gate_30,16,False,False
1030184,gate_30,71,False,False
1030303,gate_30,28,False,False
1030621,gate_30,1,False,False
1030778,gate_40,34,True,False
1030990,gate_30,104,True,False
1031089,gate_40,1,False,False
1031239,gate_30,16,True,False
1031450,gate_40,265,True,True
1031508,gate_30,56,True,False
1032108,gate_30,52,True,False
1032682,gate_30,26,True,False
1032911,gate_40,27,False,False
1032926,gate_30,32,True,False
1032961,gate_40,29,False,False
1033100,gate_30,39,False,False
1033484,gate_40,2,False,False
1033593,gate_40,27,False,False
1033629,gate_40,42,False,False
1033659,gate_40,139,True,True
1033718,gate_40,419,True,False
1033756,gate_30,0,False,False
1033813,gate_30,120,True,False
1033878,gate_30,3,False,False
1034013,gate_40,1,False,False
1034145,gate_40,6,False,False
1034150,gate_40,114,False,False
1034261,gate_40,11,False,False
1034493,gate_40,14,False,False
1034563,gate_40,8,False,False
1034811,gate_40,30,True,True
1034854,gate_40,92,True,False
1035018,gate_40,5,True,False
1035237,gate_40,7,False,False
1035349,gate_40,27,True,True
1035350,gate_30,6,False,False
1035373,gate_40,4,False,False
1035384,gate_40,2,False,False
1035391,gate_40,9,False,False
1035487,gate_40,6,False,False
1035591,gate_30,10,True,False
1035763,gate_40,0,False,False
1035835,gate_30,76,True,True
1036079,gate_40,16,False,False
1036104,gate_40,15,False,False
1036207,gate_30,28,False,False
1036607,gate_40,15,False,False
1036635,gate_40,151,True,True
1036666,gate_30,3,False,False
1036954,gate_40,242,True,True
1036974,gate_30,4,False,False
1037142,gate_30,2,False,False
1037406,gate_40,3,False,False
1037595,gate_40,1,False,False
1037663,gate_40,19,True,False
1037736,gate_30,0,False,False
1037756,gate_40,1,False,False
1037775,gate_30,9,False,False
1037781,gate_30,6,False,False
1037904,gate_40,96,False,False
1037937,gate_40,0,False,False
1037945,gate_30,41,True,False
1037980,gate_40,71,True,False
1038032,gate_40,97,True,True
1038035,gate_30,0,False,False
1038186,gate_40,20,True,False
1038226,gate_30,10,False,False
1038301,gate_30,3,False,False
1038387,gate_30,24,True,False
1038440,gate_30,18,True,False
1038532,gate_40,1,False,False
1038580,gate_30,2,True,False
1038685,gate_40,47,True,False
1038727,gate_40,56,False,False
1038931,gate_30,7,True,False
1039250,gate_40,6,False,False
1039460,gate_30,4,False,False
1039605,gate_40,0,False,False
1039699,gate_30,7,False,False
1040437,gate_30,39,False,False
1040897,gate_40,94,True,False
1041053,gate_30,49,True,False
1041297,gate_40,55,True,True
1041371,gate_30,1,False,False
1041461,gate_30,88,True,False
1041538,gate_30,1,False,False
1041852,gate_40,152,True,True
1041865,gate_30,4,False,False
1041870,gate_40,22,False,False
1041929,gate_40,351,True,True
1042071,gate_30,27,True,False
1042150,gate_40,1,False,False
1042211,gate_30,43,True,False
1042242,gate_30,4,False,False
1042622,gate_40,65,False,False
1042819,gate_30,6,False,False
1042866,gate_40,1,False,False
1042973,gate_30,75,True,False
1043021,gate_40,23,False,False
1043279,gate_40,23,True,False
1043316,gate_40,16,False,False
1043394,gate_30,37,False,True
1043531,gate_30,1,False,False
1043601,gate_40,15,True,False
1043758,gate_40,13,True,False
1043871,gate_40,2,True,False
1044004,gate_40,14,False,False
1044053,gate_40,101,False,True
1044070,gate_40,3,True,False
1044113,gate_40,4,True,False
1044345,gate_30,4,False,False
1044376,gate_30,38,True,False
1044877,gate_30,13,False,False
1044910,gate_40,5,False,False
1044917,gate_40,48,False,False
1044934,gate_30,9,False,False
1045051,gate_40,1,False,False
1045090,gate_40,309,False,True
1045101,gate_40,1,False,False
1045169,gate_40,162,True,True
1045241,gate_40,41,True,False
1045453,gate_40,59,True,False
1045481,gate_30,73,True,True
1045567,gate_30,39,True,False
1045598,gate_30,116,True,True
1045837,gate_30,77,True,True
1045914,gate_40,84,True,False
1045958,gate_30,32,True,False
1046065,gate_40,11,True,False
1046077,gate_30,20,True,False
1046171,gate_40,11,False,False
1046360,gate_40,33,True,False
1046433,gate_30,2,False,False
1046523,gate_30,2,False,False
1046577,gate_30,44,True,False
1046661,gate_40,1,False,False
1046732,gate_40,0,False,False
1046799,gate_40,14,False,False
1046853,gate_40,15,False,False
1047169,gate_40,350,True,True
1047178,gate_40,28,True,False
1047370,gate_40,3,False,False
1047421,gate_40,1,False,False
1047492,gate_30,24,True,False
1047678,gate_40,241,True,True
1048135,gate_40,27,True,False
1048350,gate_40,2,True,False
1048436,gate_40,41,False,True
1048550,gate_40,6,False,False
1048740,gate_40,37,True,False
1048797,gate_30,17,False,False
1048896,gate_40,25,True,False
1049054,gate_30,16,False,False
1049123,gate_30,1,False,False
1049203,gate_40,4,False,False
1049228,gate_30,5,True,False
1049273,gate_40,63,True,True
1049524,gate_40,271,True,False
1049541,gate_40,4,True,False
1049568,gate_30,69,True,False
1049592,gate_30,3,False,False
1049655,gate_40,7,False,False
1049708,gate_30,34,True,False
1049758,gate_40,29,False,False
1050144,gate_40,4,False,False
1050196,gate_30,3,False,False
1050309,gate_40,25,False,True
1050399,gate_40,228,True,True
1050553,gate_40,142,True,False
1050686,gate_30,72,True,True
1050935,gate_40,3,False,False
1051424,gate_30,423,True,True
1051514,gate_40,50,True,False
1051534,gate_40,100,True,True
1051551,gate_30,60,False,True
1051605,gate_30,15,False,False
1051735,gate_40,0,False,False
1051799,gate_30,37,False,False
1051854,gate_40,20,True,False
1051882,gate_30,22,True,False
1051928,gate_40,119,True,False
1051938,gate_30,1,False,False
1052205,gate_30,43,True,False
1052285,gate_30,27,False,False
1052474,gate_30,56,True,False
1052563,gate_40,2,False,False
1052712,gate_40,3,True,False
1052775,gate_30,8,False,False
1052788,gate_30,0,False,False
1053075,gate_40,1,False,False
1053133,gate_40,2,False,False
1053221,gate_30,42,True,False
1053239,gate_30,0,False,False
1053247,gate_30,8,False,False
1053275,gate_40,9,False,False
1053286,gate_30,95,True,False
1053330,gate_40,7,False,False
1053406,gate_40,620,True,True
1053529,gate_40,193,True,True
1053552,gate_30,5,False,False
1053585,gate_40,87,True,False
1053717,gate_40,59,False,False
1053853,gate_40,3,False,False
1053913,gate_30,7,False,False
1054141,gate_30,6,False,False
1054380,gate_40,0,False,False
1054558,gate_30,0,False,False
1054591,gate_40,6,False,False
1054596,gate_40,2,False,False
1054612,gate_30,12,False,False
1054673,gate_40,289,True,True
1054770,gate_40,102,False,True
1054772,gate_40,5,False,False
1054809,gate_30,5,False,False
1054811,gate_30,6,True,False
1054880,gate_30,28,True,True
1055116,gate_40,9,False,False
1055123,gate_30,16,True,False
1055169,gate_30,3,False,False
1055195,gate_30,119,True,False
1055344,gate_40,6,False,False
1055399,gate_30,3,False,False
1055445,gate_40,1,False,False
1055448,gate_40,4,True,False
1055476,gate_40,12,False,False
1055795,gate_40,6,False,False
1055806,gate_40,53,True,False
1055907,gate_30,0,False,False
1056070,gate_30,0,False,False
1056074,gate_30,1,False,False
1056142,gate_40,42,False,False
1056410,gate_40,149,False,True
1056439,gate_40,0,False,False
1056682,gate_40,106,True,False
1056801,gate_40,15,True,False
1056960,gate_30,38,False,False
1057124,gate_40,18,False,False
1057212,gate_40,18,False,False
1057302,gate_30,46,True,False
1057487,gate_40,3,True,False
1057708,gate_40,18,True,False
1057723,gate_40,5,False,False
1057916,gate_30,4,False,False
1057995,gate_40,0,False,False
1058136,gate_30,1,False,False
1058160,gate_30,1,False,False
1058230,gate_30,29,True,False
1058256,gate_30,64,True,False
1058312,gate_40,17,False,False
1058493,gate_40,9,False,False
1058670,gate_40,15,False,False
1058714,gate_40,212,True,True
1058767,gate_40,28,False,False
1058819,gate_40,2,False,False
1058924,gate_30,5,False,False
1058934,gate_30,8,False,False
1058951,gate_30,149,True,False
1059363,gate_30,65,False,False
1059546,gate_30,87,True,False
1059603,gate_40,61,False,False
1059696,gate_30,83,True,True
1059780,gate_40,0,False,False
1059788,gate_40,11,False,False
1059863,gate_30,13,True,False
1060285,gate_40,71,True,True
1060739,gate_30,1,False,False
1060921,gate_30,140,True,False
1061021,gate_40,178,True,True
1061317,gate_40,5,True,False
1061422,gate_30,16,False,False
1061458,gate_40,52,True,False
1061460,gate_30,124,True,False
1061525,gate_30,19,True,False
1061548,gate_30,168,True,True
1061563,gate_40,54,True,False
1061699,gate_30,74,True,True
1061781,gate_40,20,True,False
1061858,gate_40,2,False,False
1061911,gate_30,36,False,False
1062012,gate_30,30,False,False
1062113,gate_30,96,True,True
1062198,gate_40,24,False,False
1062400,gate_40,59,True,False
1062750,gate_30,10,False,False
1062802,gate_40,6,False,False
1062927,gate_30,25,True,False
1062997,gate_40,72,True,True
1063257,gate_40,4,True,False
1063259,gate_30,5,False,False
1063599,gate_30,31,True,False
1063619,gate_40,3,False,False
1063663,gate_30,473,True,True
1063842,gate_30,15,False,False
1063983,gate_40,68,True,False
1064146,gate_40,15,False,False
1064147,gate_40,146,True,False
1064153,gate_30,10,True,False
1064396,gate_30,6,False,False
1064639,gate_30,3,False,False
1064760,gate_40,133,True,False
1064849,gate_40,1,False,False
1065067,gate_40,349,True,True
1065103,gate_30,91,True,True
1065114,gate_30,9,False,False
1065335,gate_40,13,False,False
1065519,gate_30,7,False,False
1065708,gate_40,44,False,False
1065946,gate_30,11,False,False
1066019,gate_40,4,False,False
1066057,gate_30,11,False,False
1066060,gate_40,92,True,False
1066165,gate_40,0,False,False
1066286,gate_40,3,False,False
1066310,gate_30,3,False,False
1066571,gate_30,7,False,False
1066634,gate_40,64,False,False
1066659,gate_30,143,True,True
1066809,gate_40,17,False,False
1066834,gate_30,13,False,False
1066848,gate_40,0,False,False
1066998,gate_40,4,False,True
1067048,gate_40,34,True,False
1067085,gate_30,24,False,False
1067136,gate_30,10,False,False
1067161,gate_40,5,False,False
1067173,gate_40,264,True,True
1067211,gate_40,35,True,True
1067309,gate_40,14,True,False
1067607,gate_30,37,True,False
1067651,gate_40,5,True,False
1067845,gate_40,20,True,False
1067947,gate_40,6,False,False
1068017,gate_30,35,False,False
1068228,gate_30,8,False,False
1068323,gate_40,9,False,False
1068333,gate_40,17,False,False
1068364,gate_30,66,True,False
1068366,gate_30,57,False,True
1068586,gate_40,18,False,False
1068606,gate_30,24,True,False
1068632,gate_40,2,False,False
1068664,gate_40,11,False,False
1068903,gate_40,8,False,False
1069062,gate_40,26,False,False
1069074,gate_30,43,True,False
1069075,gate_30,2,False,False
1069085,gate_30,3,False,False
1069086,gate_30,12,False,True
1069481,gate_40,0,False,False
1070071,gate_40,67,True,False
1070079,gate_40,5,False,False
1070337,gate_30,3,False,False
1070340,gate_30,33,True,False
1070450,gate_30,41,True,False
1070586,gate_40,12,False,False
1070860,gate_30,40,True,True
1071110,gate_40,18,True,False
1071128,gate_30,1063,True,True
1071184,gate_30,63,True,True
1071269,gate_40,62,False,True
1071295,gate_40,1,False,False
1071513,gate_40,12,False,False
1071926,gate_40,10,False,False
1072019,gate_40,45,True,False
1072023,gate_40,17,False,False
1072403,gate_30,2,False,False
1072420,gate_40,3,False,False
1072529,gate_30,30,False,True
1072687,gate_40,7,False,False
1072770,gate_40,1,True,False
1072894,gate_30,16,False,True
1072911,gate_30,209,True,True
1073085,gate_40,3,False,False
1073476,gate_40,0,False,False
1073478,gate_30,16,True,False
1073575,gate_40,179,True,True
1073587,gate_30,1,False,False
1073612,gate_40,0,False,False
1073653,gate_30,57,True,False
1073759,gate_40,14,False,False
1073860,gate_30,2,False,False
1073913,gate_30,1,False,False
1074067,gate_30,7,False,False
1074080,gate_40,1,False,False
1074156,gate_30,55,True,False
1074199,gate_30,40,False,False
1074503,gate_40,3,False,False
1074544,gate_30,1,False,False
1075324,gate_40,21,True,False
1075609,gate_30,21,False,False
1075968,gate_30,19,True,False
1076002,gate_30,33,True,False
1076132,gate_30,10,False,False
1076226,gate_30,16,True,False
1076249,gate_30,65,True,False
1076450,gate_40,43,True,False
1076500,gate_30,2,False,False
1076567,gate_40,21,True,False
1076972,gate_30,15,True,False
1077035,gate_40,41,True,False
1077074,gate_30,39,False,False
1077222,gate_40,2,False,False
1077305,gate_40,107,True,True
1077349,gate_40,45,False,False
1077449,gate_30,157,False,True
1077478,gate_40,7,False,False
1077568,gate_40,7,False,False
1077746,gate_40,1,False,False
1077752,gate_40,59,False,False
1077890,gate_30,183,True,True
1077955,gate_30,3,False,False
1078095,gate_30,1,False,False
1078228,gate_40,3,False,False
1078550,gate_40,8,True,False
1078560,gate_30,94,False,True
1078728,gate_30,7,False,False
1078937,gate_30,9,False,False
1078981,gate_30,133,False,True
1079042,gate_40,6,False,False
1079086,gate_30,112,True,True
1079249,gate_30,2,False,False
1079492,gate_30,76,True,False
1079511,gate_40,9,False,False
1079898,gate_30,26,True,True
1079912,gate_40,19,False,False
1080100,gate_30,19,False,False
1080158,gate_30,23,True,False
1080238,gate_30,9,True,False
1080258,gate_40,14,False,False
1080543,gate_30,116,True,False
1080667,gate_30,5,False,False
1080936,gate_30,144,True,True
1080984,gate_30,4,False,False
1081177,gate_30,4,False,False
1081233,gate_30,11,True,False
1081265,gate_40,5,False,False
1081276,gate_40,123,True,True
1081281,gate_40,16,True,True
1081294,gate_30,19,False,False
1081300,gate_30,14,False,False
1081301,gate_30,83,True,True
1081386,gate_30,61,True,False
1081507,gate_40,154,True,True
1081616,gate_40,42,False,False
1081772,gate_40,2,False,False
1081829,gate_30,52,True,False
1082146,gate_30,115,True,False
1082287,gate_30,74,False,False
1082361,gate_40,10,False,False
1082368,gate_30,522,True,True
1082715,gate_30,13,False,False
1082748,gate_40,6,False,False
1082753,gate_40,106,True,True
1082895,gate_40,26,True,False
1082975,gate_30,21,True,False
1082991,gate_30,1,True,False
1083251,gate_30,5,False,False
1083257,gate_40,6,True,False
1083309,gate_30,55,True,True
1083375,gate_40,5,False,False
1083515,gate_30,1,False,False
1083543,gate_30,8,True,False
1083725,gate_30,2,False,False
1083736,gate_30,4,False,False
1083864,gate_30,240,True,True
1083963,gate_40,64,True,True
1084021,gate_30,3,False,False
1084036,gate_40,4,False,False
1084155,gate_30,54,True,True
1084393,gate_30,1,False,False
1084563,gate_30,5,False,False
1085014,gate_40,17,False,False
1085078,gate_30,21,True,False
1085389,gate_40,7,False,False
1085465,gate_40,12,False,False
1085507,gate_30,14,False,False
1085537,gate_40,0,False,False
1085559,gate_40,18,False,False
1085562,gate_40,330,True,True
1085694,gate_30,6,False,False
1085890,gate_40,314,True,True
1085939,gate_30,13,False,False
1085946,gate_30,0,False,False
1085992,gate_40,0,False,False
1086009,gate_30,18,False,False
1086207,gate_30,30,True,False
1086288,gate_30,40,True,False
1086501,gate_40,10,False,False
1086569,gate_40,1,False,False
1086634,gate_30,293,True,False
1086806,gate_40,2,False,False
1086864,gate_40,3,False,False
1086930,gate_30,2,True,False
1086934,gate_30,21,True,False
1087005,gate_40,2,False,False
1087174,gate_30,39,True,False
1087305,gate_40,59,True,True
1087310,gate_30,2,False,False
1087327,gate_40,56,True,True
1087528,gate_40,31,False,False
1087580,gate_30,4,False,False
1087732,gate_30,341,True,True
1088238,gate_40,10,False,False
1088293,gate_30,87,True,False
1088334,gate_30,1,False,False
1088407,gate_40,0,False,False
1088607,gate_30,47,True,False
1088816,gate_40,6,False,False
1088846,gate_30,413,False,True
1088985,gate_40,47,False,False
1089004,gate_40,75,True,True
1089230,gate_30,19,False,False
1089420,gate_40,6,False,False
1089927,gate_40,9,False,False
1090012,gate_40,6,True,False
1090165,gate_30,0,False,False
1090244,gate_30,6,False,False
1090285,gate_30,1,False,False
1090325,gate_30,3,False,False
1090350,gate_40,2,False,False
1090668,gate_40,58,True,False
1090793,gate_40,4,False,False
1090942,gate_30,20,False,False
1091026,gate_30,7,False,False
1091137,gate_30,17,False,False
1091198,gate_30,6,False,False
1091201,gate_40,11,True,False
1091405,gate_40,44,False,False
1091717,gate_40,21,False,False
1091756,gate_40,3,False,False
1092122,gate_30,0,False,False
1092160,gate_40,0,False,False
1092179,gate_30,35,False,False
1092281,gate_30,1,False,False
1092291,gate_40,9,True,False
1092317,gate_40,80,True,False
1092358,gate_40,19,True,False
1092454,gate_40,0,False,False
1092536,gate_30,27,False,False
1092545,gate_40,76,True,False
1092570,gate_40,148,True,True
1092645,gate_40,41,True,True
1092758,gate_30,23,False,False
1092770,gate_40,3,False,False
1092908,gate_40,18,False,False
1092944,gate_30,24,True,False
1093123,gate_40,5,False,False
1093158,gate_40,266,True,True
1093308,gate_40,26,False,False
1093351,gate_40,54,True,True
1093460,gate_40,13,True,False
1093499,gate_40,162,True,False
1093545,gate_30,36,False,True
1093607,gate_30,17,False,False
1093911,gate_30,36,False,False
1094085,gate_40,0,False,False
1094292,gate_30,7,False,False
1094316,gate_30,28,True,False
1094415,gate_30,110,True,True
1094642,gate_30,48,True,False
1094664,gate_30,8,False,False
1094706,gate_30,2,False,False
1094774,gate_30,13,True,False
1094855,gate_40,1,False,False
1094872,gate_30,16,False,False
1094937,gate_30,106,True,True
1095025,gate_30,3,False,False
1095033,gate_30,1,False,False
1095168,gate_40,14,False,False
1095223,gate_30,18,False,False
1095370,gate_30,34,True,True
1095490,gate_40,32,False,False
1095497,gate_40,13,False,True
1095639,gate_30,3,False,False
1095727,gate_30,18,True,False
1095812,gate_40,2,False,False
1095941,gate_40,2,False,False
1096144,gate_40,128,True,False
1096390,gate_40,97,False,True
1096552,gate_40,4,False,False
1096563,gate_40,58,True,False
1096624,gate_40,4,False,False
1096692,gate_40,19,False,False
1096766,gate_40,99,True,True
1096784,gate_30,3,False,False
1096970,gate_30,389,True,True
1096975,gate_40,310,True,False
1096999,gate_40,10,True,False
1097129,gate_30,31,True,False
1097483,gate_40,72,True,False
1097527,gate_40,14,False,False
1097669,gate_40,215,True,True
1097691,gate_30,11,False,False
1097909,gate_40,10,True,False
1098105,gate_40,59,True,False
1098152,gate_40,0,False,False
1098347,gate_40,362,True,True
1098417,gate_40,1,False,False
1098548,gate_30,15,False,False
1098595,gate_30,7,False,False
1098659,gate_30,2,False,False
1099023,gate_40,4,False,False
1099076,gate_40,28,False,False
1099120,gate_40,7,False,False
1099215,gate_40,8,False,False
1099273,gate_40,8,True,False
1099344,gate_40,35,False,True
1099470,gate_40,0,False,False
1099490,gate_30,187,True,True
1099627,gate_40,111,True,False
1099812,gate_40,1,False,False
1099946,gate_40,31,False,False
1100351,gate_30,1,False,False
1100386,gate_40,67,True,True
1100483,gate_40,10,True,False
1100530,gate_40,17,False,False
1100534,gate_40,7,False,False
1100704,gate_30,2,False,False
1100713,gate_30,5,False,False
1100748,gate_30,17,True,False
1101028,gate_30,39,True,False
1101032,gate_40,109,True,False
1101042,gate_30,57,True,False
1101047,gate_40,54,False,False
1101185,gate_30,11,False,False
1101239,gate_40,40,True,False
1101382,gate_40,3,False,False
1101415,gate_30,2,True,False
1101473,gate_30,88,True,False
1101526,gate_30,76,False,False
1101755,gate_40,35,True,False
1101931,gate_30,37,False,True
1101973,gate_30,21,True,False
1102028,gate_40,0,False,False
1102139,gate_30,3,False,False
1102188,gate_30,20,False,False
1102454,gate_30,18,True,True
1102634,gate_40,1,False,False
1102728,gate_40,92,True,True
1102756,gate_40,397,True,True
1102777,gate_30,1,False,False
1102804,gate_30,8,False,True
1102878,gate_40,4,False,False
1102921,gate_40,2,False,False
1102950,gate_30,32,True,False
1103135,gate_30,7,False,False
1103245,gate_40,1,False,False
1103349,gate_30,11,False,False
1103469,gate_40,17,False,False
1103506,gate_30,69,True,False
1103572,gate_40,277,True,True
1103940,gate_40,0,False,False
1103965,gate_40,3,False,False
1104034,gate_40,258,True,True
1104306,gate_30,6,False,False
1104711,gate_40,87,False,True
1104953,gate_40,90,True,True
1105176,gate_30,1,False,False
1105383,gate_40,144,True,True
1105548,gate_40,9,False,False
1105684,gate_40,10,False,False
1105906,gate_30,163,True,False
1105944,gate_30,1,False,False
1105960,gate_30,6,False,False
1105993,gate_40,2,False,False
1106082,gate_40,0,False,False
1106316,gate_40,1,False,False
1106388,gate_40,15,True,False
1106434,gate_30,76,True,True
1106440,gate_40,17,True,False
1106488,gate_40,65,True,False
1106543,gate_30,5,False,False
1107342,gate_30,5,False,False
1107408,gate_40,39,True,False
1107414,gate_40,13,True,False
1107528,gate_40,34,False,True
1107619,gate_30,5,False,False
1107663,gate_30,4,False,False
1107725,gate_30,5,False,False
1107845,gate_30,367,True,True
1107881,gate_30,7,False,False
1107907,gate_30,133,True,False
1108056,gate_40,38,True,False
1108062,gate_40,1,False,False
1108113,gate_30,0,False,False
1108132,gate_40,3,False,False
1108424,gate_40,233,True,True
1108490,gate_30,38,True,False
1108538,gate_30,3,False,False
1108624,gate_30,223,True,True
1108630,gate_30,508,True,True
1108681,gate_40,3,False,False
1108697,gate_30,0,False,False
1108857,gate_40,15,True,False
1109055,gate_30,203,False,True
1109197,gate_40,74,True,False
1109320,gate_30,53,True,False
1109437,gate_30,75,True,False
1109438,gate_30,9,False,False
1109548,gate_40,79,False,False
1109672,gate_30,1,False,False
1109845,gate_30,0,False,False
1109894,gate_30,1,False,False
1109936,gate_40,10,False,False
1109969,gate_30,4,False,False
1110386,gate_30,4,False,False
1110428,gate_30,2,False,False
1110697,gate_40,2,False,False
1110766,gate_40,1,False,False
1110802,gate_40,73,True,False
1110855,gate_30,64,True,False
1110896,gate_40,11,False,False
1110986,gate_30,35,False,True
1110994,gate_30,6,False,False
1111059,gate_40,18,True,False
1111068,gate_40,56,True,False
1111111,gate_40,11,True,False
1111120,gate_30,74,True,False
1111268,gate_40,3,True,False
1111461,gate_30,141,True,False
1111474,gate_30,7,True,False
1111550,gate_40,168,True,True
1111581,gate_40,9,True,False
1111984,gate_40,45,True,False
1112091,gate_30,31,False,True
1112171,gate_40,8,False,False
1112221,gate_40,2,True,True
1112338,gate_40,31,False,False
1112495,gate_30,76,True,True
1112529,gate_30,4,False,False
1112590,gate_30,24,False,False
1112736,gate_30,31,True,True
1112812,gate_40,16,False,False
1112863,gate_30,39,True,False
1113013,gate_30,0,False,False
1113190,gate_40,3,False,False
1113286,gate_30,38,True,False
1113327,gate_40,37,False,False
1113433,gate_30,3,False,False
1113645,gate_30,5,False,False
1113696,gate_30,1,False,False
1113892,gate_40,59,True,False
1113918,gate_40,7,False,False
1113924,gate_30,20,True,False
1114038,gate_40,514,True,True
1114408,gate_30,1,False,False
1114488,gate_40,85,True,False
1114647,gate_40,1,False,False
1114921,gate_30,197,True,True
1114946,gate_40,26,False,False
1115235,gate_40,42,False,False
1115240,gate_30,74,True,True
1115418,gate_30,307,False,False
1115800,gate_30,2,False,False
1115840,gate_30,36,False,False
1115958,gate_40,13,False,False
1115990,gate_40,7,False,False
1116066,gate_40,136,True,True
1116238,gate_30,1,False,False
1116274,gate_30,1,False,False
1116461,gate_30,0,False,False
1116488,gate_30,38,True,True
1116573,gate_30,9,True,False
1116608,gate_30,2,False,False
1116705,gate_40,4,False,False
1116815,gate_30,8,False,False
1116863,gate_40,3,False,False
1117143,gate_40,170,True,True
1117215,gate_30,1,False,False
1117276,gate_30,29,True,False
1117277,gate_40,3,False,False
1117436,gate_30,9,False,False
1117442,gate_40,51,False,True
1117456,gate_40,189,True,False
1117494,gate_30,57,True,False
1117525,gate_40,90,True,False
1117587,gate_40,3,False,False
1117676,gate_40,7,False,False
1117693,gate_40,142,False,True
1117729,gate_30,28,True,False
1117795,gate_40,3,False,False
1118231,gate_40,13,False,False
1118393,gate_40,33,True,False
1118528,gate_40,303,True,True
1118755,gate_40,1,False,False
1119133,gate_40,2,False,False
1119144,gate_30,45,True,True
1119175,gate_40,3,False,False
1119406,gate_30,3,False,False
1119462,gate_40,2,False,False
1119476,gate_30,65,True,False
1119496,gate_30,300,True,True
1119666,gate_30,0,False,False
1119701,gate_30,38,True,False
1119806,gate_40,0,False,False
1119933,gate_40,55,True,False
1119934,gate_30,168,True,True
1120163,gate_40,31,True,False
1120451,gate_30,17,True,False
1120489,gate_40,71,True,False
1120688,gate_30,7,False,False
1120696,gate_30,43,True,False
1120798,gate_30,45,True,False
1121067,gate_40,3,False,False
1121087,gate_40,198,True,False
1121097,gate_30,29,False,True
1121478,gate_30,12,True,True
1121587,gate_30,771,True,True
1122112,gate_30,6,False,False
1122175,gate_40,67,True,True
1122431,gate_30,7,False,False
1122568,gate_30,484,True,True
1122638,gate_30,2,False,False
1122677,gate_40,17,False,False
1122730,gate_40,12,False,True
1123060,gate_40,174,True,True
1123226,gate_40,46,True,True
1123269,gate_30,24,True,True
1123331,gate_40,5,False,False
1123490,gate_30,84,True,False
1123502,gate_40,1,False,False
1123746,gate_30,11,True,True
1124434,gate_30,124,True,True
1124568,gate_40,23,False,True
1124690,gate_30,239,True,True
1124741,gate_30,326,True,True
1124760,gate_40,30,True,False
1124842,gate_30,96,True,False
1124876,gate_40,32,False,True
1125086,gate_40,124,True,False
1125106,gate_40,269,True,True
1125117,gate_30,24,True,False
1125127,gate_40,56,False,True
1125202,gate_40,0,False,False
1125248,gate_40,4,False,False
1125361,gate_40,16,False,False
1125394,gate_30,77,False,True
1125419,gate_40,2,False,False
1126054,gate_40,9,False,False
1126075,gate_30,2,False,False
1126154,gate_30,29,True,False
1126192,gate_40,1,False,False
1126530,gate_40,42,True,False
1126745,gate_30,2,False,False
1126949,gate_30,1,False,False
1127036,gate_40,21,False,False
1127098,gate_40,122,False,True
1127177,gate_40,2,False,False
1127197,gate_40,19,True,False
1127205,gate_40,114,True,True
1127317,gate_40,143,False,True
1127435,gate_40,42,True,False
1127555,gate_30,67,True,True
1127579,gate_40,33,True,False
1127590,gate_40,8,False,False
1127648,gate_40,54,True,False
1127729,gate_40,63,True,False
1127766,gate_30,7,False,False
1127922,gate_40,1,False,False
1128095,gate_40,8,False,False
1128255,gate_40,3,True,False
1128439,gate_40,11,True,False
1128675,gate_40,588,True,True
1128744,gate_40,58,False,True
1128936,gate_30,3,False,False
1129162,gate_40,271,True,True
1129504,gate_40,63,True,False
1129879,gate_40,12,False,False
1129901,gate_40,35,True,False
1130223,gate_40,1,True,False
1130321,gate_30,153,True,True
1130628,gate_30,16,False,False
1130659,gate_40,5,False,False
1130671,gate_30,8,False,False
1130751,gate_30,12,True,False
1130849,gate_30,3,False,False
1130894,gate_40,282,True,True
1131381,gate_40,1,False,False
1131489,gate_40,51,True,False
1131495,gate_40,0,False,False
1131506,gate_30,79,True,True
1131557,gate_30,10,False,False
1131574,gate_30,0,False,False
1131634,gate_30,48,False,False
1131657,gate_40,110,True,False
1131736,gate_40,3,False,False
1131801,gate_40,343,False,True
1131943,gate_40,5,True,False
1132012,gate_30,22,True,False
1132149,gate_30,18,False,False
1132288,gate_30,3,False,False
1132346,gate_30,23,True,False
1132423,gate_30,13,False,False
1132488,gate_30,6,False,False
1132520,gate_30,55,True,True
1132765,gate_30,95,True,True
1132865,gate_40,1,False,False
1132985,gate_40,13,True,False
1133201,gate_40,49,False,False
1133223,gate_40,17,False,False
1133249,gate_40,96,True,False
1133256,gate_40,1,False,False
1133283,gate_30,89,True,False
1133376,gate_30,5,False,False
1133520,gate_40,4,False,False
1133647,gate_40,42,False,False
1133738,gate_40,28,False,False
1133760,gate_30,52,True,False
1133892,gate_40,73,True,False
1134083,gate_30,108,True,True
1134165,gate_40,283,True,True
1134196,gate_40,242,False,False
1134268,gate_30,11,True,False
1134463,gate_30,13,True,False
1134477,gate_30,33,True,False
1134640,gate_30,7,False,False
1135510,gate_30,2,True,False
1135601,gate_30,9,False,False
1135632,gate_30,9,False,False
1135638,gate_30,5,False,False
1135788,gate_30,62,True,False
1135825,gate_40,33,True,False
1136077,gate_40,48,True,False
1136242,gate_40,5,False,False
1136279,gate_30,4,False,False
1136485,gate_30,3,False,False
1136652,gate_30,1,False,False
1136877,gate_40,3,False,False
1136982,gate_30,171,True,True
1137004,gate_30,19,True,False
1137017,gate_40,18,False,False
1137022,gate_30,0,False,False
1137181,gate_40,18,True,False
1137344,gate_40,19,True,True
1137375,gate_40,7,False,False
1137406,gate_40,11,True,False
1137518,gate_40,35,False,False
1137551,gate_40,4,False,False
1137602,gate_40,9,False,False
1137655,gate_30,12,False,False
1137784,gate_30,101,True,True
1137816,gate_40,69,True,False
1138036,gate_40,177,True,True
1138228,gate_40,16,True,False
1138363,gate_30,20,True,False
1138398,gate_40,34,True,False
1138421,gate_30,32,False,False
1138476,gate_40,43,False,False
1138680,gate_30,388,True,True
1138725,gate_30,38,False,False
1139002,gate_40,7,False,False
1139005,gate_40,4,False,False
1139069,gate_40,11,False,False
1139107,gate_30,2,True,False
1139379,gate_40,1,False,False
1139658,gate_30,88,True,False
1139886,gate_40,22,True,False
1139929,gate_30,46,True,False
1140137,gate_30,1,False,False
1140139,gate_40,3,False,False
1140293,gate_30,1,False,False
1140371,gate_40,3,False,False
1140380,gate_40,61,True,True
1140769,gate_30,16,True,False
1140827,gate_40,5,False,False
1140848,gate_40,143,False,True
1140865,gate_40,97,True,False
1140884,gate_40,10,False,False
1140904,gate_30,8,False,False
1141629,gate_40,139,True,False
1141673,gate_30,138,True,False
1141788,gate_40,258,True,True
1141804,gate_40,53,False,False
1141806,gate_40,25,False,False
1141811,gate_40,2,False,False
1141819,gate_40,2,True,False
1141822,gate_30,83,True,False
1141837,gate_30,46,True,False
1141890,gate_30,12,False,False
1142048,gate_40,6,False,False
1142215,gate_30,14,True,False
1142530,gate_40,31,False,False
1142660,gate_40,70,True,True
1142761,gate_40,1,False,False
1142813,gate_40,205,True,False
1142845,gate_40,7,False,False
1142885,gate_30,11,False,False
1142892,gate_30,11,False,False
1143004,gate_40,54,True,False
1143199,gate_30,8,True,False
1143254,gate_40,1,False,False
1143357,gate_30,85,True,True
1143358,gate_40,41,True,False
1143501,gate_40,22,False,False
1143564,gate_40,1,False,False
1143582,gate_30,174,False,False
1143755,gate_30,27,True,False
1143986,gate_30,16,True,False
1144046,gate_40,186,True,True
1144293,gate_30,31,True,False
1144326,gate_40,2,False,False
1144369,gate_40,57,False,False
1144382,gate_30,46,False,True
1144474,gate_30,97,True,True
1144649,gate_40,47,True,False
1145248,gate_40,114,False,False
1145309,gate_30,41,True,False
1145411,gate_30,33,True,False
1145466,gate_30,4,False,False
1145652,gate_30,0,False,False
1145670,gate_40,17,True,False
1145777,gate_30,4,False,False
1146144,gate_40,307,True,True
1146217,gate_40,2,False,False
1146345,gate_40,1,False,False
1146451,gate_40,7,False,False
1146778,gate_30,647,True,True
1146782,gate_40,88,True,False
1146850,gate_30,3,True,False
1146967,gate_40,27,False,False
1147009,gate_30,8,False,False
1147058,gate_30,44,False,False
1147184,gate_30,8,False,False
1147200,gate_30,35,True,False
1147452,gate_40,7,False,False
1147471,gate_40,7,False,False
1147569,gate_30,3,False,False
1147781,gate_30,3,False,False
1147809,gate_40,65,True,True
1147898,gate_30,47,True,False
1147974,gate_30,4,False,False
1148155,gate_40,33,True,False
1148163,gate_40,18,False,False
1148364,gate_30,23,True,False
1148606,gate_30,72,True,True
1148848,gate_30,2,False,False
1149088,gate_40,77,True,True
1149161,gate_30,18,False,False
1149217,gate_30,3,True,False
1149241,gate_30,6,False,False
1149403,gate_30,14,True,False
1149647,gate_30,11,False,False
1149698,gate_30,113,False,True
1149700,gate_30,1,False,False
1149707,gate_30,2,False,False
1149795,gate_40,1,False,False
1149997,gate_30,81,True,False
1150339,gate_30,2,False,False
1150374,gate_30,2,False,False
1150401,gate_30,71,True,False
1150427,gate_30,31,True,False
1150437,gate_40,7,False,False
1150492,gate_30,1,False,False
1150614,gate_30,5,False,False
1150771,gate_30,7,False,False
1151043,gate_30,7,False,False
1151117,gate_40,10,False,False
1151146,gate_40,1,False,False
1151193,gate_30,40,True,False
1151221,gate_30,12,True,False
1151323,gate_40,19,True,False
1151491,gate_40,77,True,False
1151645,gate_40,3,False,False
1151853,gate_30,6,True,False
1152009,gate_40,25,True,False
1152032,gate_30,4,True,False
1152103,gate_30,25,True,False
1152199,gate_40,6,False,False
1152240,gate_30,9,False,False
1152608,gate_30,624,True,True
1152724,gate_30,25,True,False
1152747,gate_40,8,False,False
1152928,gate_30,391,True,True
1152932,gate_40,1,False,False
1153055,gate_30,1,False,False
1153301,gate_40,45,True,False
1153332,gate_30,9,False,False
1153379,gate_30,34,True,False
1153408,gate_30,31,False,False
1153619,gate_30,15,False,False
1153717,gate_40,30,True,False
1153725,gate_40,2,False,False
1154158,gate_40,8,False,False
1154730,gate_30,17,True,False
1154731,gate_30,53,True,False
1154921,gate_30,1,False,False
1154933,gate_30,3,False,False
1155445,gate_40,74,True,True
1155483,gate_30,58,True,False
1155489,gate_40,6,False,False
1155561,gate_40,41,True,False
1155622,gate_40,1,False,False
1155645,gate_30,0,False,False
1155701,gate_30,6,False,False
1155732,gate_40,279,True,True
1155739,gate_40,3,False,False
1155764,gate_30,80,True,False
1155824,gate_40,8,False,False
1155857,gate_30,13,False,False
1155888,gate_30,7,False,False
1155928,gate_30,567,True,True
1155993,gate_30,36,True,False
1156152,gate_40,0,False,False
1156257,gate_40,17,True,False
1156451,gate_40,151,True,True
1156532,gate_40,37,True,True
1156901,gate_40,1,False,False
1156922,gate_40,14,False,False
1157016,gate_40,15,False,False
1157021,gate_30,92,False,False
1157338,gate_30,15,False,False
1157402,gate_30,5,False,False
1157404,gate_30,14,False,False
1157479,gate_40,69,True,True
1157541,gate_40,17,True,False
1157545,gate_40,6,False,False
1157589,gate_40,189,True,False
1157639,gate_30,15,True,False
1157656,gate_40,23,False,False
1157668,gate_40,31,False,False
1157817,gate_30,0,False,False
1157847,gate_30,15,False,True
1157900,gate_40,10,True,False
1158002,gate_30,35,True,False
1158189,gate_30,31,True,False
1158214,gate_40,101,True,True
1158347,gate_40,55,True,True
1158572,gate_30,2,False,False
1158612,gate_40,3,False,False
1158777,gate_30,141,True,True
1158860,gate_30,9,False,False
1158931,gate_30,14,True,False
1159071,gate_30,18,True,False
1159217,gate_40,19,False,False
1159260,gate_40,97,True,False
1159422,gate_30,18,False,False
1159583,gate_30,11,False,False
1160056,gate_40,3,False,False
1160095,gate_40,18,False,False
1160144,gate_40,3,False,False
1160261,gate_30,195,True,True
1160329,gate_30,2,True,False
1160413,gate_40,140,True,False
1160564,gate_40,245,True,False
1160570,gate_30,4,False,False
1160604,gate_40,8,False,False
1160687,gate_30,92,True,False
1160747,gate_30,1035,True,True
1160837,gate_40,14,False,False
1160848,gate_40,25,True,False
1160877,gate_40,25,True,True
1161034,gate_30,41,True,False
1161100,gate_40,45,True,False
1161514,gate_40,65,False,False
1161617,gate_40,6,False,False
1161623,gate_40,154,True,True
1161838,gate_30,81,True,False
1161870,gate_40,13,False,False
1161886,gate_30,9,False,False
1161899,gate_40,20,True,False
1162099,gate_40,3,False,False
1162177,gate_30,238,True,True
1162254,gate_30,1,False,False
1162399,gate_40,8,True,False
1162423,gate_30,44,True,False
1162428,gate_40,1,False,False
1162509,gate_40,12,False,True
1162541,gate_30,16,True,False
1162565,gate_30,1,False,False
1162600,gate_30,5,True,False
1162682,gate_30,5,False,False
1162975,gate_40,0,False,False
1163012,gate_40,27,True,False
1163134,gate_30,12,False,False
1163191,gate_30,8,False,False
1163242,gate_40,43,True,False
1163454,gate_40,42,False,False
1163500,gate_30,269,True,False
1163613,gate_30,79,True,False
1163741,gate_30,4,False,False
1163875,gate_30,43,True,False
1164033,gate_30,75,False,False
1164207,gate_40,23,True,False
1164231,gate_30,0,False,False
1164272,gate_40,11,True,False
1164286,gate_40,104,True,True
1164403,gate_40,14,True,False
1164475,gate_40,18,False,False
1164527,gate_40,3,False,False
1164531,gate_30,5,False,False
1164554,gate_40,61,False,True
1164694,gate_40,40,True,True
1164797,gate_30,3,False,False
1164950,gate_40,0,False,False
1164996,gate_40,22,False,True
1165328,gate_30,17,False,False
1165607,gate_30,14,True,False
1165700,gate_30,1,False,False
1165727,gate_30,6,True,False
1165730,gate_30,8,False,False
1165752,gate_30,11,True,False
1165763,gate_40,7,False,False
1165916,gate_30,5,False,False
1166037,gate_40,13,False,False
1166152,gate_40,35,True,False
1166219,gate_40,19,True,False
1166743,gate_40,59,True,False
1166796,gate_40,9,False,False
1166929,gate_30,21,True,False
1166971,gate_40,172,True,True
1167210,gate_40,33,True,False
1167260,gate_40,99,True,False
1167434,gate_40,349,False,True
1167435,gate_40,11,True,True
1167472,gate_30,192,False,True
1167718,gate_30,10,False,False
1167772,gate_30,25,False,True
1167833,gate_40,12,True,False
1167938,gate_30,20,False,False
1168090,gate_40,41,False,False
1168285,gate_30,14,False,False
1168451,gate_40,3,False,False
1168532,gate_30,17,True,False
1168596,gate_30,59,True,False
1168829,gate_30,83,True,True
1169080,gate_30,17,False,False
1169162,gate_40,33,False,False
1169233,gate_40,3,False,False
1169389,gate_30,12,True,False
1169545,gate_40,2,False,False
1169568,gate_30,86,True,False
1169779,gate_30,2,False,False
1170323,gate_30,40,True,True
1170491,gate_30,126,True,True
1170517,gate_40,2,True,True
1170568,gate_40,67,True,False
1170571,gate_40,23,True,False
1170677,gate_40,7,True,False
1170713,gate_40,91,True,False
1170726,gate_30,47,True,False
1170738,gate_40,1,False,False
1170974,gate_30,13,False,False
1171352,gate_40,458,True,True
1171562,gate_30,5,False,False
1171693,gate_40,225,True,True
1171793,gate_40,107,True,False
1171836,gate_40,10,False,False
1171928,gate_40,244,True,True
1171970,gate_40,3,False,False
1172164,gate_40,3,False,True
1172228,gate_30,505,True,True
1172357,gate_40,64,True,True
1172655,gate_30,12,False,False
1172901,gate_40,13,False,False
1173119,gate_30,4,False,False
1173158,gate_30,34,True,True
1173216,gate_30,1,False,False
1173439,gate_40,2,False,False
1173458,gate_40,603,True,True
1173642,gate_40,52,True,False
1173673,gate_30,1,False,False
1173749,gate_30,23,False,False
1173774,gate_40,189,True,True
1173828,gate_40,96,True,False
1173835,gate_30,1,False,False
1174091,gate_40,154,True,True
1174466,gate_30,35,True,False
1174520,gate_40,515,True,True
1174636,gate_40,2,False,False
1174982,gate_30,21,True,False
1174991,gate_30,60,True,True
1174995,gate_30,43,True,False
1175166,gate_40,6,True,False
1175239,gate_40,47,True,False
1175413,gate_30,0,False,False
1175465,gate_40,2,False,False
1175502,gate_30,2,False,False
1175607,gate_40,1,False,False
1175690,gate_30,15,True,False
1175749,gate_30,28,False,False
1175847,gate_30,75,True,False
1175887,gate_40,54,True,True
1176261,gate_40,121,True,True
1176303,gate_30,398,True,True
1176389,gate_30,37,True,False
1176486,gate_30,5,True,False
1176495,gate_40,5,False,False
1176949,gate_30,7,False,False
1177427,gate_30,6,False,False
1177566,gate_30,164,True,True
1177646,gate_30,4,False,False
1177734,gate_30,4,False,False
1177780,gate_30,35,True,True
1177830,gate_40,4,False,False
1177901,gate_40,70,True,True
1178104,gate_40,18,True,False
1178279,gate_40,132,True,True
1178635,gate_40,44,True,False
1178681,gate_40,7,False,False
1178797,gate_30,41,True,False
1178857,gate_40,193,True,False
1178911,gate_30,4,False,False
1178924,gate_40,610,True,True
1179155,gate_40,4,False,False
1179162,gate_40,3,False,False
1179206,gate_40,8,False,False
1179307,gate_30,36,True,False
1179465,gate_30,34,True,False
1179477,gate_40,1,False,False
1179503,gate_40,1573,True,True
1179585,gate_40,1,False,False
1179652,gate_30,6,True,False
1179817,gate_40,1,False,False
1180197,gate_30,58,True,True
1180333,gate_30,479,False,True
1180397,gate_30,6,False,False
1180920,gate_40,25,False,False
1180958,gate_40,46,True,False
1181099,gate_40,35,True,False
1181193,gate_30,177,True,False
1181319,gate_40,455,True,True
1181417,gate_30,10,False,False
1181765,gate_30,17,True,False
1181917,gate_40,1,False,False
1181964,gate_40,273,True,True
1181970,gate_30,20,False,False
1182099,gate_40,4,False,False
1182120,gate_30,1,False,False
1182568,gate_40,1,False,False
1182597,gate_40,3,False,False
1182611,gate_30,1,False,False
1182659,gate_30,6,True,False
1182704,gate_40,3,True,False
1183015,gate_40,1,False,False
1183054,gate_40,18,True,False
1183128,gate_30,54,False,True
1183170,gate_40,3,False,False
1183175,gate_40,8,False,False
1183318,gate_30,69,True,False
1183395,gate_40,18,True,False
1183396,gate_40,43,True,False
1183466,gate_40,25,False,True
1183546,gate_40,6,False,False
1183595,gate_40,75,True,False
1183651,gate_30,1,False,False
1183659,gate_40,77,True,False
1183896,gate_40,1,False,False
1184191,gate_40,167,True,False
1184322,gate_40,92,True,True
1184470,gate_40,10,False,False
1184799,gate_40,26,True,False
1184942,gate_40,52,True,False
1185140,gate_30,69,True,True
1185283,gate_40,13,False,False
1185322,gate_40,5,False,False
1185915,gate_40,2,True,False
1186156,gate_40,40,True,False
1186586,gate_40,28,True,False
1186614,gate_40,20,True,False
1186625,gate_40,6,False,False
1186652,gate_30,20,False,False
1186694,gate_40,242,True,True
1186860,gate_30,35,False,False
1186960,gate_30,27,True,False
1187016,gate_30,33,True,False
1187093,gate_40,2,False,False
1187104,gate_40,32,True,False
1187115,gate_30,34,False,False
1187163,gate_40,32,False,False
1187188,gate_40,7,False,False
1187333,gate_40,67,False,True
1187352,gate_30,2,False,False
1187429,gate_40,100,True,False
1187637,gate_40,7,True,False
1187645,gate_40,20,False,False
1187676,gate_30,377,True,True
1187690,gate_40,2,True,False
1187963,gate_30,43,False,True
1188054,gate_30,389,True,False
1188328,gate_40,180,True,True
1188383,gate_40,48,True,False
1188448,gate_30,9,True,False
1188525,gate_40,15,True,False
1188654,gate_30,81,True,False
1188800,gate_40,5,True,False
1188843,gate_30,71,True,False
1188919,gate_30,66,True,True
1188953,gate_40,5,False,False
1189035,gate_30,6,True,False
1189379,gate_40,15,False,False
1189526,gate_30,5,False,False
1189534,gate_30,18,True,False
1189662,gate_40,6,False,False
1189730,gate_30,68,True,False
1189744,gate_40,205,True,True
1190242,gate_40,9,True,False
1190410,gate_40,12,False,True
1190419,gate_30,0,False,False
1190652,gate_30,640,True,True
1190720,gate_30,163,True,False
1190968,gate_30,6,False,False
1191039,gate_40,24,True,False
1191301,gate_30,22,True,False
1191348,gate_40,5,False,False
1191390,gate_40,152,True,True
1191581,gate_40,14,False,False
1191582,gate_30,14,False,False
1191617,gate_30,23,False,False
1191667,gate_40,2,False,False
1191752,gate_40,21,False,False
1191789,gate_40,155,True,True
1192025,gate_30,106,True,True
1192135,gate_30,5,False,False
1192199,gate_40,136,True,True
1192310,gate_40,6,False,False
1192437,gate_30,35,False,False
1192447,gate_30,22,True,False
1192604,gate_30,13,False,False
1192702,gate_30,15,True,False
1192953,gate_30,4,False,False
1193214,gate_40,3,False,False
1193348,gate_40,8,True,False
1193366,gate_30,6,False,False
1193376,gate_40,58,True,False
1193462,gate_30,7,False,False
1193512,gate_40,10,False,False
1193534,gate_30,6,False,False
1193566,gate_40,26,True,False
1193691,gate_30,50,False,False
1193729,gate_40,1,False,False
1193917,gate_30,10,False,False
1194266,gate_30,112,True,False
1194273,gate_40,0,False,False
1194311,gate_40,7,False,True
1194372,gate_30,9,False,False
1194500,gate_30,26,True,False
1194825,gate_30,1,False,False
1194975,gate_40,2,False,False
1195107,gate_30,29,True,False
1195386,gate_40,16,False,False
1195485,gate_40,6,False,False
1195572,gate_40,5,False,False
1195730,gate_40,19,True,False
1195793,gate_40,10,False,False
1195845,gate_30,13,False,False
1195849,gate_30,58,True,True
1196494,gate_30,29,True,False
1196808,gate_30,13,True,False
1196911,gate_40,18,True,False
1196975,gate_40,98,True,True
1197003,gate_30,5,False,False
1197083,gate_40,44,True,False
1197089,gate_30,90,True,True
1197246,gate_30,1,False,False
1197332,gate_40,192,True,True
1197449,gate_40,146,False,True
1197579,gate_40,30,True,False
1197621,gate_30,4,False,True
1197683,gate_40,1,False,False
1197970,gate_40,24,True,False
1198240,gate_30,9,True,False
1198242,gate_30,29,False,False
1198459,gate_30,27,True,False
1198496,gate_40,104,True,True
1198641,gate_30,85,False,False
1198830,gate_40,1,False,False
1198978,gate_40,28,True,False
1199152,gate_40,16,False,False
1199255,gate_30,2,False,False
1199291,gate_40,5,False,False
1199316,gate_40,62,True,False
1199557,gate_40,36,True,False
1199692,gate_40,45,False,False
1199752,gate_40,17,False,False
1199926,gate_30,2,False,False
1200059,gate_30,29,False,False
1200067,gate_30,48,True,False
1200243,gate_40,2,False,False
1200323,gate_30,32,False,True
1200425,gate_40,21,False,False
1200604,gate_40,147,True,True
1200767,gate_30,337,False,False
1200943,gate_30,19,False,False
1201007,gate_30,110,True,False
1201014,gate_30,8,True,True
1201017,gate_40,5,False,False
1201083,gate_40,46,True,False
1201190,gate_30,9,False,True
1201307,gate_40,152,True,False
1201446,gate_40,9,False,False
1201551,gate_30,17,True,False
1201655,gate_30,491,True,True
1201680,gate_30,4,False,False
1201821,gate_40,2,True,False
1201874,gate_30,36,True,False
1202046,gate_30,266,True,True
1202127,gate_30,35,False,False
1202542,gate_30,18,False,False
1202559,gate_40,9,False,True
1202617,gate_40,1,False,False
1202665,gate_30,0,False,False
1202753,gate_30,5,False,False
1202790,gate_40,65,True,True
1202971,gate_40,2,False,False
1203008,gate_30,104,False,False
1203294,gate_40,10,False,False
1203459,gate_40,76,True,True
1203590,gate_40,62,True,False
1203610,gate_40,2,False,False
1203613,gate_40,21,False,False
1203693,gate_30,6,False,False
1203817,gate_40,5,True,False
1203870,gate_40,17,True,False
1204193,gate_30,289,True,True
1204213,gate_40,13,False,False
1204222,gate_40,5,False,False
1204256,gate_30,39,True,True
1204277,gate_30,9,True,False
1204699,gate_40,20,False,False
1204975,gate_40,14,False,False
1205082,gate_30,20,True,False
1205136,gate_40,101,True,True
1205668,gate_30,82,False,False
1205695,gate_30,24,False,False
1205724,gate_40,37,True,False
1205734,gate_30,8,True,True
1205798,gate_30,3,False,False
1205825,gate_40,68,True,True
1206001,gate_30,1,False,False
1206022,gate_40,19,False,False
1206031,gate_40,62,True,False
1206234,gate_30,10,True,False
1206327,gate_40,60,True,False
1206333,gate_40,3,False,False
1206370,gate_30,10,False,False
1206416,gate_30,2,False,False
1206536,gate_40,3,True,False
1206607,gate_30,9,True,False
1206830,gate_40,113,True,False
1206993,gate_30,17,True,False
1207009,gate_30,4,True,False
1207077,gate_30,15,False,False
1207110,gate_40,20,False,False
1207142,gate_40,71,True,False
1207421,gate_30,19,False,False
1207438,gate_40,7,False,False
1207511,gate_40,52,False,False
1207552,gate_30,14,True,False
1207562,gate_40,22,False,True
1207585,gate_40,22,True,False
1207735,gate_40,2,True,False
1207784,gate_40,24,True,False
1207794,gate_30,4,False,False
1207950,gate_30,2,False,False
1207989,gate_30,14,True,False
1208105,gate_40,73,True,True
1208155,gate_40,2,True,False
1208178,gate_40,6,False,False
1208477,gate_30,1,False,False
1208553,gate_30,29,True,False
1208610,gate_30,33,True,False
1208723,gate_30,13,False,False
1208815,gate_40,11,True,False
1208840,gate_30,3,False,False
1208851,gate_30,755,True,True
1208894,gate_40,22,True,False
1208956,gate_30,5,False,False
1209097,gate_30,4,False,False
1209272,gate_30,18,True,False
1209296,gate_40,44,True,False
1209303,gate_40,0,False,False
1209344,gate_30,13,True,False
1209486,gate_40,183,True,False
1209613,gate_40,13,False,False
1209703,gate_40,5,False,False
1209748,gate_30,19,True,False
1209922,gate_40,1,False,False
1209927,gate_30,2,False,False
1210034,gate_40,1,False,False
1210176,gate_40,7,False,True
1210200,gate_30,163,True,True
1210238,gate_30,15,False,False
1210323,gate_40,4,False,False
1210597,gate_30,161,True,False
1210635,gate_30,207,True,False
1210658,gate_30,106,False,True
1210852,gate_30,343,True,True
1210905,gate_30,3,False,False
1210929,gate_30,41,True,False
1210943,gate_30,2,False,False
1211050,gate_40,110,True,False
1211062,gate_40,1,False,False
1211108,gate_40,371,True,True
1211436,gate_30,8,False,False
1211615,gate_30,0,False,False
1211738,gate_30,26,True,False
1211771,gate_40,26,False,False
1211774,gate_30,8,False,False
1211852,gate_30,36,False,False
1211921,gate_40,50,True,True
1212056,gate_40,1,False,False
1212211,gate_30,3,False,False
1212421,gate_30,23,False,False
1212455,gate_40,115,True,True
1212527,gate_30,8,False,False
1212854,gate_40,183,True,False
1213208,gate_30,1,False,False
1213226,gate_40,52,True,True
1213316,gate_40,58,True,False
1213397,gate_40,25,True,False
1213410,gate_30,38,True,False
1213469,gate_40,36,False,True
1213494,gate_40,218,False,False
1213866,gate_30,20,True,False
1214074,gate_40,47,True,True
1214256,gate_30,2,False,False
1214308,gate_40,146,True,False
1214398,gate_40,4,False,False
1214425,gate_40,1,False,False
1214437,gate_30,27,True,False
1214952,gate_40,16,False,False
1215077,gate_40,183,True,False
1215178,gate_40,20,False,False
1215332,gate_30,1,False,False
1215870,gate_40,5,True,False
1215891,gate_40,147,True,True
1215911,gate_40,166,True,True
1215952,gate_40,4,False,False
1215999,gate_30,214,False,True
1216016,gate_30,1,False,False
1216068,gate_40,9,False,False
1216372,gate_30,21,False,False
1216389,gate_40,21,False,False
1216497,gate_30,57,True,False
1216697,gate_30,22,False,False
1216803,gate_30,51,False,True
1216815,gate_40,56,True,False
1216885,gate_40,45,True,False
1216894,gate_40,27,False,False
1216957,gate_40,68,True,False
1217015,gate_40,42,True,False
1217249,gate_30,70,True,False
1217377,gate_40,33,True,False
1217611,gate_30,0,False,False
1217656,gate_40,20,False,False
1217839,gate_30,1,False,False
1217884,gate_40,48,True,True
1218007,gate_40,3,False,False
1218113,gate_40,4,False,False
1218142,gate_30,14,True,False
1218275,gate_40,1,False,False
1218447,gate_40,4,False,False
1218527,gate_40,58,True,True
1218563,gate_40,18,False,False
1218706,gate_30,30,True,False
1218805,gate_30,6,False,False
1219025,gate_30,8,True,False
1219113,gate_40,1,False,False
1219127,gate_40,5,False,False
1219199,gate_40,4,False,False
1219263,gate_40,2,False,False
1219277,gate_30,22,False,False
1219321,gate_40,12,False,False
1219348,gate_40,44,True,False
1219874,gate_30,15,False,True
1219896,gate_30,306,True,False
1219943,gate_30,17,True,False
1220099,gate_30,1,False,False
1220160,gate_40,36,False,True
1220325,gate_30,3,False,False
1220482,gate_30,50,False,False
1220616,gate_30,45,False,True
1220763,gate_30,24,False,True
1220979,gate_30,62,False,True
1221042,gate_30,15,True,False
1221044,gate_30,1,False,False
1221071,gate_40,36,True,False
1221186,gate_30,15,False,False
1221275,gate_30,2,False,False
1221347,gate_40,2,False,False
1221441,gate_30,45,False,False
1221705,gate_30,46,True,False
1221727,gate_40,11,False,False
1221764,gate_30,1,False,False
1221790,gate_40,1,False,False
1222000,gate_30,30,True,True
1222020,gate_30,132,True,True
1222039,gate_40,16,False,False
1222102,gate_30,17,True,False
1222124,gate_30,136,True,True
1222529,gate_40,0,False,False
1222557,gate_30,226,True,True
1222709,gate_40,154,True,False
1222749,gate_40,110,True,True
1222849,gate_40,67,True,True
1222859,gate_30,3,False,False
1223132,gate_40,0,False,False
1223173,gate_40,105,True,True
1223378,gate_30,10,False,False
1224147,gate_40,1,False,False
1224235,gate_40,48,False,False
1224496,gate_30,56,True,False
1224654,gate_30,55,False,False
1224856,gate_40,20,True,False
1224897,gate_30,120,False,True
1225327,gate_30,289,True,False
1225388,gate_30,40,True,True
1225487,gate_40,76,True,True
1225847,gate_40,24,True,False
1225855,gate_30,0,False,False
1225966,gate_30,14,True,False
1226132,gate_40,18,False,False
1226186,gate_40,6,False,False
1226296,gate_40,2,False,False
1226434,gate_30,4,False,False
1226489,gate_30,17,True,False
1226490,gate_40,3,False,False
1226624,gate_40,298,True,True
1226629,gate_30,38,False,False
1226671,gate_40,2,False,False
1226785,gate_30,13,True,False
1226895,gate_40,100,True,True
1227016,gate_40,1,False,False
1227111,gate_40,26,True,False
1227115,gate_40,52,True,False
1227165,gate_40,22,False,False
1227183,gate_40,2,False,False
1227313,gate_30,2,False,False
1227371,gate_30,5,False,False
1227615,gate_40,12,False,False
1227690,gate_30,26,True,True
1227693,gate_40,166,True,False
1227960,gate_40,0,False,False
1228192,gate_30,8,False,False
1228195,gate_40,0,False,False
1228265,gate_40,123,True,False
1228616,gate_30,11,False,False
1228645,gate_30,11,False,False
1228657,gate_30,1,False,False
1229072,gate_30,2,False,True
1229104,gate_30,11,False,False
1229365,gate_40,9,False,False
1229395,gate_40,15,False,False
1229430,gate_40,13,True,False
1229597,gate_40,19,False,False
1229932,gate_40,58,False,False
1229951,gate_40,139,True,True
1230010,gate_40,142,True,True
1230022,gate_30,194,True,True
1230124,gate_40,63,False,False
1230246,gate_30,143,True,True
1230405,gate_30,52,False,True
1230841,gate_40,4,True,False
1230988,gate_40,10,False,False
1230999,gate_40,79,True,True
1231073,gate_30,2,False,False
1231172,gate_40,8,True,False
1231225,gate_30,17,False,False
1231261,gate_40,160,True,True
1231313,gate_30,8,False,False
1231445,gate_30,47,True,False
1231530,gate_30,1,False,False
1231531,gate_30,16,False,False
1231647,gate_40,23,True,True
1231653,gate_40,39,False,False
1231690,gate_40,25,True,False
1231705,gate_30,10,False,False
1231876,gate_30,78,True,True
1231929,gate_40,11,True,False
1232079,gate_30,462,True,True
1232096,gate_30,1,False,False
1232171,gate_40,220,True,True
1232176,gate_40,52,True,False
1232231,gate_40,36,True,False
1232288,gate_40,1,False,False
1232389,gate_40,1000,True,True
1232423,gate_40,83,True,True
1232435,gate_40,1,False,False
1232490,gate_40,0,False,False
1232535,gate_40,37,True,False
1232561,gate_40,95,True,False
1232582,gate_30,37,True,False
1232633,gate_40,1,False,False
1232741,gate_30,163,True,True
1232744,gate_30,547,False,True
1233033,gate_40,38,True,False
1233086,gate_30,32,False,False
1233179,gate_40,5,False,False
1233293,gate_40,7,True,False
1233333,gate_30,31,False,False
1233473,gate_40,67,True,False
1233590,gate_40,10,True,False
1233609,gate_30,1,False,False
1233765,gate_40,4,False,False
1233802,gate_40,1,False,False
1233908,gate_30,15,True,False
1234016,gate_30,37,True,False
1234029,gate_30,26,False,True
1234054,gate_30,238,True,True
1234178,gate_40,240,True,True
1234274,gate_30,152,True,True
1234325,gate_30,0,False,False
1234582,gate_40,28,True,True
1234640,gate_30,62,True,True
1234643,gate_40,3,False,False
1234677,gate_40,17,False,False
1234848,gate_30,24,True,False
1235027,gate_30,56,True,True
1235058,gate_40,50,True,False
1235137,gate_40,14,False,False
1235265,gate_40,5,False,False
1235270,gate_30,67,True,False
1235296,gate_40,14,True,False
1235687,gate_30,0,False,False
1236048,gate_30,1,False,False
1236253,gate_40,23,True,True
1236612,gate_30,57,True,False
1236628,gate_40,1,False,False
1236892,gate_40,72,True,True
1236894,gate_40,72,True,False
1236911,gate_30,101,True,True
1237270,gate_30,120,True,True
1237369,gate_40,26,False,False
1237380,gate_40,44,True,False
1237525,gate_30,8,False,False
1237560,gate_40,7,False,False
1237649,gate_30,171,True,True
1237865,gate_30,38,True,False
1237968,gate_40,229,True,True
1237970,gate_40,1,False,False
1238107,gate_40,57,False,False
1238191,gate_30,1,True,False
1238267,gate_40,4,False,False
1238284,gate_40,2,False,False
1238384,gate_30,163,True,False
1238620,gate_30,93,True,True
1238718,gate_40,40,False,False
1238954,gate_30,33,False,False
1239022,gate_30,1,False,False
1239067,gate_30,35,True,False
1239102,gate_30,50,True,False
1239283,gate_40,4,False,False
1239333,gate_40,2,False,False
1239346,gate_30,94,True,False
1239437,gate_30,113,True,True
1239556,gate_40,5,False,False
1239655,gate_30,1,True,False
1239662,gate_40,45,True,True
1239685,gate_40,6,False,False
1239699,gate_30,11,False,False
1240017,gate_30,15,False,False
1240024,gate_30,97,True,True
1240062,gate_40,22,False,True
1240141,gate_30,16,False,False
1240272,gate_40,22,True,False
1240355,gate_40,25,True,False
1240595,gate_30,57,True,True
1240774,gate_40,66,True,True
1240902,gate_40,79,False,True
1241697,gate_30,37,True,False
1241750,gate_40,12,True,False
1241853,gate_40,130,True,True
1242017,gate_30,21,True,False
1242164,gate_40,19,False,False
1242188,gate_40,3,False,False
1242563,gate_30,18,True,True
1242638,gate_30,66,False,True
1242788,gate_40,8,False,False
1242937,gate_30,43,True,False
1243160,gate_40,89,True,False
1243163,gate_30,2,True,False
1243295,gate_30,225,True,True
1243311,gate_40,1,False,False
1243340,gate_30,199,True,True
1243472,gate_40,17,True,False
1243637,gate_30,129,True,True
1243715,gate_40,1,False,False
1243726,gate_30,12,False,False
1243765,gate_40,49,False,False
1243953,gate_40,10,False,False
1243973,gate_30,0,False,False
1244044,gate_30,3,False,False
1244052,gate_30,36,False,False
1244065,gate_40,16,False,False
1244353,gate_40,37,False,False
1244503,gate_40,5,False,False
1244650,gate_40,94,True,True
1244910,gate_30,70,True,False
1245245,gate_30,16,False,False
1245253,gate_40,428,True,True
1245281,gate_30,648,True,True
1245334,gate_30,14,False,False
1245416,gate_30,5,False,False
1245506,gate_30,1,False,False
1245654,gate_40,0,False,False
1245681,gate_40,2,False,False
1245778,gate_30,70,True,True
1245843,gate_30,32,False,False
1245964,gate_30,1,False,False
1245980,gate_30,75,True,True
1246288,gate_30,143,True,False
1246304,gate_40,292,True,False
1246323,gate_40,38,True,False
1246379,gate_30,56,False,True
1246410,gate_30,29,False,True
1246425,gate_30,24,True,False
1246442,gate_30,4,False,False
1246514,gate_40,18,True,False
1246568,gate_40,45,True,True
1246629,gate_30,14,False,False
1246663,gate_40,5,False,False
1246678,gate_30,12,True,False
1246865,gate_30,24,False,False
1246936,gate_40,0,False,False
1246966,gate_30,196,True,False
1247001,gate_30,22,False,False
1247059,gate_40,1,True,False
1247358,gate_40,0,False,False
1247537,gate_30,10,False,False
1247786,gate_40,44,True,False
1247830,gate_30,77,False,True
1247841,gate_30,16,False,False
1248004,gate_40,10,False,False
1248011,gate_40,7,False,False
1248028,gate_40,151,False,True
1248183,gate_40,30,True,False
1248220,gate_30,0,False,False
1248342,gate_30,140,True,True
1248378,gate_30,64,True,False
1248556,gate_30,35,True,False
1249064,gate_40,174,True,False
1249098,gate_30,87,True,False
1249129,gate_30,61,True,False
1249131,gate_40,45,False,False
1249138,gate_40,144,True,True
1249601,gate_30,29,True,False
1249658,gate_40,50,True,False
1249765,gate_30,3,False,False
1249821,gate_40,277,False,True
1250389,gate_30,34,True,False
1250391,gate_30,4,True,False
1250498,gate_30,14,False,False
1250702,gate_40,119,True,True
1250723,gate_30,15,False,False
1250758,gate_40,40,True,False
1250812,gate_30,406,True,True
1250826,gate_30,1,False,False
1250836,gate_30,91,True,False
1251166,gate_40,33,True,False
1251213,gate_30,24,True,False
1251259,gate_40,1,False,False
1251272,gate_40,5,False,False
1251280,gate_40,8,False,False
1251781,gate_30,26,False,False
1251825,gate_40,4,False,False
1251901,gate_40,125,True,False
1251934,gate_30,1,False,False
1252117,gate_40,26,True,False
1252130,gate_40,44,True,False
1252176,gate_40,2,False,False
1252236,gate_40,3,False,False
1252346,gate_30,4,False,False
1252419,gate_30,161,False,False
1252619,gate_30,32,True,False
1252709,gate_30,27,False,True
1252735,gate_30,102,True,False
1252994,gate_30,1,False,False
1253050,gate_30,10,False,False
1253162,gate_40,1,False,False
1253213,gate_40,14,False,False
1253333,gate_40,27,True,False
1253552,gate_30,75,True,True
1253662,gate_30,0,False,False
1253803,gate_30,53,True,False
1253947,gate_30,0,False,False
1254117,gate_40,10,False,False
1254153,gate_40,12,False,False
1254166,gate_30,46,True,False
1254334,gate_40,2,False,False
1254371,gate_30,4,False,False
1254387,gate_30,2,False,False
1254528,gate_40,26,True,False
1254574,gate_40,20,False,False
1254589,gate_40,6,False,False
1254611,gate_40,30,False,False
1254639,gate_30,68,True,False
1254856,gate_30,12,False,False
1255133,gate_40,14,True,False
1255319,gate_40,172,True,False
1255340,gate_40,4,False,False
1255377,gate_40,37,True,False
1255463,gate_30,21,True,False
1255639,gate_30,3,False,False
1255746,gate_30,9,False,False
1255873,gate_30,15,False,False
1255876,gate_40,206,False,True
1255979,gate_40,18,True,False
1255998,gate_30,0,False,False
1256171,gate_30,20,True,True
1256176,gate_40,29,True,True
1256187,gate_40,15,False,False
1256238,gate_40,1,False,False
1256278,gate_40,802,True,True
1256772,gate_30,8,True,False
1256820,gate_30,14,False,False
1256974,gate_40,0,False,False
1257054,gate_40,14,True,True
1257061,gate_30,24,False,False
1257169,gate_40,163,True,True
1257252,gate_30,15,False,False
1257268,gate_40,0,False,False
1257374,gate_30,25,True,False
1257398,gate_30,110,True,True
1257482,gate_30,74,True,True
1257741,gate_30,23,True,False
1257795,gate_30,20,False,False
1257853,gate_30,10,False,False
1258042,gate_30,9,False,False
1258100,gate_40,305,True,True
1258334,gate_30,0,False,False
1258374,gate_40,2,False,False
1258408,gate_40,4,False,False
1258422,gate_40,228,True,True
1258642,gate_40,5,False,False
1258809,gate_30,0,False,False
1258817,gate_30,58,True,False
1258844,gate_30,5,False,False
1259033,gate_30,47,True,False
1259095,gate_40,5,False,False
1259633,gate_40,10,False,False
1259653,gate_40,48,False,True
1259835,gate_40,10,True,False
1259909,gate_40,0,False,False
1259932,gate_40,180,True,True
1260096,gate_40,4,False,False
1260181,gate_40,35,False,True
1260196,gate_30,13,False,False
1260226,gate_30,14,True,False
1260395,gate_30,13,False,False
1260475,gate_30,71,False,False
1260545,gate_40,63,False,True
1260590,gate_40,3,False,False
1260691,gate_30,24,False,False
1260772,gate_30,8,False,False
1260807,gate_40,14,False,False
1260855,gate_40,17,False,False
1260919,gate_30,4,False,False
1260985,gate_30,18,False,False
1261025,gate_30,4,False,False
1261201,gate_40,8,False,False
1261242,gate_40,11,False,True
1261444,gate_40,103,True,True
1261609,gate_40,5,False,False
1261613,gate_40,14,False,False
1261667,gate_40,104,True,False
1261742,gate_30,1,False,False
1261876,gate_40,36,True,False
1262057,gate_30,38,False,False
1262203,gate_30,2,True,False
1262252,gate_30,4,False,False
1262350,gate_40,1,False,False
1262417,gate_40,94,True,False
1262496,gate_30,5,False,False
1262694,gate_30,1,False,False
1262845,gate_30,56,True,False
1263127,gate_40,83,False,False
1263327,gate_40,42,True,False
1263412,gate_40,75,False,True
1263453,gate_40,1,True,False
1263587,gate_30,23,False,False
1263614,gate_40,6,False,False
1263660,gate_40,6,False,False
1263690,gate_40,1,False,False
1263727,gate_40,8,False,False
1263912,gate_30,11,True,False
1263913,gate_30,1,False,False
1263932,gate_40,14,True,False
1264516,gate_40,21,True,False
1264960,gate_30,8,True,False
1264995,gate_30,42,True,False
1265048,gate_40,1,False,False
1265052,gate_30,4,False,False
1265085,gate_30,153,False,True
1265163,gate_30,26,True,False
1265262,gate_30,16,False,False
1265339,gate_40,8,False,False
1265626,gate_40,96,True,False
1265720,gate_30,10,False,False
1265811,gate_30,1,False,False
1266017,gate_30,19,False,False
1266118,gate_30,4,False,False
1266197,gate_40,99,True,True
1266483,gate_40,16,False,False
1266582,gate_40,30,False,False
1266589,gate_40,11,False,False
1266660,gate_30,30,True,False
1266667,gate_30,13,False,False
1266736,gate_40,17,False,False
1266793,gate_40,2,False,False
1266817,gate_40,147,True,False
1266934,gate_40,68,True,False
1267068,gate_30,6,False,False
1267109,gate_40,13,False,False
1267477,gate_40,192,True,True
1267763,gate_30,4,False,False
1267804,gate_30,28,False,False
1267852,gate_30,35,True,False
1267973,gate_30,7,False,False
1267982,gate_30,23,True,False
1268098,gate_30,1,True,False
1268112,gate_30,88,True,False
1268193,gate_30,18,True,False
1268387,gate_40,31,True,False
1268546,gate_30,1,False,False
1268638,gate_40,141,True,True
1268655,gate_30,16,True,False
1268782,gate_30,35,True,True
1268870,gate_30,143,True,False
1268937,gate_30,8,False,False
1268948,gate_30,40,True,False
1269316,gate_30,7,False,False
1269330,gate_30,2,False,False
1269590,gate_40,36,False,False
1269953,gate_30,21,False,True
1269998,gate_40,1,False,False
1270038,gate_30,40,False,False
1270043,gate_40,204,True,True
1270240,gate_40,157,True,True
1270298,gate_30,1,False,False
1270454,gate_30,1,False,False
1270463,gate_40,128,True,True
1270588,gate_40,5,False,False
1270742,gate_40,0,False,False
1270774,gate_30,494,True,True
1270934,gate_30,2,False,False
1271121,gate_30,183,True,True
1271142,gate_30,9,True,True
1271248,gate_40,2,False,False
1271358,gate_30,6,False,False
1271392,gate_40,8,False,False
1271665,gate_30,18,True,False
1272109,gate_30,10,False,False
1272143,gate_40,6,False,False
1272162,gate_30,88,True,False
1272187,gate_30,9,False,False
1272277,gate_30,5,False,False
1272333,gate_30,1,False,False
1272694,gate_40,23,False,False
1272767,gate_40,1,False,False
1272890,gate_30,35,False,True
1273012,gate_30,4,False,False
1273651,gate_30,13,True,False
1273701,gate_30,11,False,False
1273747,gate_30,1,False,False
1273874,gate_40,17,True,False
1273972,gate_40,1,False,False
1274012,gate_30,12,False,False
1274074,gate_40,9,False,False
1274262,gate_40,2,False,False
1274283,gate_30,14,False,False
1274536,gate_30,3,False,False
1274637,gate_40,129,False,False
1274735,gate_30,126,True,False
1274957,gate_30,83,False,False
1275057,gate_30,331,True,True
1275327,gate_30,1,False,False
1275347,gate_40,7,False,False
1275413,gate_30,115,True,False
1275430,gate_40,20,False,False
1275472,gate_40,80,True,True
1275680,gate_40,2,False,False
1275764,gate_40,0,False,False
1275850,gate_40,3,False,False
1276042,gate_40,2,False,False
1276130,gate_40,7,False,False
1276206,gate_40,23,True,False
1276292,gate_30,1,False,False
1276622,gate_40,64,True,True
1276689,gate_30,16,False,True
1276909,gate_30,26,True,False
1277055,gate_40,13,True,False
1277298,gate_40,5,False,False
1277355,gate_40,128,True,True
1277706,gate_30,27,True,False
1277884,gate_40,38,True,False
1277899,gate_40,14,False,False
1277951,gate_30,29,True,False
1277971,gate_40,3,False,False
1278000,gate_40,24,True,False
1278153,gate_30,1,False,False
1278209,gate_40,81,False,False
1278235,gate_30,1,False,False
1278671,gate_40,18,False,False
1278706,gate_40,17,False,False
1278737,gate_30,62,True,True
1278880,gate_40,8,False,False
1278911,gate_40,247,True,True
1279024,gate_30,90,False,False
1279413,gate_40,19,True,False
1279432,gate_40,1,False,False
1279639,gate_40,104,True,False
1279646,gate_30,9,True,False
1279805,gate_30,38,True,True
1280301,gate_30,8,False,False
1280370,gate_30,35,True,False
1280628,gate_40,1,False,False
1280658,gate_40,7,False,False
1280665,gate_40,105,True,False
1280682,gate_40,10,False,False
1280773,gate_40,54,True,False
1280907,gate_30,4,False,False
1280931,gate_30,2,False,False
1280957,gate_30,3,False,False
1280992,gate_30,8,False,True
1281045,gate_40,23,False,False
1281074,gate_40,9,False,False
1281189,gate_30,32,True,False
1281222,gate_40,0,False,False
1281375,gate_40,5,True,False
1281406,gate_30,1,False,False
1281434,gate_30,20,False,False
1281570,gate_40,23,False,False
1281601,gate_30,78,True,True
1281648,gate_30,120,True,False
1281725,gate_30,35,True,False
1281982,gate_30,59,True,False
1282255,gate_30,8,False,False
1282263,gate_40,6,False,False
1282320,gate_40,28,False,False
1282462,gate_40,644,True,False
1282467,gate_40,26,True,False
1282497,gate_30,3,False,True
1282554,gate_40,7,False,False
1282655,gate_30,7,False,False
1282738,gate_40,17,False,False
1282830,gate_40,8,True,False
1282973,gate_30,25,False,False
1283046,gate_30,14,False,False
1283212,gate_30,4,False,False
1283432,gate_30,4,False,False
1283519,gate_40,2,False,False
1283522,gate_30,0,False,False
1284133,gate_30,18,True,False
1284565,gate_30,2,False,False
1284581,gate_30,9,False,False
1284711,gate_30,1,False,False
1284733,gate_40,3,False,False
1284790,gate_40,55,True,False
1284929,gate_30,7,False,False
1285147,gate_30,21,True,False
1285196,gate_40,13,True,False
1285376,gate_40,7,False,False
1285428,gate_30,18,True,False
1285466,gate_30,0,False,False
1285513,gate_40,99,True,False
1285636,gate_40,8,True,False
1285638,gate_40,26,True,True
1285753,gate_40,1,False,False
1285852,gate_30,8,True,False
1285876,gate_40,18,False,False
1285989,gate_30,23,False,True
1286016,gate_40,40,True,False
1286238,gate_40,8,False,False
1286339,gate_40,5,False,False
1286547,gate_30,1,False,False
1286804,gate_30,0,False,False
1286933,gate_40,49,True,False
1287088,gate_40,5,False,False
1287216,gate_30,28,True,False
1287247,gate_40,35,True,False
1287267,gate_30,2,False,False
1287338,gate_30,7,False,False
1287442,gate_40,305,True,True
1287475,gate_30,21,False,False
1287835,gate_40,69,True,False
1288101,gate_30,0,False,False
1288277,gate_40,34,True,False
1288296,gate_40,35,False,False
1288353,gate_40,30,True,False
1288672,gate_40,1,False,False
1288768,gate_30,33,True,False
1289149,gate_30,22,True,False
1289169,gate_30,27,False,False
1289177,gate_30,13,False,False
1289297,gate_30,50,True,True
1289338,gate_30,61,True,False
1289617,gate_30,35,False,False
1289950,gate_40,27,True,False
1289966,gate_30,137,True,True
1289974,gate_40,6,True,False
1290091,gate_40,29,True,False
1290248,gate_30,362,True,True
1290311,gate_40,3,False,False
1290333,gate_40,21,True,False
1290470,gate_30,97,True,False
1290474,gate_40,3,False,False
1290740,gate_30,29,True,False
1290795,gate_40,18,True,False
1290804,gate_30,23,True,False
1290851,gate_40,17,False,True
1291079,gate_30,10,False,False
1291265,gate_40,10,True,False
1291401,gate_30,16,False,False
1291441,gate_30,0,False,False
1291501,gate_30,254,False,True
1291522,gate_30,43,True,False
1291552,gate_30,614,True,True
1291688,gate_30,236,True,True
1291781,gate_40,168,True,True
1291918,gate_40,4,False,False
1291977,gate_30,5,False,False
1292133,gate_40,19,True,False
1292176,gate_30,14,False,False
1292196,gate_40,38,True,False
1292227,gate_40,9,True,False
1292390,gate_40,5,False,False
1292466,gate_40,21,False,False
1292548,gate_40,34,True,False
1292669,gate_30,0,False,False
1292878,gate_40,55,True,True
1292948,gate_40,0,False,False
1293146,gate_40,2,True,False
1293189,gate_40,23,False,True
1293223,gate_30,21,True,False
1293356,gate_40,14,True,False
1293525,gate_40,8,False,False
1293546,gate_30,16,False,False
1293567,gate_30,3,False,False
1293605,gate_30,52,True,True
1293768,gate_30,3,False,False
1293921,gate_40,0,False,False
1293936,gate_40,35,False,False
1294065,gate_30,10,False,False
1294169,gate_30,10,False,False
1294310,gate_30,46,False,False
1294356,gate_30,22,True,False
1294480,gate_40,14,False,False
1294540,gate_40,13,False,False
1294575,gate_40,1,False,False
1294723,gate_30,13,False,True
1294763,gate_30,28,True,False
1294876,gate_30,38,True,False
1294898,gate_40,147,True,True
1295065,gate_40,392,True,True
1295071,gate_30,1,False,False
1295093,gate_30,220,True,True
1295142,gate_40,3,False,False
1295243,gate_40,13,False,False
1295354,gate_30,193,True,True
1295466,gate_40,2,False,False
1295538,gate_40,6,False,False
1295696,gate_30,7,False,False
1295761,gate_40,69,True,False
1295840,gate_30,57,True,False
1295988,gate_40,4,False,False
1296346,gate_30,114,False,True
1296421,gate_40,40,False,False
1296463,gate_30,12,True,False
1296708,gate_40,242,True,False
1296747,gate_40,0,False,False
1297061,gate_40,1,True,False
1297487,gate_30,124,True,True
1297488,gate_40,2,False,False
1297678,gate_40,5,False,False
1297719,gate_30,5,False,False
1297762,gate_30,4,False,False
1297795,gate_30,90,True,True
1297811,gate_30,107,True,False
1297851,gate_30,5,False,False
1297986,gate_40,59,True,False
1297999,gate_40,18,True,False
1298002,gate_30,21,True,False
1298016,gate_30,12,False,False
1298018,gate_40,1,False,False
1298026,gate_40,73,True,True
1298068,gate_30,2,False,False
1298387,gate_30,208,True,True
1298502,gate_40,33,False,False
1298652,gate_40,277,False,True
1298815,gate_40,0,False,False
1299006,gate_40,25,False,False
1299070,gate_30,49,False,False
1299132,gate_30,6,False,False
1299179,gate_40,4,False,False
1299320,gate_40,35,True,False
1299408,gate_30,8,True,False
1299525,gate_30,137,True,True
1299572,gate_40,9,False,False
1299702,gate_30,223,True,True
1299780,gate_40,2,False,False
1299916,gate_40,0,False,False
1300015,gate_30,1,False,False
1300167,gate_40,144,True,True
1300340,gate_40,118,True,True
1300354,gate_40,15,True,False
1300396,gate_30,55,True,True
1300522,gate_40,44,True,True
1300586,gate_40,101,True,True
1300676,gate_30,18,False,False
1301049,gate_30,153,True,True
1301070,gate_40,2,False,False
1301073,gate_40,41,False,False
1301310,gate_30,22,True,False
1301311,gate_30,3,False,False
1301436,gate_40,12,False,False
1301503,gate_30,49,True,False
1301569,gate_30,4,False,False
1301649,gate_30,17,False,False
1301685,gate_30,2,False,False
1301729,gate_30,1,False,False
1301863,gate_40,16,False,False
1301923,gate_40,7,True,False
1302029,gate_40,21,False,False
1302075,gate_30,82,True,False
1302159,gate_30,13,False,False
1302170,gate_40,11,True,False
1302173,gate_30,7,False,False
1302326,gate_30,14,True,False
1302803,gate_30,11,False,False
1302968,gate_40,0,False,False
1303096,gate_40,4,False,False
1303251,gate_40,2,False,False
1303321,gate_30,0,False,False
1303330,gate_40,13,False,False
1303343,gate_40,145,True,True
1303357,gate_30,5,False,False
1303379,gate_30,3,False,False
1303406,gate_40,257,True,True
1303590,gate_40,38,True,False
1303671,gate_30,113,True,True
1303854,gate_30,1,False,False
1304191,gate_30,22,True,False
1304344,gate_30,4,False,False
1304408,gate_30,35,True,False
1304571,gate_40,52,True,False
1305074,gate_40,2,False,False
1305155,gate_30,32,False,False
1305198,gate_40,6,False,True
1305257,gate_30,26,True,False
1305354,gate_40,2,False,False
1305410,gate_40,30,True,False
1305499,gate_40,6,False,False
1305582,gate_30,6,False,False
1305684,gate_30,45,True,False
1305689,gate_40,1,False,False
1305818,gate_40,13,True,False
1305905,gate_30,20,False,True
1305947,gate_40,11,True,False
1306067,gate_30,7,False,False
1306286,gate_30,10,False,False
1306684,gate_40,7,True,False
1306787,gate_40,42,True,False
1306828,gate_30,43,True,False
1307237,gate_30,17,True,False
1307527,gate_30,95,True,False
1307536,gate_30,2,False,False
1307677,gate_40,5,False,False
1307729,gate_30,10,False,False
1307762,gate_30,49,True,False
1307808,gate_40,65,True,False
1307885,gate_30,12,True,False
1308047,gate_40,0,False,False
1308200,gate_30,8,False,False
1308319,gate_40,8,True,False
1308537,gate_40,231,True,True
1308598,gate_30,6,False,False
1308659,gate_30,1,False,False
1308712,gate_30,31,True,False
1308901,gate_30,42,True,False
1308987,gate_30,3,True,False
1309049,gate_30,10,True,False
1309122,gate_40,2,False,False
1309137,gate_30,33,True,False
1309140,gate_30,50,True,False
1309141,gate_30,11,True,True
1309159,gate_40,83,True,False
1309359,gate_40,6,False,True
1309456,gate_40,0,False,False
1309511,gate_40,13,True,False
1309549,gate_40,96,True,True
1309615,gate_40,55,True,False
1309754,gate_30,91,True,False
1309934,gate_40,9,False,False
1309960,gate_40,31,True,False
1310015,gate_40,1697,True,True
1310024,gate_40,2,False,False
1310207,gate_30,11,False,False
1310431,gate_30,0,False,False
1310463,gate_30,3,False,False
1310481,gate_40,3,False,False
1310543,gate_30,0,False,False
1310651,gate_40,0,False,False
1310810,gate_40,7,True,False
1311059,gate_30,19,True,True
1311274,gate_30,19,True,False
1311333,gate_30,5,False,False
1311402,gate_40,165,True,True
1311422,gate_40,296,True,True
1311595,gate_30,1,False,False
1311639,gate_40,21,False,False
1311719,gate_40,2,False,False
1311793,gate_30,8,True,False
1311923,gate_30,49,True,True
1311929,gate_30,11,True,False
1311983,gate_30,148,False,True
1312034,gate_30,12,False,False
1312050,gate_40,79,True,False
1312138,gate_30,15,False,False
1312226,gate_30,4,False,False
1312248,gate_30,6,False,False
1312255,gate_30,10,False,False
1312317,gate_40,49,False,False
1312532,gate_30,93,True,False
1312562,gate_30,72,True,False
1312989,gate_40,5,False,False
1313052,gate_40,144,True,False
1313285,gate_40,106,True,True
1313292,gate_30,14,True,False
1313319,gate_40,3,False,False
1313560,gate_30,1,False,False
1313570,gate_40,39,True,False
1313585,gate_40,0,False,True
1313604,gate_40,4,False,False
1313618,gate_30,183,True,True
1313705,gate_40,8,False,False
1313784,gate_30,11,False,False
1314088,gate_30,5,True,False
1314113,gate_30,12,False,False
1314211,gate_40,18,True,False
1314273,gate_30,220,True,True
1314451,gate_30,6,False,False
1314562,gate_30,23,False,False
1314619,gate_30,48,True,False
1314673,gate_40,4,False,False
1314795,gate_40,3,False,False
1314923,gate_40,28,False,False
1315040,gate_40,47,True,True
1315103,gate_30,59,True,False
1315115,gate_30,20,False,False
1315199,gate_40,130,True,False
1315273,gate_30,67,True,False
1315373,gate_40,64,True,False
1315536,gate_30,43,False,False
1315587,gate_40,140,True,True
1315616,gate_30,2,False,False
1315763,gate_30,6,False,False
1315913,gate_30,0,False,False
1315973,gate_30,19,True,False
1316035,gate_30,169,False,False
1316053,gate_40,6,False,False
1316248,gate_40,51,True,False
1316280,gate_30,15,False,False
1316839,gate_30,32,True,False
1316852,gate_30,409,True,True
1316882,gate_40,56,False,False
1317130,gate_40,4,False,False
1317345,gate_30,215,True,True
1317404,gate_40,54,True,True
1318041,gate_40,7,False,False
1318150,gate_40,0,True,False
1318310,gate_30,209,True,True
1318673,gate_30,59,False,False
1318805,gate_30,290,False,True
1318848,gate_40,35,True,True
1318874,gate_30,88,True,False
1318959,gate_30,20,True,False
1319002,gate_30,132,True,True
1319042,gate_30,8,False,False
1319158,gate_40,31,True,False
1319281,gate_40,6,True,False
1319368,gate_40,2,False,False
1319560,gate_40,350,True,True
1319616,gate_30,6,False,False
1319697,gate_40,22,False,False
1319818,gate_30,40,False,False
1319942,gate_40,261,True,True
1319983,gate_30,1,False,False
1320064,gate_30,92,True,True
1320065,gate_40,1,False,False
1320071,gate_40,47,False,True
1320089,gate_40,31,True,False
1320190,gate_40,4,False,False
1320266,gate_30,63,True,False
1320287,gate_40,152,True,True
1320328,gate_30,117,True,True
1320331,gate_40,12,False,False
1320425,gate_30,10,True,False
1320462,gate_30,27,True,False
1320489,gate_40,15,False,False
1321256,gate_30,1,False,False
1321336,gate_40,245,False,True
1321433,gate_40,218,True,True
1321443,gate_30,1,False,False
1321482,gate_40,118,True,False
1321538,gate_40,4,False,False
1321665,gate_30,70,True,False
1321963,gate_40,9,False,False
1321971,gate_40,14,False,False
1321976,gate_40,2,False,False
1322218,gate_30,0,False,False
1322368,gate_40,61,False,False
1322528,gate_40,34,False,False
1322573,gate_30,54,True,False
1322602,gate_30,7,False,False
1322761,gate_30,1,False,False
1322989,gate_40,8,False,False
1323381,gate_30,3,False,False
1323416,gate_30,13,False,False
1323430,gate_30,152,True,True
1323560,gate_30,22,True,False
1323700,gate_30,51,True,False
1323809,gate_30,1209,True,True
1323824,gate_40,3,False,False
1323833,gate_40,22,False,False
1324077,gate_40,0,False,False
1324083,gate_30,7,False,False
1324105,gate_40,2,False,False
1324277,gate_40,6,False,False
1324284,gate_40,103,True,False
1324387,gate_30,1,False,False
1324546,gate_40,106,True,True
1324702,gate_40,22,True,False
1324723,gate_30,38,False,False
1324784,gate_30,10,False,False
1325478,gate_30,34,True,False
1325828,gate_40,15,False,False
1325855,gate_30,3,False,False
1325858,gate_40,7,True,False
1326038,gate_30,38,True,False
1326085,gate_30,70,True,False
1326111,gate_40,237,False,False
1326212,gate_40,12,True,False
1326435,gate_40,2,False,False
1326461,gate_30,9,False,False
1326515,gate_30,148,True,True
1326539,gate_40,1,False,False
1326685,gate_30,7,False,False
1326731,gate_40,16,False,False
1326964,gate_30,21,False,False
1327140,gate_30,1,False,False
1327146,gate_40,4,False,False
1327157,gate_40,1,False,False
1327188,gate_40,48,False,False
1327428,gate_40,312,True,True
1327465,gate_40,48,True,False
1327870,gate_30,5,False,False
1327942,gate_40,1,False,False
1327991,gate_30,6,False,False
1328220,gate_30,34,True,False
1328247,gate_30,33,True,False
1328505,gate_30,1,False,False
1328565,gate_40,5,False,False
1328583,gate_30,4,False,False
1328893,gate_40,12,False,False
1329126,gate_40,7,False,False
1329263,gate_30,129,True,False
1329303,gate_40,9,False,False
1329488,gate_40,56,False,True
1329534,gate_40,103,True,False
1329703,gate_40,7,False,False
1329792,gate_40,182,True,False
1329924,gate_40,27,False,False
1329936,gate_30,7,False,False
1329941,gate_30,2,False,False
1330062,gate_40,3,False,False
1330099,gate_30,419,True,True
1330150,gate_30,5,False,False
1330316,gate_30,2,False,False
1330354,gate_40,11,True,False
1330373,gate_30,1,False,False
1330402,gate_30,0,False,False
1330409,gate_30,2,False,False
1330417,gate_40,21,False,False
1330461,gate_30,1,False,False
1330589,gate_30,12,False,False
1330672,gate_40,43,True,False
1330803,gate_30,338,True,True
1330895,gate_30,19,True,False
1330979,gate_30,36,True,True
1331010,gate_30,87,True,True
1331027,gate_40,13,True,False
1331555,gate_30,52,True,False
1331563,gate_30,29,True,True
1331603,gate_40,10,False,False
1331741,gate_30,19,True,False
1331787,gate_30,104,True,False
1331799,gate_40,2,False,False
1331806,gate_40,66,True,False
1331907,gate_30,1,False,False
1332195,gate_40,11,False,False
1332271,gate_30,0,False,False
1332348,gate_40,4,False,False
1332425,gate_40,44,True,False
1332535,gate_40,70,True,False
1332669,gate_30,83,True,False
1332707,gate_30,167,True,True
1332798,gate_30,36,True,False
1332832,gate_40,27,True,False
1332991,gate_30,1,False,False
1333117,gate_40,750,True,True
1333252,gate_40,3,False,False
1333433,gate_30,15,False,False
1333579,gate_40,3,False,False
1333627,gate_30,118,True,True
1333745,gate_30,1,False,False
1333774,gate_30,16,True,False
1333853,gate_30,45,False,False
1333896,gate_30,7,False,False
1333973,gate_40,135,True,True
1334470,gate_40,143,True,True
1334623,gate_30,15,False,False
1334655,gate_40,17,True,False
1334796,gate_40,129,True,False
1334887,gate_40,54,True,False
1335116,gate_40,2,False,False
1335126,gate_30,25,False,False
1335173,gate_30,15,False,False
1335351,gate_30,144,True,False
1335466,gate_40,0,False,False
1335645,gate_40,105,True,False
1335721,gate_40,0,False,False
1335879,gate_30,1,False,False
1335881,gate_30,4,False,False
1335965,gate_30,2,False,False
1336073,gate_40,25,False,False
1336266,gate_30,12,True,True
1336346,gate_40,0,False,False
1336372,gate_40,3,False,False
1336514,gate_30,6,False,False
1336619,gate_40,2,False,False
1336785,gate_30,5,True,False
1336830,gate_40,3,True,False
1336867,gate_40,3,False,False
1337045,gate_40,6,False,False
1337109,gate_40,3,False,False
1337130,gate_30,4,False,False
1337539,gate_30,1,False,False
1337675,gate_30,3,True,False
1337876,gate_40,0,False,False
1337888,gate_30,47,True,False
1337977,gate_30,24,True,False
1338132,gate_40,16,True,False
1338300,gate_30,12,False,False
1338573,gate_40,1,False,False
1338798,gate_30,20,False,False
1338972,gate_40,19,True,False
1339006,gate_40,104,True,True
1339338,gate_40,19,True,False
1339369,gate_30,21,False,False
1339396,gate_30,5,False,False
1339429,gate_30,4,False,False
1339552,gate_30,39,True,False
1339594,gate_30,50,True,False
1339722,gate_30,7,False,False
1339794,gate_40,1,False,False
1339875,gate_30,3,True,False
1340318,gate_30,2,False,False
1340366,gate_40,8,False,False
1340482,gate_30,61,True,True
1340627,gate_30,48,True,False
1340805,gate_30,107,True,False
1341089,gate_30,143,True,True
1341354,gate_40,15,False,False
1341371,gate_30,2,False,False
1341520,gate_30,55,True,False
1341692,gate_30,95,True,True
1341735,gate_40,4,False,False
1341750,gate_40,9,False,False
1342103,gate_30,11,False,False
1342587,gate_40,253,True,True
1342597,gate_30,5,False,False
1342683,gate_40,10,False,False
1342714,gate_40,6,False,False
1342883,gate_40,202,True,True
1343062,gate_40,3,False,False
1343226,gate_30,6,False,False
1343501,gate_40,17,False,False
1343568,gate_40,40,True,False
1343652,gate_40,6,False,False
1343664,gate_30,9,True,False
1343695,gate_40,3,True,False
1343787,gate_40,309,True,False
1343976,gate_40,103,True,True
1344251,gate_30,6,False,False
1344354,gate_30,14,True,False
1344469,gate_30,55,True,False
1344580,gate_40,45,True,False
1344649,gate_40,48,True,False
1344712,gate_30,15,False,False
1344805,gate_30,13,True,False
1345559,gate_40,63,True,True
1345860,gate_30,1,False,False
1345939,gate_30,5,False,False
1346212,gate_30,192,True,True
1346417,gate_30,295,True,True
1346482,gate_40,9,False,False
1346547,gate_30,21,True,False
1346674,gate_30,3,False,False
1346870,gate_30,32,False,False
1346940,gate_30,20,False,False
1347293,gate_40,1,False,False
1347535,gate_30,223,True,False
1347638,gate_40,3,False,False
1347798,gate_40,177,True,True
1347804,gate_40,156,False,False
1347893,gate_40,0,False,False
1348073,gate_40,69,True,False
1348146,gate_30,3,False,False
1348157,gate_30,19,True,False
1348226,gate_30,8,False,False
1348261,gate_30,3,False,False
1348350,gate_30,138,True,True
1348458,gate_30,8,True,False
1348515,gate_40,2,False,False
1348567,gate_40,9,True,False
1348685,gate_30,309,True,True
1348725,gate_30,21,False,False
1348944,gate_40,71,True,False
1349022,gate_40,4,False,False
1349028,gate_30,35,True,False
1349068,gate_40,5,False,False
1349096,gate_30,3,False,False
1349161,gate_30,323,True,True
1349372,gate_30,22,True,False
1349453,gate_30,20,False,False
1349697,gate_30,40,True,True
1349902,gate_40,18,False,False
1349936,gate_30,3,False,False
1349955,gate_30,17,False,False
1350316,gate_40,0,False,False
1350568,gate_40,16,False,False
1350894,gate_30,63,True,False
1351152,gate_40,20,True,False
1351267,gate_30,9,False,False
1351304,gate_30,23,True,False
1351312,gate_40,250,True,True
1351366,gate_40,662,True,True
1351381,gate_40,5,False,False
1351444,gate_40,0,False,False
1351542,gate_30,0,False,False
1351721,gate_30,192,True,True
1351873,gate_40,15,False,False
1351953,gate_30,0,False,False
1352185,gate_30,15,False,False
1352196,gate_40,162,True,False
1352208,gate_40,47,False,False
1352231,gate_40,19,False,False
1352426,gate_40,3,False,False
1352472,gate_30,12,True,False
1352567,gate_40,18,True,True
1352577,gate_40,17,True,False
1352679,gate_30,0,False,False
1352855,gate_30,3,False,False
1353087,gate_40,148,True,True
1353350,gate_30,11,False,True
1353406,gate_30,16,False,False
1353479,gate_30,11,False,False
1353708,gate_40,1,False,False
1353809,gate_30,38,True,False
1354265,gate_40,3,False,False
1354286,gate_30,20,False,True
1354352,gate_30,1,False,False
1354357,gate_30,26,True,False
1354469,gate_30,3,False,False
1354739,gate_40,175,True,False
1354913,gate_40,5,False,False
1355032,gate_30,1,False,False
1355063,gate_40,49,False,False
1355092,gate_40,531,True,True
1355142,gate_30,14,True,False
1355161,gate_40,21,False,False
1355421,gate_30,27,False,False
1355525,gate_40,9,False,False
1355566,gate_40,16,False,False
1355628,gate_40,2,False,False
1355817,gate_30,13,True,False
1355856,gate_30,2,False,False
1355922,gate_30,121,True,True
1356018,gate_30,19,True,False
1356240,gate_40,4,False,False
1356345,gate_40,12,True,True
1356364,gate_40,159,False,True
1356674,gate_30,42,False,False
1356932,gate_30,5,False,False
1356980,gate_30,6,False,False
1356999,gate_40,2,False,False
1357396,gate_30,12,True,False
1357420,gate_40,347,True,True
1357708,gate_30,2,False,False
1357719,gate_40,3,False,False
1358124,gate_30,4,False,False
1358358,gate_30,2,False,False
1358455,gate_40,75,True,True
1358530,gate_40,6,True,True
1358565,gate_30,34,True,False
1358680,gate_40,39,True,False
1359013,gate_30,17,False,False
1359101,gate_40,51,True,False
1359117,gate_30,1,False,False
1359159,gate_30,0,False,False
1359373,gate_30,6,False,False
1359575,gate_40,33,False,False
1359864,gate_30,41,False,True
1359931,gate_30,35,True,False
1360012,gate_40,119,True,False
1360044,gate_40,68,True,False
1360109,gate_40,11,True,False
1360113,gate_30,1,False,False
1360188,gate_30,4,False,False
1360286,gate_40,64,True,True
1360344,gate_30,70,False,True
1360704,gate_40,6,False,False
1360761,gate_40,92,True,False
1360911,gate_40,203,True,True
1360965,gate_40,8,False,False
1361108,gate_30,10,True,True
1361201,gate_40,5,False,False
1361381,gate_40,5,False,False
1361436,gate_40,5,False,False
1361633,gate_40,59,True,False
1361726,gate_30,5,False,True
1361795,gate_40,39,True,False
1362024,gate_40,103,True,False
1362190,gate_30,23,False,False
1362266,gate_30,1,False,False
1362276,gate_40,34,False,True
1362505,gate_40,0,False,False
1362677,gate_40,39,True,False
1362706,gate_30,14,True,True
1362727,gate_40,23,False,False
1362745,gate_30,5,False,False
1362880,gate_40,41,False,False
1362929,gate_40,3,False,False
1363026,gate_40,303,True,True
1363075,gate_40,9,False,False
1363127,gate_30,33,True,False
1363312,gate_40,11,False,False
1363440,gate_40,64,True,False
1363526,gate_30,7,False,False
1363622,gate_40,0,False,False
1363731,gate_40,2,False,False
1363803,gate_40,4,False,False
1363835,gate_40,17,False,False
1363838,gate_30,15,True,False
1363880,gate_30,24,False,False
1364061,gate_30,228,True,True
1364212,gate_40,5,False,False
1364647,gate_30,7,False,False
1364744,gate_40,85,True,False
1364894,gate_30,78,True,True
1365092,gate_30,7,False,False
1365364,gate_40,4,False,False
1365387,gate_30,21,False,False
1365514,gate_30,6,False,False
1365553,gate_40,94,True,True
1365562,gate_40,19,False,False
1365578,gate_30,19,False,False
1365670,gate_30,22,True,False
1365734,gate_40,25,True,False
1365858,gate_40,37,True,True
1366029,gate_40,80,False,False
1366048,gate_40,12,True,False
1366050,gate_30,32,True,False
1366289,gate_40,13,False,False
1366332,gate_30,165,True,True
1366457,gate_40,54,True,False
1366487,gate_40,2,False,False
1366560,gate_30,9,False,False
1366638,gate_30,14,False,False
1366683,gate_30,23,False,False
1366732,gate_40,15,False,False
1366833,gate_40,460,True,True
1366843,gate_40,10,False,False
1367137,gate_30,87,True,False
1367315,gate_30,6,False,False
1367362,gate_30,9,False,False
1367424,gate_30,8,True,False
1367543,gate_30,588,True,True
1367588,gate_30,35,False,True
1367599,gate_40,2,False,False
1367942,gate_40,190,True,False
1367956,gate_40,67,True,False
1368095,gate_40,6,False,False
1368138,gate_40,0,False,False
1368149,gate_40,31,False,False
1368230,gate_30,273,True,True
1368310,gate_30,493,True,True
1368379,gate_30,8,False,False
1368639,gate_30,3,False,False
1368683,gate_30,8,True,False
1369151,gate_40,63,True,False
1369201,gate_40,9,True,False
1369273,gate_40,323,True,True
1369292,gate_40,84,True,False
1369436,gate_30,140,True,False
1369546,gate_30,8,False,False
1369553,gate_30,142,True,True
1369688,gate_40,59,True,False
1369870,gate_40,122,True,True
1369911,gate_30,18,False,False
1370051,gate_30,2,False,False
1370147,gate_30,9,True,False
1370167,gate_30,45,True,True
1370227,gate_30,0,False,False
1370242,gate_30,29,True,False
1370244,gate_30,84,False,True
1370253,gate_30,3,False,False
1370540,gate_30,19,False,False
1370604,gate_40,31,True,False
1370609,gate_40,10,False,False
1370735,gate_40,1,False,False
1370841,gate_30,1,False,False
1371238,gate_40,31,False,False
1371246,gate_30,11,False,False
1371323,gate_30,10,False,False
1371420,gate_40,15,False,False
1371711,gate_40,31,True,False
1371879,gate_40,69,False,False
1371885,gate_40,44,False,False
1371971,gate_40,21,True,False
1372083,gate_30,197,True,True
1372439,gate_40,10,True,False
1372968,gate_30,8,False,False
1373053,gate_40,194,True,False
1373146,gate_40,4,False,False
1373334,gate_40,34,True,False
1373390,gate_30,2,True,False
1373410,gate_40,25,False,False
1373412,gate_40,4,False,False
1373493,gate_40,42,True,False
1373563,gate_40,4,False,False
1373645,gate_30,11,True,False
1373847,gate_40,19,True,False
1374112,gate_40,9,False,False
1374221,gate_40,11,False,False
1374252,gate_30,9,False,True
1374546,gate_40,1643,True,True
1375012,gate_40,38,False,False
1375337,gate_30,24,True,False
1375410,gate_30,23,True,False
1375502,gate_40,31,False,False
1375550,gate_40,1,False,False
1375653,gate_40,0,False,False
1375755,gate_30,4,False,False
1375761,gate_40,26,False,False
1376059,gate_40,13,True,False
1376130,gate_30,205,True,True
1376406,gate_40,13,False,False
1376533,gate_40,1,False,False
1376630,gate_30,24,True,False
1376793,gate_30,3,False,False
1377037,gate_30,1,False,False
1377226,gate_40,244,True,True
1377299,gate_40,29,True,False
1377592,gate_30,8,False,False
1377646,gate_40,5,False,False
1377696,gate_30,73,False,True
1377849,gate_40,2,False,False
1377866,gate_30,182,False,False
1377875,gate_30,24,True,False
1377890,gate_30,42,False,True
1377959,gate_30,2,False,False
1378024,gate_40,75,True,True
1378050,gate_40,5,False,False
1378106,gate_30,190,True,False
1378110,gate_40,113,True,False
1378200,gate_40,61,True,True
1378277,gate_30,1,False,False
1378296,gate_40,1,False,False
1378471,gate_40,2,False,False
1378542,gate_30,19,False,True
1378638,gate_40,15,False,False
1378851,gate_40,74,True,True
1378860,gate_30,37,True,False
1378882,gate_40,3,False,False
1378901,gate_40,316,True,True
1379322,gate_40,10,False,False
1379437,gate_40,14,False,False
1379450,gate_30,5,False,False
1379480,gate_40,0,False,False
1379495,gate_40,19,False,False
1379583,gate_30,120,True,True
1379590,gate_30,122,False,True
1379723,gate_40,17,True,False
1379826,gate_30,2,False,False
1379929,gate_30,50,True,True
1379985,gate_40,8,False,False
1380019,gate_30,356,True,True
1380050,gate_30,34,False,False
1380098,gate_40,14,False,False
1380203,gate_40,5,False,False
1380305,gate_30,1,False,False
1380336,gate_30,6,False,False
1380345,gate_30,22,False,False
1380687,gate_40,0,False,False
1380941,gate_30,24,False,False
1381221,gate_40,1,False,False
1381319,gate_40,42,True,False
1381399,gate_40,3,False,False
1381459,gate_40,913,True,True
1381576,gate_40,3,True,False
1381740,gate_40,3,True,False
1381802,gate_40,22,False,False
1381931,gate_40,30,True,True
1381995,gate_40,7,True,False
1382039,gate_40,27,False,False
1382247,gate_40,41,True,False
1382374,gate_30,431,False,True
1382479,gate_30,9,True,False
1382579,gate_40,1027,True,True
1382628,gate_30,48,True,False
1382747,gate_30,252,True,True
1382796,gate_40,82,True,False
1382887,gate_40,10,False,False
1383071,gate_40,0,False,False
1383215,gate_40,7,False,False
1383336,gate_40,32,False,False
1383423,gate_30,0,False,False
1383548,gate_40,3,False,False
1383785,gate_30,58,True,False
1383812,gate_40,16,True,False
1384069,gate_40,220,True,True
1384079,gate_40,60,False,True
1384089,gate_40,29,True,False
1384122,gate_30,35,True,True
1384179,gate_40,16,True,False
1384388,gate_40,209,True,True
1384595,gate_40,2,False,False
1384736,gate_40,29,True,False
1384897,gate_30,17,True,False
1384947,gate_40,19,False,False
1385020,gate_30,9,False,False
1385025,gate_30,78,True,False
1385099,gate_40,0,True,False
1385106,gate_30,1,False,False
1385124,gate_40,9,False,False
1385280,gate_40,21,False,False
1385526,gate_30,32,True,False
1385589,gate_30,130,True,True
1385711,gate_30,1,False,False
1385790,gate_40,15,False,False
1386014,gate_30,7,False,False
1386077,gate_40,50,True,False
1386255,gate_40,23,True,True
1386258,gate_40,3,True,False
1386273,gate_30,2,False,False
1386601,gate_40,4,False,True
1386695,gate_30,59,True,False
1386726,gate_40,6,False,False
1386838,gate_30,26,True,False
1387110,gate_40,15,False,False
1387181,gate_40,23,True,False
1387357,gate_40,6,False,False
1387730,gate_40,10,False,False
1388106,gate_30,2,False,False
1388314,gate_40,150,True,False
1388379,gate_40,245,True,True
1388410,gate_30,3,False,False
1388455,gate_40,3,False,False
1388701,gate_30,81,True,False
1388758,gate_30,2,False,False
1388790,gate_30,37,False,False
1388882,gate_30,117,True,False
1388964,gate_40,25,False,False
1389040,gate_30,7,False,False
1389058,gate_40,17,True,True
1389118,gate_40,11,False,False
1389316,gate_40,14,False,False
1389354,gate_30,47,True,False
1389424,gate_40,90,False,False
1389463,gate_30,0,False,False
1389523,gate_30,7,False,False
1389723,gate_40,7,False,False
1389771,gate_40,120,True,True
1389855,gate_30,30,True,True
1389918,gate_30,56,True,False
1390073,gate_30,25,True,False
1390075,gate_40,8,False,False
1390150,gate_30,4,False,False
1390254,gate_30,7,True,False
1390342,gate_30,50,False,False
1390389,gate_30,42,False,False
1390414,gate_30,155,True,False
1390487,gate_30,61,True,False
1390735,gate_30,2,True,False
1390812,gate_40,22,False,False
1390860,gate_30,7,False,False
1391012,gate_40,2,False,False
1391041,gate_40,3,False,False
1391100,gate_30,184,True,False
1391313,gate_40,20,True,False
1391345,gate_30,52,True,False
1391377,gate_40,27,True,False
1391726,gate_40,197,True,True
1391765,gate_40,3,False,False
1391887,gate_40,15,False,False
1391891,gate_40,17,False,False
1391982,gate_30,18,False,False
1392031,gate_40,0,False,False
1392200,gate_30,41,True,False
1392215,gate_40,13,False,False
1392471,gate_30,7,False,False
1392633,gate_40,58,False,False
1392666,gate_30,3,False,False
1392667,gate_40,59,True,False
1393208,gate_30,1,False,False
1393262,gate_40,22,True,False
1393381,gate_40,97,True,False
1393420,gate_30,36,False,False
1393611,gate_30,0,False,False
1393691,gate_40,66,True,True
1393851,gate_30,276,True,True
1393916,gate_40,2,False,False
1393958,gate_30,19,False,False
1394123,gate_40,5,False,False
1394266,gate_30,23,True,False
1394398,gate_40,110,True,False
1394574,gate_30,145,True,True
1394666,gate_40,0,False,False
1394709,gate_40,5,False,False
1395083,gate_30,6,False,False
1395316,gate_30,10,True,False
1395498,gate_40,1,False,False
1395573,gate_40,37,True,False
1395578,gate_30,45,False,False
1395685,gate_40,7,True,False
1396412,gate_40,67,True,False
1396442,gate_30,30,True,False
1396534,gate_30,10,False,False
1396585,gate_40,24,True,False
1396663,gate_40,50,False,True
1396929,gate_40,3,False,False
1396998,gate_40,37,True,False
1397045,gate_40,4,False,False
1397095,gate_30,38,False,False
1397299,gate_30,9,False,False
1397450,gate_40,349,True,True
1397491,gate_30,12,True,False
1397530,gate_40,28,False,False
1397654,gate_40,5,False,False
1397658,gate_40,176,True,False
1397770,gate_40,5,False,False
1397862,gate_40,22,False,False
1398176,gate_40,8,False,False
1398267,gate_30,16,False,True
1398296,gate_30,2,False,False
1398367,gate_40,149,False,True
1398398,gate_40,65,True,False
1398531,gate_40,1,False,False
1398571,gate_40,266,True,True
1398911,gate_40,169,True,False
1398966,gate_30,9,False,False
1399008,gate_30,113,True,False
1399183,gate_40,7,True,False
1399211,gate_30,8,False,False
1399440,gate_40,1,False,False
1399489,gate_30,16,True,False
1399621,gate_30,34,False,False
1399678,gate_30,31,False,False
1399698,gate_40,2,False,False
1399779,gate_40,30,True,False
1399846,gate_40,9,True,False
1399996,gate_40,32,False,False
1400063,gate_30,15,True,False
1400215,gate_40,50,False,False
1400259,gate_30,2,False,False
1400292,gate_30,156,True,True
1400471,gate_30,5,False,False
1400764,gate_40,0,False,False
1400768,gate_30,6,False,False
1400938,gate_30,8,True,False
1401003,gate_30,97,True,True
1401083,gate_40,23,False,False
1401376,gate_30,27,False,False
1401384,gate_30,61,True,False
1401550,gate_30,14,True,False
1401648,gate_30,0,False,False
1402062,gate_30,47,True,True
1402098,gate_40,46,True,False
1402117,gate_30,4,False,False
1402168,gate_40,34,True,False
1402241,gate_40,11,False,False
1402367,gate_30,22,True,False
1402472,gate_30,118,True,True
1402524,gate_30,99,True,True
1402922,gate_40,74,True,False
1403130,gate_40,5,False,False
1403270,gate_40,9,True,False
1403426,gate_30,4,False,False
1403497,gate_30,198,True,True
1403570,gate_30,15,True,False
1403613,gate_30,2,False,False
1403722,gate_40,20,False,False
1403861,gate_40,95,True,False
1403877,gate_40,18,True,False
1403987,gate_40,2,False,False
1404021,gate_30,12,True,False
1404206,gate_40,28,True,False
1404272,gate_40,12,False,False
1404307,gate_30,24,True,False
1404325,gate_40,15,True,True
1404417,gate_40,131,True,True
1404468,gate_30,56,False,True
1404613,gate_40,37,True,True
1404724,gate_30,27,True,False
1404789,gate_40,3,False,False
1404935,gate_30,273,True,True
1405164,gate_40,3,False,False
1405296,gate_30,12,True,False
1405633,gate_40,3,False,False
1405652,gate_30,47,True,False
1405657,gate_40,1,False,False
1405684,gate_40,46,True,False
1405742,gate_40,16,False,False
1405911,gate_40,7,True,False
1405919,gate_30,10,False,False
1405949,gate_30,67,False,False
1406039,gate_40,25,True,False
1406114,gate_40,33,False,False
1406173,gate_40,15,False,False
1406223,gate_40,3,False,False
1406361,gate_30,7,False,False
1406408,gate_40,1,False,False
1406554,gate_30,177,True,False
1406656,gate_40,15,False,False
1406683,gate_40,1,False,False
1406850,gate_40,3,False,False
1406915,gate_40,9,False,False
1406934,gate_40,8,False,False
1406949,gate_30,37,True,False
1407095,gate_30,6,False,False
1407647,gate_40,3,False,False
1407762,gate_40,5,False,False
1407771,gate_30,31,True,False
1407835,gate_30,22,False,False
1407837,gate_30,1,False,False
1407846,gate_40,0,False,False
1407999,gate_30,28,True,False
1408112,gate_40,133,True,False
1408217,gate_30,34,True,False
1408224,gate_30,4,False,False
1408444,gate_40,185,True,True
1408571,gate_40,8,False,False
1408737,gate_30,47,True,True
1408764,gate_40,4,False,False
1408785,gate_30,1,False,False
1408829,gate_30,2,False,False
1408966,gate_40,39,True,True
1409139,gate_30,6,False,False
1409217,gate_40,16,False,False
1409277,gate_30,17,False,False
1409455,gate_40,10,True,False
1409697,gate_30,20,True,False
1409785,gate_40,6,True,False
1409842,gate_40,15,True,False
1409852,gate_40,28,True,False
1409929,gate_40,144,True,False
1409970,gate_30,238,True,True
1410326,gate_40,87,True,False
1410357,gate_40,0,False,False
1410383,gate_30,18,False,False
1410463,gate_30,0,False,False
1410662,gate_30,2,False,False
1410828,gate_30,0,False,False
1410919,gate_30,5,False,False
1411214,gate_30,9,False,False
1411598,gate_40,27,True,False
1411631,gate_30,0,False,False
1411641,gate_30,0,False,False
1411652,gate_40,7,False,False
1411811,gate_30,286,False,True
1412111,gate_40,0,False,False
1412131,gate_40,33,False,False
1412134,gate_40,121,True,True
1412310,gate_30,43,False,False
1412364,gate_40,50,False,False
1412387,gate_40,174,True,False
1412473,gate_40,120,True,False
1412552,gate_40,128,False,True
1412704,gate_40,7,False,False
1412792,gate_30,122,True,True
1413168,gate_40,15,False,False
1413286,gate_30,11,True,False
1413551,gate_30,46,False,False
1413832,gate_30,3,False,False
1413866,gate_30,104,True,False
1413872,gate_40,3,False,False
1413934,gate_30,15,False,False
1414027,gate_40,3,False,False
1414070,gate_30,63,True,False
1414181,gate_40,15,True,True
1414321,gate_40,121,True,False
1414382,gate_30,86,True,False
1414823,gate_40,174,False,False
1414896,gate_40,7,False,False
1415023,gate_40,10,True,False
1415053,gate_30,0,False,False
1415064,gate_30,0,True,False
1415157,gate_30,14,True,False
1415667,gate_30,23,True,False
1415671,gate_30,0,False,False
1415676,gate_30,44,True,True
1415699,gate_40,3,False,False
1415739,gate_30,11,False,False
1415744,gate_30,16,True,False
1415759,gate_30,21,False,False
1415798,gate_40,2,False,True
1415910,gate_40,5,True,False
1415964,gate_30,6,True,True
1416125,gate_40,135,True,True
1416325,gate_40,34,True,False
1416359,gate_40,13,True,False
1416361,gate_30,3,False,False
1416369,gate_30,9,False,False
1416431,gate_30,60,True,False
1416467,gate_30,16,False,False
1416525,gate_30,178,True,False
1416674,gate_40,22,True,False
1416705,gate_40,88,True,True
1416740,gate_40,326,True,True
1416868,gate_40,9,False,False
1416970,gate_40,12,False,False
1417106,gate_30,3,False,False
1417118,gate_40,64,True,True
1417126,gate_30,57,False,True
1417264,gate_30,13,True,False
1417286,gate_40,10,False,False
1417295,gate_40,25,True,False
1417302,gate_40,15,False,False
1417388,gate_40,43,True,False
1417868,gate_40,29,True,True
1417883,gate_30,54,True,False
1417917,gate_30,69,True,False
1418002,gate_30,6,False,False
1418019,gate_30,31,True,False
1418054,gate_30,247,True,True
1418125,gate_40,1,False,False
1418283,gate_40,31,True,False
1418458,gate_40,2,False,False
1418459,gate_30,0,False,False
1418609,gate_40,72,True,False
1418687,gate_30,1,False,False
1418901,gate_40,0,False,False
1418917,gate_40,48,False,True
1418920,gate_40,36,False,False
1419290,gate_40,32,False,False
1419296,gate_40,5,True,False
1419325,gate_40,310,True,True
1419399,gate_40,14,False,False
1419479,gate_30,39,True,False
1419589,gate_40,23,True,False
1419701,gate_30,132,True,True
1419736,gate_30,5,False,False
1419752,gate_40,50,True,False
1419759,gate_30,3,False,False
1419810,gate_30,12,False,False
1420122,gate_40,17,True,False
1420301,gate_30,64,True,False
1420425,gate_40,11,True,False
1420446,gate_30,21,False,False
1420508,gate_30,15,True,False
1420548,gate_30,21,False,False
1420644,gate_40,40,False,False
1421293,gate_30,17,True,False
1421294,gate_40,5,True,False
1421559,gate_40,98,True,False
1421609,gate_40,9,True,False
1421760,gate_40,173,False,False
1421789,gate_40,81,True,True
1421833,gate_40,33,False,False
1421877,gate_40,189,True,False
1422015,gate_40,7,False,False
1422147,gate_30,2,False,False
1422273,gate_40,44,True,False
1422338,gate_40,25,True,False
1422469,gate_30,34,True,False
1422608,gate_40,124,False,True
1422613,gate_40,22,True,False
1422791,gate_40,92,True,False
1422941,gate_40,49,False,True
1423174,gate_30,5,False,False
1423563,gate_40,64,False,False
1423621,gate_40,79,True,False
1423734,gate_40,1,False,False
1423770,gate_40,9,False,False
1423908,gate_40,141,True,False
1424010,gate_40,7,True,False
1424061,gate_30,135,False,False
1424148,gate_30,3,False,False
1424363,gate_30,119,True,False
1424623,gate_40,201,True,False
1424821,gate_30,7,True,False
1425099,gate_30,63,False,False
1425405,gate_30,2,False,False
1425539,gate_40,27,True,False
1425603,gate_40,54,True,False
1425691,gate_30,74,False,False
1425720,gate_30,5,True,False
1425975,gate_40,63,True,False
1426077,gate_30,118,True,False
1426176,gate_30,19,False,False
1426273,gate_40,11,False,False
1426320,gate_40,131,True,True
1426356,gate_30,71,False,False
1426404,gate_30,1,False,False
1426437,gate_40,64,True,False
1426704,gate_30,38,False,False
1426960,gate_30,122,True,True
1427126,gate_40,0,False,False
1427193,gate_40,0,False,False
1427287,gate_30,31,False,False
1427362,gate_40,13,True,False
1427426,gate_40,33,True,True
1427431,gate_40,87,True,False
1427455,gate_40,1,False,False
1427616,gate_30,6,False,False
1427685,gate_40,200,True,True
1427695,gate_40,5,False,False
1427753,gate_30,170,True,False
1427804,gate_30,98,True,False
1428319,gate_40,80,True,False
1428519,gate_30,0,False,False
1428535,gate_40,283,True,True
1428564,gate_40,85,True,False
1428600,gate_40,2,False,False
1428631,gate_40,107,True,False
1428683,gate_40,20,False,False
1428865,gate_40,16,True,False
1428972,gate_40,14,False,False
1428987,gate_40,273,True,True
1429389,gate_30,59,True,False
1429551,gate_30,4,False,False
1429580,gate_40,21,False,False
1429669,gate_30,6,False,False
1429672,gate_30,20,True,False
1429839,gate_40,156,True,True
1430001,gate_30,37,True,False
1430049,gate_30,58,True,False
1430091,gate_40,40,True,True
1430294,gate_30,24,True,False
1430564,gate_40,83,True,False
1430993,gate_30,5,False,False
1431153,gate_40,28,True,True
1431195,gate_40,46,False,True
1431280,gate_40,21,False,False
1431484,gate_40,2,False,False
1431720,gate_30,3,False,False
1432068,gate_30,12,False,False
1432352,gate_40,2,False,False
1432361,gate_40,156,True,True
1432563,gate_40,15,False,False
1432597,gate_40,15,False,False
1432601,gate_40,41,True,False
1432752,gate_30,9,False,False
1432889,gate_40,10,True,False
1433018,gate_40,12,False,False
1433068,gate_30,109,True,False
1433070,gate_40,5,False,False
1433168,gate_40,97,True,False
1433394,gate_30,51,False,True
1433553,gate_40,4,False,False
1433726,gate_30,12,False,False
1433735,gate_40,49,True,False
1433802,gate_40,0,False,False
1433877,gate_30,30,True,False
1434086,gate_40,29,True,True
1434305,gate_30,22,True,False
1434356,gate_40,19,True,False
1434490,gate_30,2,False,False
1434622,gate_40,75,True,True
1434781,gate_30,110,False,True
1434862,gate_40,16,False,False
1435099,gate_30,87,False,False
1435149,gate_30,64,False,False
1435201,gate_40,8,True,False
1435264,gate_30,23,True,True
1435508,gate_30,54,True,False
1435562,gate_30,121,True,True
1435612,gate_30,36,True,False
1435644,gate_30,3,False,False
1435721,gate_40,2,True,False
1435750,gate_30,15,True,False
1435816,gate_40,83,True,True
1435949,gate_30,2,False,False
1436039,gate_40,238,True,True
1436076,gate_30,1,False,False
1436153,gate_30,1,False,False
1436231,gate_30,221,True,True
1436300,gate_40,2,False,False
1436345,gate_40,39,True,False
1436688,gate_30,173,True,True
1436733,gate_40,0,False,False
1436794,gate_40,26,True,False
1436863,gate_40,12,True,False
1436875,gate_40,1,False,False
1436918,gate_30,9,False,False
1437119,gate_40,135,True,False
1437206,gate_30,30,False,False
1437523,gate_40,1,False,False
1437606,gate_30,1,False,False
1437727,gate_40,3,False,False
1437799,gate_30,64,True,True
1437893,gate_30,1,False,False
1437913,gate_40,55,True,False
1437993,gate_30,50,True,True
1438031,gate_30,16,True,False
1438057,gate_40,190,True,True
1438080,gate_30,7,False,False
1438282,gate_40,2,False,False
1438346,gate_30,23,True,False
1438395,gate_40,32,True,True
1438417,gate_40,15,True,False
1438526,gate_30,10,False,False
1438569,gate_30,32,True,False
1438609,gate_40,26,False,False
1438628,gate_30,290,False,True
1438631,gate_30,547,True,True
1438648,gate_40,11,False,True
1438699,gate_40,441,True,True
1439068,gate_30,18,True,False
1439222,gate_30,11,False,False
1439284,gate_30,40,True,False
1439292,gate_30,8,False,False
1440004,gate_30,209,True,True
1440296,gate_40,5,False,False
1440332,gate_40,21,False,False
1440421,gate_40,2,False,False
1440577,gate_40,3,False,False
1440585,gate_40,25,True,False
1440653,gate_30,13,False,False
1440912,gate_30,84,True,True
1441063,gate_40,5,False,False
1441149,gate_40,3,True,False
1441182,gate_40,3,False,False
1441188,gate_40,56,True,False
1441275,gate_30,25,False,False
1441410,gate_40,4,False,False
1441466,gate_30,1,False,False
1441889,gate_40,32,False,False
1441937,gate_30,40,True,True
1442074,gate_30,2,False,False
1442077,gate_30,23,True,False
1442108,gate_40,24,False,True
1442109,gate_40,53,True,False
1442296,gate_30,4,False,False
1442370,gate_40,3,False,False
1442407,gate_30,7,False,False
1442474,gate_40,13,False,False
1442582,gate_40,66,True,True
1443213,gate_40,165,False,True
1443334,gate_40,11,False,False
1443361,gate_30,68,False,False
1443379,gate_40,9,True,False
1443395,gate_40,14,True,False
1443477,gate_40,31,False,False
1443491,gate_40,1,False,False
1443708,gate_40,48,True,False
1443737,gate_40,11,False,False
1443808,gate_30,63,False,False
1443979,gate_40,239,False,True
1443991,gate_30,28,False,False
1444042,gate_30,8,False,False
1444142,gate_40,113,True,False
1444310,gate_30,42,True,True
1444592,gate_30,132,True,False
1444593,gate_30,3,False,False
1444662,gate_30,11,True,False
1444725,gate_40,260,True,True
1444788,gate_40,728,True,True
1444837,gate_30,22,True,False
1445001,gate_40,7,False,False
1445287,gate_30,66,True,False
1445308,gate_40,0,False,False
1445498,gate_40,9,False,False
1445689,gate_40,157,True,True
1445749,gate_40,2,False,False
1445970,gate_40,8,True,False
1446035,gate_30,9,False,False
1446507,gate_30,66,True,False
1446716,gate_30,46,True,False
1446872,gate_40,18,True,False
1447110,gate_40,7,False,False
1447116,gate_30,1,False,False
1447237,gate_30,33,False,False
1447430,gate_30,1,False,False
1447506,gate_30,32,False,False
1447932,gate_30,125,True,True
1447938,gate_30,7,False,False
1448123,gate_30,160,True,True
1448275,gate_30,2,False,False
1448324,gate_30,16,False,False
1448514,gate_40,2,False,False
1448569,gate_30,19,True,False
1448672,gate_30,28,True,True
1449086,gate_30,246,True,False
1449287,gate_40,2,False,False
1449384,gate_30,39,False,False
1449987,gate_40,46,True,False
1450167,gate_40,3,False,False
1450190,gate_30,2,False,False
1450354,gate_40,44,False,False
1450406,gate_30,1,False,False
1450631,gate_30,28,False,False
1450645,gate_40,77,True,False
1450918,gate_30,679,False,True
1451212,gate_30,193,True,True
1451295,gate_30,32,True,False
1451568,gate_40,4,False,False
1451950,gate_40,14,True,False
1452052,gate_30,25,True,False
1452162,gate_40,45,True,False
1452419,gate_30,36,False,False
1452440,gate_40,7,False,False
1452551,gate_40,28,False,True
1452876,gate_40,7,True,False
1452907,gate_40,50,False,False
1453048,gate_30,5,False,False
1453062,gate_30,15,False,False
1453142,gate_40,3,False,False
1453179,gate_40,38,True,False
1453184,gate_40,47,True,False
1453193,gate_30,75,True,True
1453231,gate_40,150,True,True
1453374,gate_30,3,False,False
1453475,gate_40,3,False,False
1453543,gate_40,750,True,True
1453649,gate_40,0,False,False
1453689,gate_30,1,False,False
1453698,gate_30,8,False,False
1453906,gate_40,7,True,False
1454256,gate_40,7,False,False
1454262,gate_40,13,False,False
1454351,gate_40,39,True,True
1454514,gate_40,0,False,False
1454581,gate_40,17,False,False
1454864,gate_30,16,False,False
1454882,gate_30,3,False,False
1454900,gate_40,357,True,True
1454964,gate_30,33,True,True
1455003,gate_40,7,False,False
1455056,gate_40,0,True,False
1455124,gate_30,9,False,False
1455237,gate_40,66,True,False
1455300,gate_40,65,False,True
1455488,gate_40,3,True,False
1455861,gate_40,65,True,False
1456458,gate_30,83,False,False
1456463,gate_40,2,False,False
1456553,gate_40,32,True,False
1456706,gate_30,8,False,False
1456789,gate_30,106,True,False
1456838,gate_30,64,True,False
1456859,gate_40,253,True,False
1456919,gate_30,380,True,True
1456957,gate_40,8,False,False
1457028,gate_30,3,False,False
1457039,gate_40,7,False,False
1457175,gate_30,1,False,False
1457321,gate_40,2,False,False
1457497,gate_30,42,True,False
1457543,gate_30,2,False,False
1457847,gate_40,14,False,False
1457863,gate_30,2,False,False
1457933,gate_30,41,True,False
1458201,gate_30,18,True,False
1458239,gate_30,25,True,False
1458331,gate_40,213,True,True
1458389,gate_30,229,True,True
1458404,gate_30,8,False,False
1458440,gate_30,25,True,False
1458545,gate_40,4,False,False
1458610,gate_40,2,False,False
1458738,gate_30,92,True,True
1458743,gate_40,6,False,False
1458772,gate_30,13,True,True
1458924,gate_40,2,False,False
1458965,gate_40,104,False,True
1459061,gate_30,18,False,False
1459090,gate_40,563,True,True
1459103,gate_30,4,False,False
1459154,gate_30,47,False,False
1459234,gate_30,29,False,False
1459347,gate_40,197,True,True
1459353,gate_40,0,False,False
1459366,gate_30,6,True,False
1459417,gate_40,7,True,False
1459426,gate_40,14,False,False
1459465,gate_40,43,True,False
1459554,gate_30,11,False,False
1459869,gate_40,109,True,True
1459945,gate_30,1,False,False
1459950,gate_30,46,True,False
1459979,gate_30,10,False,False
1460002,gate_30,41,True,False
1460010,gate_40,9,False,False
1460209,gate_30,302,True,True
1460603,gate_30,21,True,False
1460622,gate_40,2,False,False
1460720,gate_30,251,True,True
1460772,gate_40,118,True,False
1460830,gate_30,131,True,True
1461080,gate_40,8,False,False
1461493,gate_30,2,False,False
1461641,gate_40,32,True,False
1461660,gate_30,57,False,False
1461749,gate_40,41,False,False
1461911,gate_30,8,True,False
1462076,gate_40,60,True,False
1462266,gate_30,50,True,False
1462400,gate_30,0,False,False
1462582,gate_30,62,True,False
1462903,gate_40,22,True,False
1463064,gate_40,22,False,True
1463122,gate_30,0,False,False
1463303,gate_40,196,True,False
1463517,gate_40,5,False,False
1463525,gate_30,10,False,False
1463552,gate_30,16,False,False
1463589,gate_30,4,False,False
1463591,gate_30,36,True,False
1463604,gate_30,28,True,False
1463649,gate_30,33,True,False
1463833,gate_30,148,True,False
1463952,gate_40,0,False,False
1463998,gate_30,4,False,False
1464036,gate_40,16,False,False
1464235,gate_30,91,True,True
1464447,gate_40,48,False,True
1464989,gate_30,18,True,False
1465011,gate_30,2,False,False
1465184,gate_40,47,True,True
1465409,gate_30,5,False,False
1465434,gate_40,3,False,False
1465498,gate_30,30,True,True
1465511,gate_30,0,False,False
1465744,gate_40,17,True,False
1466148,gate_30,312,True,True
1466426,gate_30,4,False,False
1466458,gate_30,510,True,True
1466698,gate_30,4,False,False
1467022,gate_30,1,False,False
1467045,gate_40,20,False,False
1467235,gate_30,16,False,False
1467267,gate_30,21,True,False
1467324,gate_40,13,False,False
1467397,gate_40,61,True,False
1467511,gate_40,5,True,False
1467513,gate_30,5,False,False
1467517,gate_40,7,False,False
1467728,gate_30,8,False,False
1467817,gate_40,8,False,False
1467863,gate_30,225,True,False
1467984,gate_40,4,False,False
1468041,gate_40,1,False,False
1468105,gate_40,1,False,False
1468134,gate_40,3,False,False
1468324,gate_30,457,True,True
1468339,gate_40,3,False,False
1468400,gate_40,81,True,False
1468416,gate_30,37,True,False
1468492,gate_30,1,False,False
1468505,gate_40,9,False,False
1468522,gate_40,10,False,False
1468523,gate_30,33,True,False
1468767,gate_30,10,False,False
1468782,gate_30,36,True,True
1468973,gate_40,2,False,False
1468975,gate_30,12,False,False
1469133,gate_40,13,True,False
1469235,gate_40,9,False,False
1469367,gate_30,39,True,False
1469487,gate_30,83,True,False
1469515,gate_30,21,False,False
1469548,gate_30,184,False,True
1469589,gate_30,3,False,False
1469666,gate_30,51,True,False
1469676,gate_40,0,False,False
1469767,gate_30,2,False,False
1469820,gate_30,575,True,False
1469946,gate_40,4,False,False
1469962,gate_30,34,True,False
1470008,gate_40,114,True,True
1470191,gate_40,19,True,True
1470195,gate_30,0,False,False
1470258,gate_30,9,False,False
1470308,gate_30,69,False,True
1470346,gate_30,34,False,False
1470388,gate_30,37,False,False
1470390,gate_30,17,False,False
1470470,gate_40,16,False,False
1470530,gate_30,118,True,False
1470578,gate_30,0,False,False
1470610,gate_40,16,True,False
1470649,gate_40,17,False,False
1470745,gate_30,1,False,False
1470751,gate_40,262,True,True
1471015,gate_40,11,True,False
1471095,gate_40,12,True,False
1471145,gate_40,0,False,False
1471171,gate_40,18,True,False
1471251,gate_30,4,False,False
1471410,gate_40,4,False,False
1471615,gate_30,53,True,False
1471712,gate_40,6,False,False
1471785,gate_30,0,False,False
1472038,gate_40,2,False,False
1472483,gate_40,40,False,False
1472508,gate_40,17,False,False
1472558,gate_30,27,True,False
1472566,gate_30,6,True,False
1473074,gate_40,46,False,False
1473076,gate_30,7,False,False
1473239,gate_40,11,False,False
1473243,gate_30,27,True,False
1473246,gate_30,18,False,False
1473428,gate_30,22,False,False
1473489,gate_30,49,True,True
1473491,gate_40,28,False,False
1473627,gate_40,3,True,False
1473639,gate_40,113,True,True
1473671,gate_40,2,False,False
1473676,gate_40,0,False,False
1473755,gate_30,20,True,False
1473904,gate_30,20,False,False
1474108,gate_40,13,False,False
1474286,gate_30,7,False,False
1474300,gate_40,0,False,False
1474363,gate_40,21,True,False
1474376,gate_40,35,True,False
1474535,gate_30,166,True,False
1474658,gate_40,22,False,False
1474911,gate_30,238,True,True
1474927,gate_30,212,True,True
1475123,gate_40,5,False,False
1475182,gate_40,66,True,False
1475293,gate_30,80,True,True
1475305,gate_30,9,False,False
1475397,gate_40,8,True,False
1475440,gate_30,49,True,False
1475501,gate_40,2,False,False
1475519,gate_40,26,False,False
1475534,gate_40,11,True,False
1475805,gate_40,0,False,False
1475828,gate_30,0,False,False
1475841,gate_40,21,False,False
1476004,gate_40,10,False,False
1476122,gate_30,1705,True,True
1476240,gate_30,10,False,False
1476242,gate_40,5,True,False
1476485,gate_40,5,False,False
1476503,gate_30,45,True,False
1476528,gate_30,5,False,False
1476622,gate_30,5,False,False
1476730,gate_40,0,False,False
1476888,gate_40,10,False,True
1477229,gate_40,0,False,False
1477488,gate_30,23,True,False
1477547,gate_30,44,True,True
1477652,gate_40,7,False,False
1477796,gate_40,58,False,True
1477890,gate_40,11,False,False
1477996,gate_30,3,False,False
1478035,gate_40,458,True,True
1478047,gate_40,3,False,False
1478069,gate_40,198,True,True
1478351,gate_40,4,True,True
1478741,gate_40,5,False,True
1479287,gate_40,2,False,False
1479347,gate_30,4,False,False
1479360,gate_30,6,True,False
1479390,gate_40,33,True,False
1479549,gate_40,5,False,False
1479564,gate_30,24,True,False
1479582,gate_40,65,False,False
1479654,gate_30,71,True,False
1479734,gate_40,24,False,False
1479737,gate_30,40,True,False
1479759,gate_40,85,True,False
1479913,gate_30,6,False,False
1479942,gate_30,23,False,False
1479992,gate_30,23,False,False
1480000,gate_30,4,False,False
1480003,gate_30,26,False,False
1480120,gate_40,6,False,False
1480145,gate_40,4,False,False
1480190,gate_40,47,True,False
1480357,gate_30,4,False,False
1480365,gate_40,28,True,False
1480452,gate_30,88,True,False
1480598,gate_40,70,True,False
1480667,gate_40,68,True,False
1480918,gate_30,23,False,False
1481118,gate_30,14,True,False
1481138,gate_30,7,False,False
1481146,gate_30,27,True,False
1481208,gate_30,6,True,False
1481213,gate_30,2,False,False
1481216,gate_40,16,False,False
1481245,gate_30,35,True,False
1481358,gate_40,3,False,False
1481545,gate_40,14,False,False
1481758,gate_30,55,True,True
1481828,gate_40,163,True,False
1481845,gate_30,61,True,False
1482138,gate_30,41,True,False
1482141,gate_40,1347,True,True
1482172,gate_30,12,False,False
1482267,gate_40,55,True,False
1482546,gate_40,76,False,True
1482806,gate_40,597,True,True
1483035,gate_30,2,False,False
1483082,gate_30,27,True,False
1483110,gate_30,0,False,False
1483122,gate_30,11,False,False
1483153,gate_40,3,False,False
1483216,gate_40,1,False,False
1483218,gate_40,0,False,False
1483296,gate_30,39,True,False
1483303,gate_40,146,True,True
1483307,gate_40,3,False,False
1483658,gate_40,710,True,True
1483734,gate_30,17,True,False
1483928,gate_30,40,False,True
1484227,gate_30,0,False,False
1484251,gate_30,1,False,False
1484427,gate_30,1,False,False
1484857,gate_40,6,True,False
1484951,gate_30,70,True,True
1484960,gate_40,1,False,False
1484998,gate_40,161,True,False
1485143,gate_40,2,False,False
1485153,gate_40,19,False,False
1485230,gate_30,81,True,True
1485247,gate_40,18,False,False
1485387,gate_30,29,True,False
1485466,gate_40,3,False,False
1485489,gate_30,29,True,False
1485502,gate_40,4,False,False
1485518,gate_40,8,False,False
1485657,gate_30,14,False,False
1485722,gate_30,83,True,False
1485900,gate_40,0,False,False
1486054,gate_30,10,False,False
1486098,gate_40,6,True,False
1486176,gate_30,138,True,True
1486216,gate_30,10,True,True
1486330,gate_30,4,False,False
1486555,gate_30,5,True,False
1486584,gate_40,36,False,True
1486711,gate_30,119,True,False
1486909,gate_30,1,False,False
1486989,gate_30,317,True,True
1486992,gate_30,10,True,False
1487021,gate_30,304,True,True
1487154,gate_30,2,True,False
1487241,gate_30,15,True,False
1487525,gate_30,0,False,False
1487729,gate_40,300,True,True
1487765,gate_30,38,True,False
1487852,gate_30,52,False,False
1487945,gate_40,236,True,True
1488004,gate_30,6,False,False
1488028,gate_30,72,True,False
1488129,gate_40,10,False,False
1488204,gate_30,3,False,False
1488372,gate_30,44,True,True
1488712,gate_40,6,True,False
1488858,gate_40,62,True,False
1488979,gate_30,40,True,False
1489035,gate_40,66,True,False
1489304,gate_40,4,False,False
1489329,gate_30,1,False,False
1489378,gate_30,71,True,False
1489501,gate_40,11,False,False
1489597,gate_30,6,False,False
1489674,gate_30,95,True,False
1489695,gate_30,5,False,False
1489735,gate_30,17,False,True
1489790,gate_30,9,True,False
1489879,gate_30,7,False,False
1489921,gate_40,7,True,False
1489969,gate_40,11,True,False
1490135,gate_40,2,False,False
1490866,gate_40,36,True,True
1490933,gate_30,85,True,True
1490989,gate_40,1,False,False
1491073,gate_30,0,False,False
1491117,gate_30,2,False,False
1491157,gate_30,4,False,False
1491158,gate_30,85,True,True
1491180,gate_40,105,True,False
1491197,gate_40,272,True,True
1491236,gate_40,79,True,False
1491436,gate_30,4,False,False
1491682,gate_30,25,True,False
1491769,gate_40,127,False,True
1491855,gate_40,19,False,False
1492052,gate_40,78,True,False
1492118,gate_40,6,False,False
1492236,gate_40,4,True,False
1492248,gate_30,27,True,False
1492431,gate_30,193,True,False
1492465,gate_30,15,False,False
1492569,gate_30,4,False,False
1492581,gate_30,2,False,False
1492660,gate_40,6,False,False
1492836,gate_40,111,False,True
1492908,gate_30,65,True,False
1493098,gate_30,87,True,True
1493133,gate_40,11,True,False
1493237,gate_40,102,True,False
1493497,gate_30,14,True,False
1493640,gate_30,9,False,False
1493727,gate_30,0,False,False
1493735,gate_40,8,True,False
1493744,gate_30,39,True,False
1493791,gate_30,113,True,True
1493865,gate_30,12,True,False
1493929,gate_40,21,True,False
1494268,gate_40,43,True,False
1494272,gate_40,244,True,True
1494335,gate_40,128,True,True
1494558,gate_40,5,False,False
1494787,gate_30,16,False,False
1494819,gate_30,9,True,False
1494843,gate_40,3,False,False
1494901,gate_40,13,False,False
1494955,gate_40,6,False,False
1495088,gate_30,0,False,False
1495091,gate_30,27,False,False
1495205,gate_30,39,False,False
1495264,gate_40,1,False,False
1495670,gate_30,309,True,True
1495903,gate_40,345,True,False
1496114,gate_40,53,True,False
1496162,gate_30,4,False,False
1496304,gate_30,3,False,False
1496673,gate_40,10,False,False
1496993,gate_30,23,False,False
1497040,gate_40,4,False,False
1497098,gate_40,15,True,False
1497151,gate_40,0,False,False
1497274,gate_30,13,False,False
1497654,gate_30,43,True,False
1498203,gate_30,9,False,False
1498256,gate_40,32,True,False
1498420,gate_30,0,False,False
1498442,gate_30,34,True,False
1498652,gate_40,1,False,False
1498743,gate_30,18,True,False
1498878,gate_40,200,False,False
1499080,gate_40,7,False,False
1499120,gate_30,9,False,False
1499129,gate_30,15,True,True
1499223,gate_30,164,True,True
1499240,gate_40,1,False,False
1499325,gate_30,18,False,False
1499491,gate_40,34,True,False
1499618,gate_40,18,False,False
1499674,gate_30,5,False,False
1499693,gate_40,0,False,False
1499864,gate_40,30,False,False
1500166,gate_40,25,True,True
1500176,gate_30,77,True,False
1500246,gate_40,39,True,True
1500556,gate_30,9,False,False
1500557,gate_40,65,True,True
1500581,gate_40,9,False,False
1500586,gate_30,40,True,False
1500688,gate_30,1,False,False
1500962,gate_40,1,False,False
1501094,gate_40,5,False,False
1501160,gate_40,11,False,False
1501200,gate_40,6,False,False
1501223,gate_30,95,True,False
1501282,gate_30,26,False,False
1501512,gate_30,7,True,False
1501528,gate_40,0,False,False
1501716,gate_40,13,True,False
1501841,gate_30,9,False,False
1501860,gate_40,9,False,False
1501920,gate_40,252,True,True
1502031,gate_30,17,True,False
1502058,gate_40,63,True,False
1502173,gate_40,21,False,False
1502231,gate_30,101,True,False
1502248,gate_40,1,False,False
1502322,gate_30,15,False,True
1502536,gate_30,0,False,False
1502693,gate_30,34,True,False
1502800,gate_30,20,True,False
1502939,gate_40,2,False,False
1503049,gate_30,19,True,False
1503156,gate_30,488,True,True
1503193,gate_30,1,False,False
1503229,gate_40,3,True,False
1503552,gate_40,171,True,True
1503627,gate_30,518,True,True
1503643,gate_30,17,False,False
1503666,gate_40,2,False,False
1503824,gate_30,192,True,True
1503898,gate_40,103,True,True
1503906,gate_40,68,True,False
1503949,gate_30,34,True,False
1504188,gate_30,8,False,False
1504243,gate_30,275,True,False
1504295,gate_30,48,True,False
1504534,gate_40,1,False,False
1504567,gate_30,4,False,False
1504583,gate_30,6,False,False
1504616,gate_30,20,True,True
1504726,gate_30,29,False,False
1504735,gate_30,158,False,True
1504794,gate_30,5,False,False
1504806,gate_40,12,False,False
1504827,gate_40,5,False,False
1504840,gate_40,6,True,False
1504897,gate_30,14,False,False
1505073,gate_30,44,True,False
1505350,gate_40,3,False,False
1505639,gate_30,1,False,False
1506090,gate_30,25,True,False
1506092,gate_30,17,True,False
1506105,gate_30,50,False,False
1506109,gate_40,15,True,False
1506117,gate_30,20,False,False
1506320,gate_40,41,False,False
1506341,gate_40,31,False,False
1506611,gate_40,8,False,False
1506725,gate_30,8,False,False
1506983,gate_30,34,True,True
1507290,gate_40,157,True,False
1507745,gate_40,4,False,False
1507846,gate_40,13,False,False
1507932,gate_30,657,True,True
1508008,gate_30,3,False,False
1508545,gate_40,60,True,False
1508554,gate_40,11,False,False
1508576,gate_40,125,True,False
1508901,gate_30,8,False,False
1509237,gate_30,173,True,True
1509343,gate_40,11,False,False
1509649,gate_40,17,False,False
1509681,gate_30,187,True,True
1509717,gate_30,1,False,False
1509855,gate_30,4,False,False
1510100,gate_40,110,False,True
1510154,gate_30,26,True,False
1510190,gate_30,3,False,False
1510198,gate_40,1,False,False
1510245,gate_30,16,False,False
1510296,gate_40,265,True,True
1510427,gate_40,2,False,False
1510477,gate_30,79,False,False
1510511,gate_30,8,False,False
1510538,gate_30,9,False,False
1510629,gate_30,53,False,False
1510941,gate_40,1,False,False
1511206,gate_30,40,True,False
1511269,gate_30,27,True,False
1511321,gate_30,7,False,False
1511399,gate_30,3,False,False
1511759,gate_30,6,False,False
1511779,gate_40,31,True,False
1511840,gate_40,4,False,False
1511844,gate_40,6,False,False
1511879,gate_40,22,False,False
1511950,gate_40,35,True,True
1511966,gate_30,69,True,False
1512089,gate_40,18,True,False
1512120,gate_30,107,True,False
1512274,gate_30,90,True,False
1512346,gate_40,24,True,False
1512643,gate_40,43,True,False
1512706,gate_30,74,True,True
1512729,gate_40,18,False,False
1512866,gate_40,9,False,False
1512909,gate_30,19,True,False
1512997,gate_30,3,False,False
1513050,gate_30,15,False,False
1513082,gate_30,162,True,True
1513102,gate_40,4,False,False
1513521,gate_40,17,False,False
1513542,gate_40,70,True,False
1513645,gate_40,20,True,True
1513681,gate_30,3,False,False
1513874,gate_30,2,False,False
1513879,gate_30,1,False,False
1514013,gate_40,14,False,True
1514024,gate_30,6,False,False
1514414,gate_40,44,True,False
1514428,gate_30,3,False,False
1514458,gate_40,5,False,False
1514543,gate_30,9,True,False
1514740,gate_30,182,False,True
1515177,gate_40,39,False,False
1515405,gate_40,2,False,False
1515457,gate_40,126,True,True
1515521,gate_40,40,True,True
1515676,gate_30,17,False,False
1515768,gate_30,54,True,False
1515775,gate_30,171,True,True
1515866,gate_40,36,True,False
1515964,gate_30,23,True,False
1516041,gate_30,29,False,False
1516129,gate_30,23,True,False
1516252,gate_30,0,False,False
1516364,gate_30,53,True,False
1516477,gate_30,17,True,False
1516541,gate_40,162,True,False
1516677,gate_40,2,False,False
1516715,gate_40,20,False,False
1516746,gate_40,4,False,False
1516843,gate_40,157,True,True
1516978,gate_40,25,False,False
1516988,gate_40,8,True,False
1517010,gate_40,50,True,True
1517414,gate_40,20,True,False
1517431,gate_40,91,True,False
1517678,gate_40,32,True,False
1517710,gate_30,0,False,False
1517842,gate_30,6,False,False
1517901,gate_40,4,False,False
1518066,gate_40,14,False,False
1518076,gate_40,44,True,False
1518288,gate_40,99,True,True
1518403,gate_40,13,False,False
1518425,gate_30,9,False,False
1518527,gate_30,6,True,False
1518573,gate_40,10,False,False
1518884,gate_30,8,True,False
1518965,gate_30,33,True,False
1519092,gate_40,7,False,False
1519126,gate_30,22,True,False
1519305,gate_30,2,False,False
1519717,gate_30,58,True,True
1519746,gate_30,12,False,False
1519761,gate_40,2,False,False
1519769,gate_40,17,True,True
1520134,gate_40,78,True,False
1520167,gate_40,71,True,False
1520485,gate_40,1,False,False
1520555,gate_40,38,False,False
1520774,gate_30,57,False,False
1521027,gate_30,38,False,False
1521142,gate_40,86,True,False
1521200,gate_30,1,False,False
1521242,gate_40,21,False,False
1521305,gate_30,8,False,False
1521315,gate_40,78,True,False
1522201,gate_40,22,False,False
1522319,gate_40,10,False,False
1522695,gate_30,5,False,False
1523098,gate_40,169,True,True
1523231,gate_30,36,True,True
1523304,gate_30,2,False,False
1523364,gate_30,3,False,False
1523416,gate_40,13,True,False
1523447,gate_30,29,True,False
1523537,gate_30,76,True,False
1523543,gate_40,23,False,False
1523663,gate_40,15,True,False
1523768,gate_30,228,True,False
1523896,gate_30,14,True,False
1523899,gate_30,531,True,True
1523902,gate_40,184,True,True
1523907,gate_30,18,True,False
1524130,gate_40,15,False,False
1524136,gate_30,34,True,False
1524237,gate_30,17,True,True
1524348,gate_40,20,True,False
1524404,gate_40,75,False,True
1524454,gate_30,6,False,False
1524531,gate_30,48,True,False
1524538,gate_40,3,False,False
1524663,gate_30,24,True,False
1524800,gate_30,61,True,False
1524858,gate_30,176,True,False
1524878,gate_40,72,True,False
1524944,gate_30,10,False,False
1525041,gate_40,19,False,False
1525081,gate_30,18,True,False
1525098,gate_40,18,True,False
1525135,gate_40,2,False,False
1525225,gate_30,170,True,False
1525278,gate_40,0,False,False
1525343,gate_30,1,False,False
1525381,gate_40,5,True,False
1525386,gate_30,54,True,False
1525391,gate_40,4,False,False
1525527,gate_40,32,True,False
1525698,gate_40,9,False,False
1525964,gate_30,4,False,False
1525981,gate_40,0,False,False
1526230,gate_40,1,False,False
1526518,gate_40,52,True,False
1526567,gate_30,1,False,True
1526647,gate_30,23,True,True
1526827,gate_30,2,False,False
1526893,gate_30,80,True,False
1527080,gate_30,12,False,False
1527264,gate_30,136,True,False
1527306,gate_30,26,True,False
1527405,gate_40,19,False,False
1527449,gate_30,23,True,False
1527536,gate_40,133,True,True
1527605,gate_30,8,False,True
1527713,gate_30,6,False,False
1527888,gate_30,306,True,True
1527940,gate_30,3,False,False
1528181,gate_30,32,False,True
1528244,gate_40,17,True,False
1528391,gate_30,1,False,False
1528451,gate_30,28,True,False
1528592,gate_40,6,False,False
1528764,gate_40,38,True,False
1528801,gate_30,12,False,False
1529089,gate_40,39,False,True
1529100,gate_30,148,True,False
1529107,gate_40,108,True,True
1529126,gate_40,1,False,False
1529152,gate_40,2,False,False
1529248,gate_40,1,False,False
1529454,gate_30,29,False,False
1529854,gate_40,39,True,False
1529927,gate_30,13,False,False
1529965,gate_30,4,False,False
1530236,gate_30,0,False,False
1530457,gate_40,20,True,False
1530486,gate_30,50,True,False
1530827,gate_30,2,False,False
1530932,gate_30,67,True,False
1530970,gate_30,211,True,True
1531112,gate_30,5,False,False
1531152,gate_40,16,False,False
1531194,gate_30,11,False,False
1531428,gate_30,33,True,False
1531431,gate_30,86,True,True
1531587,gate_30,57,True,False
1531689,gate_40,6,False,False
1531735,gate_30,42,True,False
1531831,gate_30,99,True,True
1531842,gate_30,6,False,False
1531888,gate_40,5,False,False
1531938,gate_40,8,False,False
1532583,gate_30,2,False,False
1532663,gate_30,2,False,False
1532974,gate_30,7,False,False
1532991,gate_30,11,False,False
1533000,gate_30,186,True,False
1533002,gate_40,6,False,False
1533217,gate_30,55,True,True
1533325,gate_40,12,True,False
1533337,gate_40,101,True,True
1533923,gate_40,286,True,True
1533942,gate_30,8,False,False
1533972,gate_40,2,False,False
1534040,gate_40,32,False,False
1534076,gate_40,2,False,False
1534186,gate_40,201,True,False
1534202,gate_30,0,False,False
1534212,gate_40,4,False,False
1534226,gate_30,82,True,False
1534337,gate_30,104,True,True
1534340,gate_40,9,False,False
1534367,gate_30,27,True,True
1534396,gate_30,5,False,False
1534579,gate_30,75,True,True
1534668,gate_30,8,False,False
1534783,gate_40,2,True,False
1534999,gate_30,218,True,True
1535056,gate_40,1,False,False
1535221,gate_30,32,True,True
1535279,gate_40,68,True,False
1535400,gate_40,21,False,False
1535426,gate_30,153,True,True
1535502,gate_30,37,True,True
1535804,gate_40,20,False,False
1535848,gate_40,1,False,False
1536042,gate_40,254,True,True
1536088,gate_30,14,False,False
1536178,gate_40,439,True,True
1536185,gate_30,0,False,False
1536195,gate_30,4,False,False
1536279,gate_40,5,False,False
1536384,gate_40,498,True,True
1536417,gate_40,1,False,False
1536463,gate_30,1,False,False
1536582,gate_40,7,False,False
1536830,gate_40,11,True,False
1536872,gate_40,10,True,False
1537138,gate_40,1,False,False
1537219,gate_40,6,False,False
1537321,gate_40,27,False,False
1537448,gate_30,182,True,True
1537475,gate_40,50,True,False
1537578,gate_30,33,False,False
1537916,gate_40,104,False,True
1538042,gate_40,38,False,False
1538063,gate_30,2,False,False
1538120,gate_40,0,False,False
1538258,gate_40,31,False,False
1538404,gate_40,4,True,True
1538487,gate_40,39,True,False
1538535,gate_40,0,False,False
1538559,gate_30,161,True,True
1538650,gate_30,23,False,False
1538711,gate_40,166,False,True
1538787,gate_30,640,True,True
1538968,gate_40,1,False,False
1539109,gate_30,6,False,False
1539163,gate_40,31,True,False
1539224,gate_30,2,False,False
1539397,gate_30,39,False,False
1539620,gate_30,7,False,False
1539706,gate_40,135,True,False
1539813,gate_40,95,False,False
1539886,gate_30,2,False,False
1539896,gate_30,11,False,False
1539963,gate_30,22,True,False
1540193,gate_30,46,True,False
1540206,gate_40,19,True,False
1540217,gate_30,20,True,False
1540328,gate_40,17,True,False
1540332,gate_40,1,False,False
1540552,gate_40,6,False,False
1540582,gate_40,13,False,False
1540639,gate_40,5,False,False
1540677,gate_30,13,True,False
1540808,gate_30,3,False,False
1540921,gate_30,6,False,False
1540962,gate_40,2,False,False
1541241,gate_40,18,False,False
1541379,gate_30,7,False,False
1541430,gate_30,21,False,False
1541472,gate_40,67,False,True
1541564,gate_40,6,False,False
1541807,gate_30,3,False,False
1541974,gate_40,26,True,False
1541986,gate_40,25,True,False
1542021,gate_40,47,True,False
1542046,gate_40,43,False,False
1542084,gate_30,10,True,False
1542239,gate_30,0,False,False
1542320,gate_40,22,False,False
1542444,gate_40,68,True,True
1542502,gate_40,42,False,False
1542571,gate_40,7,False,False
1542752,gate_30,2,False,False
1542757,gate_30,5,False,False
1542968,gate_30,0,False,False
1543094,gate_40,3,False,False
1543151,gate_40,301,True,True
1543218,gate_30,13,False,False
1543223,gate_30,28,True,False
1543258,gate_40,4,False,False
1543293,gate_40,4,False,False
1543490,gate_30,85,True,False
1543501,gate_30,12,True,False
1543601,gate_40,13,False,False
1543734,gate_30,64,False,True
1543930,gate_30,2,False,False
1543939,gate_30,7,False,False
1543953,gate_40,100,True,False
1544007,gate_40,1,False,False
1544113,gate_40,7,False,False
1544498,gate_40,33,True,False
1544515,gate_30,164,True,True
1544558,gate_30,38,True,True
1544679,gate_30,7,True,False
1544699,gate_30,116,True,False
1544719,gate_30,7,True,False
1544784,gate_40,17,False,False
1544828,gate_40,9,False,False
1545120,gate_40,5,True,False
1545182,gate_30,18,False,False
1545322,gate_30,15,True,False
1545384,gate_30,19,True,False
1545558,gate_30,0,False,False
1545691,gate_30,56,True,False
1545746,gate_30,16,True,False
1545988,gate_30,18,False,True
1546105,gate_30,17,False,False
1546188,gate_30,6,False,False
1546520,gate_40,323,False,False
1546704,gate_30,188,True,True
1546929,gate_40,126,True,True
1546930,gate_40,86,True,False
1547151,gate_30,53,True,False
1547284,gate_40,267,True,True
1547462,gate_30,105,True,True
1547545,gate_30,7,False,False
1547684,gate_30,22,True,False
1547806,gate_40,62,True,False
1547900,gate_40,2,False,False
1548379,gate_40,142,True,False
1548440,gate_30,2,False,False
1548640,gate_30,2,False,False
1548766,gate_40,68,False,False
1548833,gate_40,6,False,False
1548914,gate_30,12,True,False
1548975,gate_40,48,True,False
1548990,gate_30,688,True,True
1549116,gate_30,20,False,False
1549147,gate_30,73,True,True
1549212,gate_30,78,True,False
1549408,gate_40,53,True,False
1549442,gate_30,29,True,False
1549494,gate_30,8,False,False
1549514,gate_40,80,True,False
1549526,gate_30,7,False,False
1549649,gate_40,41,True,False
1549810,gate_40,29,True,False
1549916,gate_30,5,False,False
1550007,gate_30,78,True,False
1550107,gate_30,0,False,False
1550378,gate_40,39,True,True
1550694,gate_30,8,False,False
1550709,gate_30,13,True,False
1550712,gate_40,550,True,True
1550759,gate_40,66,True,True
1550804,gate_40,2,False,False
1551101,gate_40,179,True,True
1551269,gate_30,7,True,False
1551324,gate_30,1,False,False
1551515,gate_30,5,False,False
1551840,gate_40,55,True,False
1551904,gate_40,0,False,False
1552200,gate_30,741,True,True
1552326,gate_40,11,False,False
1552443,gate_40,0,False,False
1552464,gate_30,36,False,False
1552637,gate_30,721,True,True
1552697,gate_40,10,True,False
1553158,gate_40,86,True,False
1553170,gate_40,51,False,False
1553279,gate_30,5,False,False
1553330,gate_40,348,True,True
1553425,gate_30,34,True,False
1553710,gate_30,238,True,True
1553725,gate_40,32,True,False
1553745,gate_30,3,False,False
1553814,gate_30,2,False,False
1553950,gate_40,176,True,False
1554020,gate_40,2,False,False
1554116,gate_30,53,False,True
1554145,gate_40,39,True,False
1554221,gate_30,25,True,False
1554261,gate_30,12,False,False
1554532,gate_30,1,False,False
1554671,gate_30,87,True,False
1554783,gate_30,31,True,False
1554792,gate_30,6,False,False
1554858,gate_30,22,True,False
1554916,gate_40,44,True,False
1554933,gate_40,86,True,True
1554994,gate_40,25,False,False
1555093,gate_40,112,False,False
1555214,gate_30,20,False,False
1555319,gate_40,64,True,False
1555582,gate_40,69,True,True
1555695,gate_30,2,False,False
1555942,gate_30,1,False,False
1555959,gate_30,3,False,False
1556071,gate_30,2,False,False
1556215,gate_40,7,False,False
1556683,gate_30,19,True,False
1556815,gate_40,400,True,True
1556822,gate_40,8,True,False
1556843,gate_40,2,False,False
1556850,gate_30,0,True,False
1556853,gate_40,0,False,False
1556861,gate_30,7,False,False
1557018,gate_30,553,True,True
1557093,gate_40,3,True,False
1557118,gate_40,1,False,False
1557302,gate_40,3,False,False
1557436,gate_30,6,False,False
1557684,gate_30,44,True,False
1557979,gate_30,1,False,False
1557997,gate_40,112,True,False
1558054,gate_40,0,False,False
1558068,gate_40,7,False,False
1558103,gate_30,1,False,False
1558182,gate_30,22,True,False
1558187,gate_30,110,True,True
1558290,gate_30,3,False,False
1558386,gate_30,17,True,False
1558401,gate_40,2,False,False
1558486,gate_30,3,True,False
1558754,gate_40,5,False,False
1558755,gate_40,119,True,True
1558762,gate_30,9,False,False
1558996,gate_40,40,True,False
1559238,gate_40,2,False,False
1559309,gate_30,15,True,False
1559330,gate_40,18,True,False
1559556,gate_30,3,False,False
1559632,gate_30,177,True,True
1559641,gate_30,2,False,False
1559690,gate_40,13,True,False
1559692,gate_30,19,True,False
1559728,gate_30,0,False,False
1559930,gate_40,11,True,False
1560128,gate_30,1,False,False
1560177,gate_40,14,False,False
1560223,gate_30,5,False,False
1560236,gate_30,59,False,False
1560252,gate_30,41,True,False
1560475,gate_40,9,False,False
1560505,gate_30,1,False,False
1560581,gate_30,0,False,False
1560728,gate_40,5,False,False
1560786,gate_30,9,True,False
1560881,gate_40,45,True,False
1560983,gate_30,14,False,False
1560984,gate_40,0,False,False
1561100,gate_40,9,False,False
1561124,gate_40,0,False,False
1561196,gate_40,243,True,True
1561520,gate_30,10,False,False
1561682,gate_40,0,False,False
1562008,gate_30,2,False,False
1562138,gate_40,284,True,True
1562186,gate_40,44,True,False
1562393,gate_30,7,True,False
1562612,gate_30,27,False,True
1562628,gate_40,47,False,True
1562661,gate_40,4,True,False
1563007,gate_40,97,False,True
1563099,gate_40,5,False,False
1563310,gate_40,111,True,False
1563450,gate_30,4,False,False
1563456,gate_40,127,True,False
1563533,gate_40,81,True,True
1563976,gate_30,204,True,True
1563996,gate_30,42,False,False
1564345,gate_40,5,False,False
1564377,gate_30,281,False,False
1564483,gate_30,24,False,True
1564495,gate_30,16,True,False
1564527,gate_40,164,True,True
1564924,gate_40,8,True,False
1564987,gate_40,2,False,False
1565017,gate_30,5,True,False
1565274,gate_40,52,False,False
1565348,gate_30,54,True,False
1565399,gate_30,5,False,False
1565457,gate_30,77,True,False
1565460,gate_30,2,False,False
1565608,gate_40,50,True,True
1565824,gate_30,17,True,False
1565836,gate_40,62,False,False
1566097,gate_30,2,False,False
1566118,gate_40,2,False,False
1566152,gate_30,1,False,False
1566156,gate_30,56,True,False
1566193,gate_30,0,False,False
1566505,gate_30,604,True,True
1566531,gate_40,26,True,False
1566720,gate_30,0,False,False
1566731,gate_40,79,True,False
1566792,gate_40,101,True,True
1566889,gate_30,25,False,False
1566938,gate_30,23,False,False
1567003,gate_30,40,True,False
1567104,gate_30,5,True,False
1567235,gate_40,78,True,False
1567341,gate_30,53,True,True
1567657,gate_30,2,False,False
1567743,gate_40,31,True,False
1567766,gate_30,66,True,False
1568050,gate_40,18,False,False
1568443,gate_40,4,False,True
1568618,gate_30,27,True,False
1568645,gate_30,10,True,True
1569095,gate_40,25,False,False
1569131,gate_40,204,False,True
1569493,gate_30,2,False,False
1569586,gate_40,250,True,False
1569590,gate_40,45,False,False
1569884,gate_30,6,False,False
1569961,gate_40,92,True,False
1570122,gate_30,56,True,True
1570389,gate_30,3,False,False
1570443,gate_40,11,True,False
1570792,gate_40,284,True,True
1570795,gate_40,10,False,False
1570893,gate_30,31,True,False
1571084,gate_40,89,True,True
1571252,gate_40,93,True,True
1571269,gate_40,528,True,False
1571278,gate_30,95,False,True
1571376,gate_40,130,False,True
1571506,gate_30,4,False,False
1571591,gate_40,69,True,False
1571803,gate_40,9,True,False
1571810,gate_40,31,True,False
1571839,gate_40,3,False,False
1571846,gate_30,4,False,False
1571878,gate_30,8,False,False
1572102,gate_40,3,False,False
1572170,gate_30,1,False,False
1572325,gate_30,34,True,False
1572383,gate_40,2,False,False
1572411,gate_30,13,False,False
1572469,gate_40,6,False,False
1572592,gate_30,19,True,False
1572743,gate_40,29,True,False
1573018,gate_30,6,False,False
1573063,gate_30,2,False,False
1573064,gate_30,31,True,False
1573240,gate_30,1,False,False
1573300,gate_30,17,False,False
1573305,gate_40,56,True,False
1573353,gate_40,1,False,False
1573361,gate_30,11,True,False
1573510,gate_40,337,True,True
1573599,gate_30,436,True,True
1573613,gate_30,319,True,False
1573809,gate_40,55,True,True
1573823,gate_30,110,True,False
1573979,gate_40,93,True,False
1574070,gate_40,31,True,False
1574187,gate_30,33,True,False
1574541,gate_40,26,False,True
1574670,gate_40,4,True,False
1574684,gate_40,2,False,False
1574707,gate_30,6,False,False
1574767,gate_30,36,True,False
1574808,gate_30,110,True,True
1574831,gate_30,172,True,True
1575055,gate_40,72,False,True
1575111,gate_40,2,False,False
1575276,gate_40,19,True,False
1575528,gate_30,38,True,False
1575529,gate_40,86,True,True
1575954,gate_30,3,False,False
1576244,gate_30,9,False,False
1576751,gate_40,10,False,False
1576952,gate_30,213,False,False
1577236,gate_30,1,False,False
1577340,gate_40,17,True,False
1577363,gate_30,23,True,False
1577376,gate_30,72,True,True
1577388,gate_40,8,False,False
1577492,gate_40,8,False,False
1577572,gate_40,32,False,False
1577580,gate_30,12,False,False
1577896,gate_40,121,True,True
1577902,gate_40,105,True,False
1577903,gate_30,17,False,False
1577908,gate_40,23,False,False
1578429,gate_40,1,False,False
1578456,gate_40,30,True,True
1578480,gate_30,7,False,False
1578489,gate_40,30,True,False
1578511,gate_40,21,True,False
1578616,gate_40,5,False,False
1578938,gate_30,84,False,True
1578970,gate_40,25,True,False
1579181,gate_30,5,False,False
1579293,gate_40,1,False,False
1579320,gate_30,5,False,False
1579334,gate_40,4,False,False
1579349,gate_30,242,True,False
1579425,gate_30,15,True,False
1579619,gate_40,24,True,False
1579627,gate_30,25,False,True
1579850,gate_40,1,False,False
1579945,gate_30,10,False,False
1579997,gate_40,15,False,False
1580030,gate_40,127,True,False
1580168,gate_30,0,False,False
1580257,gate_30,22,True,False
1580273,gate_40,2,False,False
1580426,gate_30,40,True,False
1580433,gate_40,15,False,False
1580458,gate_40,6,True,False
1580837,gate_30,40,True,False
1580955,gate_40,5,False,False
1581022,gate_30,99,True,False
1581225,gate_30,47,True,False
1581256,gate_40,1,False,False
1581388,gate_40,3,False,False
1581431,gate_40,12,False,False
1581467,gate_30,42,True,False
1581503,gate_30,8,False,False
1581688,gate_30,9,False,False
1581731,gate_30,2,False,False
1581760,gate_30,151,True,False
1581829,gate_30,316,True,False
1581907,gate_30,18,False,True
1582082,gate_30,102,True,True
1582472,gate_40,173,True,True
1582486,gate_40,65,False,False
1582634,gate_40,1,False,False
1582812,gate_30,480,True,True
1582835,gate_40,179,True,True
1582915,gate_30,9,False,False
1582933,gate_30,185,True,False
1583006,gate_40,6,True,False
1583054,gate_30,1,False,False
1583419,gate_30,6,False,False
1583514,gate_30,22,False,False
1583622,gate_30,4,False,False
1583703,gate_40,12,True,False
1583706,gate_30,14,False,False
1583963,gate_40,6,False,False
1583966,gate_40,49,True,False
1584150,gate_40,5,False,False
1584313,gate_30,1,False,False
1584419,gate_30,0,False,False
1584528,gate_40,19,True,False
1584942,gate_40,21,False,True
1584945,gate_30,449,True,True
1585076,gate_30,96,True,False
1585099,gate_40,7,False,False
1585186,gate_40,0,False,False
1585206,gate_40,11,True,False
1585207,gate_30,7,False,False
1585299,gate_30,146,True,False
1585331,gate_30,12,False,False
1585387,gate_40,7,False,False
1585434,gate_40,29,True,False
1585505,gate_40,7,False,False
1585678,gate_40,0,False,False
1585741,gate_40,12,False,False
1585746,gate_30,1,False,False
1585819,gate_30,9,False,False
1585844,gate_40,5,False,False
1585973,gate_30,25,False,False
1586024,gate_30,34,True,False
1586034,gate_30,4,True,False
1586157,gate_30,56,False,False
1586274,gate_30,29,False,True
1586502,gate_40,11,True,True
1586596,gate_40,4,True,False
1586606,gate_30,10,False,False
1586632,gate_40,236,True,True
1586777,gate_40,22,True,True
1586953,gate_30,4,False,True
1587019,gate_30,29,True,False
1587186,gate_40,6,False,False
1587411,gate_40,9,True,False
1587430,gate_40,6,False,False
1587471,gate_30,139,True,True
1587609,gate_30,15,False,False
1587789,gate_30,0,False,False
1587891,gate_40,4,False,False
1587921,gate_30,15,False,False
1588060,gate_40,3,False,False
1588123,gate_40,3,False,False
1588129,gate_40,69,True,True
1588177,gate_40,28,True,False
1588207,gate_30,89,True,False
1588433,gate_30,11,False,False
1588723,gate_30,21,False,False
1588811,gate_40,78,True,False
1588840,gate_30,3,False,False
1588964,gate_30,87,True,True
1589006,gate_30,4,False,False
1589052,gate_30,28,False,False
1589126,gate_30,2,False,False
1589589,gate_30,12,True,False
1589831,gate_30,5,False,False
1589837,gate_40,49,False,False
1589953,gate_30,205,True,True
1590118,gate_30,77,True,True
1590176,gate_30,49,True,False
1590404,gate_30,9,False,False
1590622,gate_30,1,False,False
1590635,gate_40,8,False,False
1590699,gate_30,188,True,True
1590859,gate_40,91,True,True
1590873,gate_40,82,True,False
1591317,gate_30,198,True,True
1591588,gate_40,229,False,True
1591802,gate_40,74,True,True
1591868,gate_40,7,False,False
1592076,gate_30,245,True,True
1592194,gate_40,1,False,False
1592304,gate_30,150,True,False
1592315,gate_30,95,True,False
1592388,gate_30,5,True,False
1592474,gate_40,71,True,False
1592516,gate_40,3,False,False
1592751,gate_40,2,False,False
1592915,gate_30,53,False,False
1592966,gate_40,11,True,False
1593138,gate_30,21,False,False
1593200,gate_30,95,True,False
1593332,gate_40,0,False,False
1593488,gate_30,28,True,False
1593514,gate_40,128,True,False
1594002,gate_30,16,False,False
1594094,gate_30,42,True,False
1594197,gate_40,7,False,False
1594403,gate_40,22,True,False
1594410,gate_30,1,False,False
1594552,gate_30,10,False,False
1594635,gate_40,2,False,False
1594640,gate_40,313,True,True
1594710,gate_40,5,True,False
1594785,gate_40,13,True,False
1594906,gate_30,58,True,True
1595027,gate_30,1,False,False
1595039,gate_30,36,True,False
1595298,gate_30,52,True,False
1595302,gate_40,80,True,True
1595360,gate_30,73,False,False
1595594,gate_30,9,False,False
1596068,gate_30,1,False,False
1596261,gate_30,17,False,False
1596351,gate_40,16,True,False
1596551,gate_30,113,True,False
1596628,gate_40,3,True,False
1596764,gate_40,45,True,False
1596871,gate_30,100,True,True
1596872,gate_30,33,False,False
1596902,gate_30,111,True,False
1596952,gate_30,18,True,False
1596995,gate_30,13,False,False
1597204,gate_30,141,True,True
1597291,gate_30,9,False,False
1597383,gate_30,50,True,False
1597501,gate_40,0,False,False
1597564,gate_40,5,True,False
1597930,gate_30,8,False,False
1598046,gate_30,3,False,False
1598091,gate_30,200,True,True
1598122,gate_30,215,True,True
1598456,gate_30,36,True,False
1598486,gate_40,6,False,False
1598525,gate_40,26,False,False
1598548,gate_40,10,False,False
1598639,gate_40,18,False,False
1598676,gate_30,53,True,True
1598728,gate_40,18,True,False
1599045,gate_40,49,True,False
1599193,gate_40,25,True,True
1599264,gate_30,48,True,False
1599346,gate_40,52,False,True
1599498,gate_30,19,True,False
1599501,gate_30,30,False,False
1599612,gate_30,2,False,False
1599701,gate_30,33,True,False
1600007,gate_30,338,False,False
1600263,gate_30,12,True,True
1600539,gate_40,2,False,False
1600572,gate_30,68,True,True
1600841,gate_40,18,False,False
1600861,gate_40,38,True,False
1600982,gate_30,19,False,False
1601080,gate_40,8,False,False
1601213,gate_40,33,False,False
1601219,gate_30,23,False,False
1601540,gate_40,21,False,False
1601553,gate_40,5,False,False
1601780,gate_30,75,True,False
1601911,gate_30,8,False,False
1602027,gate_40,4,False,False
1602266,gate_40,8,False,False
1602405,gate_40,7,False,False
1602408,gate_30,24,True,False
1602430,gate_30,11,False,False
1602521,gate_40,56,True,False
1602588,gate_40,4,False,False
1602640,gate_40,12,False,False
1602747,gate_30,17,False,False
1602933,gate_40,9,False,False
1602986,gate_40,14,False,False
1603207,gate_40,96,True,True
1603493,gate_30,11,False,False
1603650,gate_40,28,True,False
1603864,gate_30,6,False,False
1604053,gate_30,36,True,False
1604065,gate_40,6,False,False
1604248,gate_30,69,True,False
1604250,gate_40,336,True,True
1604296,gate_30,60,True,True
1604425,gate_30,5,False,False
1604748,gate_30,5,False,False
1604854,gate_40,118,True,True
1604909,gate_40,11,True,False
1605267,gate_30,272,True,True
1605372,gate_40,15,False,True
1605383,gate_30,6,False,False
1605559,gate_40,14,False,False
1605575,gate_30,47,True,False
1605585,gate_40,1,False,False
1605841,gate_30,1,False,False
1605876,gate_40,9,False,False
1606123,gate_30,37,True,True
1606174,gate_30,2,False,False
1606314,gate_30,89,True,True
1606347,gate_40,34,True,True
1606350,gate_30,43,False,True
1606559,gate_30,0,False,False
1606590,gate_40,90,True,False
1606650,gate_40,47,True,True
1606663,gate_40,4,False,False
1606927,gate_30,21,False,True
1607114,gate_30,60,True,False
1607130,gate_30,61,True,True
1607238,gate_40,6,False,False
1607309,gate_40,43,True,False
1607422,gate_30,53,True,False
1607694,gate_30,2,False,False
1607961,gate_30,14,True,False
1608149,gate_40,120,True,True
1608172,gate_40,117,True,True
1608350,gate_30,27,False,False
1608469,gate_30,26,False,False
1608585,gate_40,5,False,False
1608636,gate_40,116,True,True
1608667,gate_30,4,False,False
1608740,gate_30,41,False,False
1608741,gate_40,9,True,False
1608880,gate_30,2,False,False
1609062,gate_40,29,True,False
1609079,gate_40,11,False,False
1609291,gate_40,7,True,False
1609361,gate_30,1,False,False
1609420,gate_30,74,False,False
1609423,gate_40,15,True,False
1609457,gate_30,101,True,False
1609620,gate_40,28,True,False
1609638,gate_30,42,True,True
1609710,gate_30,0,False,False
1609845,gate_30,22,True,False
1610261,gate_40,114,True,True
1610484,gate_30,4,False,False
1610531,gate_40,26,True,False
1610555,gate_30,24,True,False
1610560,gate_30,51,True,False
1610640,gate_30,5,False,False
1610657,gate_40,3,False,False
1610664,gate_40,28,True,True
1610884,gate_40,29,False,False
1610977,gate_40,1,False,False
1611119,gate_40,11,True,False
1611218,gate_40,101,False,False
1611239,gate_40,26,True,False
1611293,gate_30,10,True,False
1611348,gate_30,1,False,False
1611462,gate_30,21,True,False
1611538,gate_30,38,True,True
1611668,gate_30,98,True,True
1611673,gate_30,1,False,False
1611737,gate_40,31,True,False
1611810,gate_30,9,False,False
1612122,gate_30,69,True,False
1612155,gate_40,312,True,True
1612337,gate_40,10,True,False
1612367,gate_40,71,False,True
1612394,gate_30,11,True,False
1612463,gate_40,91,True,True
1612664,gate_30,147,True,False
1612884,gate_40,11,True,False
1613020,gate_40,1,False,False
1613157,gate_30,21,False,False
1613411,gate_30,11,False,False
1613414,gate_40,16,True,False
1613738,gate_30,1,False,False
1613969,gate_40,30,True,False
1614046,gate_40,3,False,False
1614094,gate_30,30,False,False
1614280,gate_30,63,True,False
1614330,gate_40,17,False,False
1614550,gate_40,115,True,False
1614562,gate_40,15,True,False
1615020,gate_40,32,True,False
1615144,gate_30,55,True,False
1615155,gate_30,15,False,False
1615225,gate_30,37,True,False
1615263,gate_40,19,False,False
1615404,gate_30,18,False,False
1615421,gate_40,9,False,False
1615492,gate_30,57,True,False
1615503,gate_40,7,True,False
1615810,gate_30,10,False,False
1615861,gate_40,84,True,False
1616023,gate_30,4,False,False
1616027,gate_30,17,False,True
1616030,gate_30,19,False,False
1616149,gate_40,6,True,False
1616555,gate_40,63,False,False
1616628,gate_30,3,False,False
1616977,gate_40,22,False,False
1617734,gate_40,60,True,True
1617803,gate_40,12,True,False
1617852,gate_40,3,False,False
1618031,gate_40,22,False,False
1618032,gate_30,3,False,False
1618246,gate_30,4,False,False
1618295,gate_40,51,True,False
1618362,gate_30,16,True,False
1618379,gate_30,36,False,False
1618570,gate_40,14,False,False
1618744,gate_30,2,False,False
1618957,gate_40,31,False,False
1618958,gate_40,3,False,False
1619254,gate_40,67,True,False
1619384,gate_30,5,False,False
1619433,gate_30,4,False,False
1619511,gate_30,7,True,False
1619667,gate_40,39,True,True
1619745,gate_30,8,False,False
1619787,gate_30,10,True,False
1619819,gate_40,0,False,False
1620154,gate_30,11,False,False
1620202,gate_40,247,True,True
1620265,gate_40,7,False,False
1620347,gate_30,10,False,False
1620542,gate_40,13,False,False
1620547,gate_40,66,False,False
1620621,gate_40,11,False,False
1620689,gate_40,72,False,True
1620788,gate_40,285,True,True
1620821,gate_40,19,False,False
1620904,gate_30,92,True,False
1620919,gate_40,0,False,False
1621018,gate_30,9,False,False
1621020,gate_40,13,False,False
1621049,gate_40,21,False,True
1621132,gate_40,6,False,False
1621259,gate_30,76,True,True
1621378,gate_30,20,True,False
1621651,gate_40,15,True,True
1621728,gate_30,45,True,False
1621989,gate_40,55,True,False
1622160,gate_40,6,False,False
1622288,gate_40,126,True,False
1622294,gate_30,87,True,False
1622562,gate_30,0,False,False
1622568,gate_40,34,False,False
1622695,gate_30,5,False,False
1622779,gate_30,2,False,False
1622801,gate_40,4,False,False
1623003,gate_30,2,False,False
1623111,gate_40,7,False,False
1623234,gate_40,662,True,True
1623382,gate_40,48,True,False
1623463,gate_30,7,False,False
1623600,gate_40,12,True,False
1623725,gate_40,36,False,True
1623784,gate_30,143,True,True
1623795,gate_30,5,False,False
1623865,gate_30,296,False,False
1623884,gate_40,3,False,False
1623892,gate_30,2,False,False
1624166,gate_30,23,False,False
1624680,gate_30,17,False,False
1624683,gate_40,0,False,False
1624689,gate_30,195,True,True
1624701,gate_30,153,True,True
1624851,gate_40,2,False,False
1625192,gate_30,260,True,True
1625195,gate_30,99,True,True
1625307,gate_40,30,False,False
1625334,gate_40,7,False,False
1625450,gate_30,69,True,True
1625516,gate_40,66,False,False
1625768,gate_30,70,True,True
1625820,gate_30,9,False,False
1625827,gate_30,0,False,False
1626074,gate_30,8,False,False
1626379,gate_30,9,False,False
1626461,gate_30,308,True,True
1626701,gate_30,7,False,False
1626703,gate_40,157,True,True
1626841,gate_40,87,True,False
1626914,gate_30,12,False,False
1627225,gate_40,0,False,False
1627432,gate_30,3,False,False
1627518,gate_40,9,True,False
1627628,gate_30,2,False,False
1627641,gate_30,7,False,False
1627733,gate_40,119,True,False
1627948,gate_30,86,True,False
1628148,gate_40,4,False,False
1628186,gate_40,4,False,False
1628535,gate_40,0,False,False
1628779,gate_40,13,False,False
1628780,gate_30,23,False,False
1628796,gate_40,7,False,False
1628808,gate_40,22,True,False
1628814,gate_40,474,True,True
1628986,gate_40,403,True,True
1629028,gate_40,30,True,False
1629058,gate_40,40,True,False
1629371,gate_40,16,False,False
1629398,gate_40,1,False,False
1629452,gate_40,1,False,False
1629582,gate_30,52,True,False
1629686,gate_40,24,True,False
1629695,gate_40,59,True,False
1629930,gate_40,200,True,False
1630272,gate_40,1,False,False
1630296,gate_30,37,True,False
1630340,gate_30,16,True,True
1630478,gate_30,121,True,False
1630517,gate_40,1,False,False
1630605,gate_40,12,False,False
1630637,gate_40,60,True,False
1630697,gate_30,31,True,False
1630922,gate_40,6,True,False
1631010,gate_40,11,True,False
1631068,gate_40,7,False,False
1631105,gate_30,67,True,False
1631148,gate_40,3,False,False
1631562,gate_30,26,True,False
1631670,gate_40,1,False,False
1631687,gate_40,16,False,False
1631714,gate_30,38,False,True
1631732,gate_40,339,True,True
1631791,gate_40,55,True,True
1632095,gate_40,215,True,True
1632305,gate_30,41,True,False
1632313,gate_30,61,False,True
1632503,gate_30,58,True,False
1632621,gate_40,6,True,False
1632739,gate_40,11,False,False
1632893,gate_40,140,True,True
1633046,gate_30,9,False,False
1633071,gate_30,24,True,False
1633246,gate_40,26,False,False
1633369,gate_30,43,True,False
1633421,gate_30,59,True,False
1633663,gate_30,43,False,False
1633695,gate_40,12,False,False
1633711,gate_30,110,True,True
1633791,gate_40,12,True,False
1633802,gate_30,1,False,False
1633975,gate_40,102,True,False
1634546,gate_40,16,False,False
1634889,gate_30,1,False,False
1635002,gate_40,112,True,True
1635289,gate_40,1,False,False
1635316,gate_40,2,False,False
1635406,gate_30,4,False,False
1635588,gate_30,21,True,False
1635618,gate_30,170,True,True
1635662,gate_40,62,True,False
1635680,gate_30,1,False,False
1635895,gate_40,89,True,True
1635960,gate_30,13,False,False
1636225,gate_40,11,False,False
1636299,gate_30,0,False,False
1636310,gate_40,2,False,False
1636324,gate_40,10,True,False
1636330,gate_30,96,True,True
1636474,gate_40,8,True,False
1636627,gate_30,29,False,False
1636721,gate_30,5,False,False
1636832,gate_30,14,True,False
1636935,gate_40,16,False,True
1637008,gate_40,399,True,True
1637062,gate_40,7,False,False
1637149,gate_30,9,False,False
1637193,gate_30,0,False,False
1637231,gate_40,93,False,False
1637277,gate_40,95,True,True
1637318,gate_30,25,False,False
1637353,gate_30,7,False,False
1637357,gate_40,5,False,False
1637624,gate_40,86,True,False
1637627,gate_30,8,False,False
1637693,gate_30,0,False,False
1637838,gate_40,15,True,False
1637865,gate_40,31,True,False
1637926,gate_40,36,True,False
1638049,gate_40,127,True,False
1638167,gate_40,121,True,False
1638246,gate_30,4,False,False
1638294,gate_30,3,False,False
1638347,gate_30,19,False,False
1638516,gate_40,16,False,False
1638552,gate_40,6,False,False
1638615,gate_30,267,True,False
1638657,gate_40,11,False,False
1638670,gate_30,4,False,False
1638748,gate_40,38,False,False
1638846,gate_30,301,True,True
1638865,gate_40,2,False,False
1638979,gate_40,108,True,False
1639107,gate_40,7,False,False
1639377,gate_40,14,True,False
1639409,gate_30,83,True,True
1640012,gate_30,37,True,False
1640066,gate_40,491,True,True
1640131,gate_30,5,False,False
1640181,gate_30,205,True,True
1640348,gate_30,13,True,True
1640372,gate_30,0,False,False
1640445,gate_30,12,False,False
1640593,gate_40,1,False,False
1640632,gate_40,1,False,True
1640637,gate_30,11,False,False
1640644,gate_40,4,False,False
1641136,gate_40,6,False,False
1641185,gate_40,5,True,False
1641205,gate_30,7,False,False
1641213,gate_30,20,False,False
1641306,gate_30,62,True,False
1641379,gate_40,17,True,False
1641398,gate_40,1,False,False
1641432,gate_40,39,True,False
1641566,gate_40,9,False,False
1641682,gate_30,0,False,False
1641786,gate_40,1,False,False
1641953,gate_30,12,True,False
1642075,gate_30,7,False,False
1642129,gate_30,5,False,False
1642167,gate_40,6,False,False
1642198,gate_40,14,False,True
1642246,gate_40,316,False,True
1642502,gate_40,7,False,False
1642563,gate_30,96,False,True
1642847,gate_40,1,False,False
1642976,gate_40,10,True,False
1643119,gate_30,9,False,False
1643142,gate_30,6,False,False
1643227,gate_40,16,True,False
1643339,gate_30,3,False,False
1643344,gate_40,7,False,False
1643906,gate_30,34,True,False
1643924,gate_40,2,False,False
1643964,gate_40,106,True,True
1643998,gate_30,30,True,False
1644199,gate_30,62,True,False
1644294,gate_40,11,True,False
1644372,gate_30,97,True,True
1644499,gate_40,1,False,False
1644532,gate_40,3,False,False
1644581,gate_30,2,False,False
1644607,gate_40,17,False,False
1644613,gate_30,20,False,False
1644813,gate_30,69,False,False
1644847,gate_30,147,True,True
1644978,gate_40,3,False,False
1645084,gate_40,41,True,False
1645227,gate_30,11,True,False
1645246,gate_40,1,False,False
1645301,gate_30,0,False,False
1645383,gate_30,25,True,False
1645625,gate_40,7,True,False
1645707,gate_30,12,False,False
1645779,gate_30,8,False,False
1645825,gate_30,315,True,True
1645890,gate_40,103,True,False
1646105,gate_40,105,True,True
1646146,gate_40,45,True,False
1646287,gate_40,22,True,False
1646351,gate_30,2,False,False
1646539,gate_30,18,True,False
1646564,gate_30,17,True,False
1646638,gate_40,46,True,False
1646847,gate_40,26,False,False
1647172,gate_30,95,True,False
1647350,gate_40,21,False,False
1647379,gate_30,307,True,True
1647566,gate_40,368,False,True
1647765,gate_40,63,True,False
1647835,gate_40,83,True,True
1647908,gate_40,102,True,True
1647916,gate_30,131,True,False
1648366,gate_40,495,True,False
1648481,gate_30,13,False,False
1648553,gate_30,232,True,True
1648587,gate_30,2,False,False
1648619,gate_30,33,True,False
1648871,gate_30,19,True,False
1649037,gate_30,29,True,False
1649159,gate_40,1,False,False
1649166,gate_30,23,False,False
1649350,gate_40,5,True,False
1649417,gate_40,0,False,False
1649575,gate_30,3,False,False
1649782,gate_40,40,True,True
1649791,gate_40,31,False,False
1649857,gate_40,41,True,False
1650003,gate_40,52,True,False
1650033,gate_30,10,False,False
1650105,gate_40,1,False,False
1650124,gate_30,46,True,False
1650177,gate_40,5,False,False
1650376,gate_40,21,True,False
1650455,gate_40,51,True,True
1650503,gate_30,2,False,False
1650554,gate_30,24,False,False
1650586,gate_30,22,True,False
1650630,gate_40,205,True,True
1650635,gate_30,166,True,False
1650653,gate_30,3,False,False
1650873,gate_30,77,True,False
1650923,gate_40,4,False,False
1650940,gate_40,56,True,True
1651375,gate_40,1,False,False
1651506,gate_30,28,True,False
1651605,gate_40,4,False,False
1651616,gate_30,11,False,False
1651658,gate_40,5,False,False
1651661,gate_40,41,True,False
1651671,gate_30,19,False,True
1651696,gate_40,84,True,True
1652416,gate_40,22,False,False
1652549,gate_30,3,False,False
1652596,gate_40,63,False,False
1652885,gate_30,1,False,False
1652996,gate_40,65,True,True
1653030,gate_40,1,False,False
1653157,gate_40,9,False,False
1653522,gate_30,9,False,False
1653717,gate_30,9,False,False
1653889,gate_40,84,True,True
1654175,gate_40,11,False,False
1654255,gate_30,55,True,False
1654260,gate_30,16,False,False
1654370,gate_30,2,False,False
1654452,gate_40,11,False,False
1654453,gate_30,28,False,False
1654512,gate_40,6,True,False
1654555,gate_40,293,True,True
1654651,gate_40,144,False,True
1654669,gate_30,10,False,False
1654714,gate_40,126,True,False
1654720,gate_40,0,False,False
1654773,gate_40,115,True,True
1654927,gate_40,26,False,False
1654979,gate_40,5,False,False
1655048,gate_40,1,False,False
1655135,gate_40,5,False,False
1655335,gate_40,230,True,False
1655531,gate_40,52,True,False
1655607,gate_30,28,True,False
1655636,gate_40,36,False,False
1655657,gate_40,2,False,False
1655705,gate_30,12,False,False
1655746,gate_30,5,False,False
1656050,gate_40,0,False,False
1656056,gate_30,2,False,False
1656093,gate_30,24,True,False
1656114,gate_30,2,False,False
1656194,gate_30,36,False,False
1656260,gate_30,13,True,False
1656308,gate_30,46,True,False
1656790,gate_30,23,False,False
1656811,gate_40,3,False,False
1657200,gate_40,0,False,False
1657212,gate_40,3,False,False
1657296,gate_30,6,False,False
1657300,gate_30,0,False,False
1657478,gate_40,15,False,False
1657614,gate_30,150,True,True
1657635,gate_30,126,True,True
1657691,gate_30,2,False,False
1657962,gate_30,3,False,False
1658016,gate_40,19,True,False
1658120,gate_40,8,False,True
1658226,gate_40,0,False,False
1658317,gate_40,104,False,True
1658408,gate_30,32,False,False
1658465,gate_30,2,False,False
1658629,gate_30,0,False,False
1659226,gate_40,153,True,False
1659254,gate_30,68,False,False
1659255,gate_30,53,True,False
1659394,gate_40,12,False,False
1659456,gate_40,128,True,False
1659557,gate_40,37,True,False
1659589,gate_30,1,False,False
1659614,gate_40,77,True,False
1659674,gate_40,32,True,False
1659898,gate_40,54,True,False
1659970,gate_30,33,True,True
1660078,gate_30,59,True,False
1660148,gate_30,8,False,False
1660178,gate_30,46,True,True
1660211,gate_40,1,False,False
1660346,gate_40,253,False,True
1660385,gate_30,18,False,False
1660531,gate_30,36,True,False
1660539,gate_30,359,True,False
1660567,gate_30,1,False,False
1660701,gate_40,23,True,False
1660759,gate_30,274,True,True
1660796,gate_30,12,False,False
1660821,gate_30,6,False,False
1660931,gate_40,151,True,True
1660997,gate_30,22,True,True
1661368,gate_30,16,True,False
1661674,gate_30,37,False,False
1661686,gate_40,29,True,False
1661720,gate_40,91,True,False
1661756,gate_30,1,False,False
1661788,gate_40,2,False,False
1661891,gate_40,8,True,False
1661950,gate_40,399,True,True
1661970,gate_30,58,True,False
1662071,gate_30,8,True,False
1662195,gate_30,0,False,False
1662218,gate_40,5,False,False
1662346,gate_40,1,False,False
1662461,gate_40,331,True,False
1662467,gate_30,5,False,False
1662659,gate_40,21,False,False
1662680,gate_40,1,False,False
1662779,gate_30,26,False,False
1662982,gate_40,40,False,False
1663037,gate_30,95,True,True
1663174,gate_40,0,False,False
1663190,gate_30,13,False,False
1663197,gate_40,28,True,False
1663233,gate_40,225,True,True
1663243,gate_30,140,True,True
1663272,gate_40,251,True,False
1663512,gate_40,3,False,False
1663530,gate_30,11,False,False
1663596,gate_30,0,False,False
1663874,gate_40,39,True,False
1663879,gate_40,15,True,False
1663931,gate_30,2,False,False
1664010,gate_30,2,False,False
1664025,gate_30,36,True,False
1664028,gate_40,4,False,False
1664191,gate_40,16,False,True
1664309,gate_30,7,True,False
1664357,gate_30,3,False,False
1664413,gate_40,22,False,False
1664540,gate_30,19,True,False
1664541,gate_30,8,True,False
1664641,gate_40,5,False,False
1664652,gate_30,32,True,False
1664664,gate_40,24,True,False
1664682,gate_30,23,True,False
1664695,gate_40,1,False,False
1664779,gate_30,41,True,False
1664788,gate_30,95,True,True
1665052,gate_30,23,True,False
1665192,gate_40,3,False,False
1665405,gate_30,3,False,False
1665455,gate_40,2,False,False
1665600,gate_30,7,False,False
1665631,gate_40,22,True,False
1665722,gate_40,1,False,False
1665810,gate_40,65,False,False
1665912,gate_40,28,True,False
1665930,gate_40,0,False,False
1665945,gate_40,2,False,False
1665966,gate_40,41,True,True
1665969,gate_30,33,True,False
1666241,gate_40,0,False,False
1666305,gate_30,3,False,False
1666379,gate_30,3,False,False
1666420,gate_30,24,True,False
1666449,gate_40,95,False,True
1666499,gate_40,15,False,False
1666599,gate_30,33,True,False
1666907,gate_30,20,True,False
1667157,gate_40,25,True,False
1667375,gate_30,43,True,False
1667423,gate_30,14,False,False
1667447,gate_30,36,False,False
1667596,gate_30,11,False,False
1667708,gate_40,0,False,False
1667734,gate_30,70,True,False
1667871,gate_40,42,False,False
1667937,gate_30,10,False,False
1667986,gate_40,2,False,False
1668019,gate_30,0,False,False
1668066,gate_40,1,False,True
1668232,gate_30,15,True,False
1668259,gate_30,33,True,False
1668504,gate_30,0,False,False
1668546,gate_30,34,False,True
1668551,gate_30,23,True,False
1668563,gate_40,13,False,False
1668574,gate_40,12,False,False
1668701,gate_30,311,False,True
1668814,gate_30,32,True,False
1668927,gate_40,2,False,False
1669042,gate_40,412,True,True
1669199,gate_40,45,False,True
1669400,gate_30,19,True,False
1669509,gate_30,68,False,False
1669532,gate_40,11,True,False
1669647,gate_30,6,False,False
1669747,gate_30,465,True,True
1669888,gate_30,114,True,False
1670044,gate_30,13,False,False
1670225,gate_30,21,True,False
1670311,gate_30,36,False,False
1670415,gate_40,291,True,True
1670545,gate_30,98,True,False
1670638,gate_30,101,True,True
1670881,gate_30,2,False,False
1671177,gate_30,37,True,False
1671209,gate_40,15,True,False
1671259,gate_30,6,False,False
1671283,gate_40,24,False,False
1671328,gate_30,36,True,False
1671405,gate_40,41,True,False
1671524,gate_40,19,False,False
1671525,gate_30,488,True,True
1671587,gate_30,35,True,False
1671602,gate_30,24,False,False
1671746,gate_30,69,True,False
1671774,gate_40,0,False,False
1671983,gate_30,8,False,True
1672017,gate_30,43,False,False
1672088,gate_30,162,False,True
1672148,gate_30,43,True,False
1672349,gate_30,5,False,False
1672354,gate_40,94,True,True
1672371,gate_30,10,False,False
1672693,gate_40,12,False,False
1672726,gate_30,10,False,False
1672796,gate_30,63,True,True
1673226,gate_30,4,False,False
1673275,gate_40,17,False,False
1673727,gate_30,112,True,False
1674058,gate_40,98,False,False
1674295,gate_30,372,True,True
1674318,gate_40,46,False,False
1674460,gate_30,237,True,True
1674968,gate_40,1,False,False
1675026,gate_30,36,True,True
1675064,gate_30,10,False,False
1675160,gate_30,12,False,False
1675253,gate_40,30,False,True
1675387,gate_40,30,False,True
1675580,gate_30,64,True,False
1675620,gate_40,18,False,False
1675845,gate_40,90,True,False
1675932,gate_30,4,False,False
1675954,gate_40,73,False,True
1676080,gate_30,62,False,False
1676158,gate_30,96,True,True
1676330,gate_40,58,True,False
1676373,gate_30,1,False,False
1676570,gate_30,19,True,True
1676579,gate_40,55,True,False
1676680,gate_40,7,False,False
1676774,gate_30,188,False,True
1676821,gate_40,3,False,False
1676863,gate_30,8,False,False
1677148,gate_40,72,True,True
1677242,gate_40,9,False,False
1677248,gate_40,64,True,True
1677330,gate_30,28,True,False
1677525,gate_30,1,False,False
1677612,gate_40,49,True,True
1677660,gate_30,7,False,False
1677674,gate_30,115,True,False
1677718,gate_30,0,False,False
1677818,gate_40,17,False,False
1677924,gate_30,6,False,False
1677926,gate_30,3,False,False
1677992,gate_40,59,False,False
1678007,gate_30,0,False,False
1678105,gate_40,1,False,False
1678236,gate_30,12,False,False
1678361,gate_40,5,False,False
1678657,gate_40,8,False,False
1678906,gate_40,3,False,False
1678921,gate_40,25,False,False
1679014,gate_30,38,True,False
1679158,gate_40,110,False,False
1679182,gate_30,1,False,False
1679257,gate_30,2,False,False
1679261,gate_40,15,False,True
1679352,gate_40,4,False,False
1679437,gate_30,1,False,False
1679448,gate_40,4,False,False
1679476,gate_40,10,False,False
1679566,gate_40,8,False,False
1679904,gate_40,8,False,False
1679916,gate_30,13,False,False
1680090,gate_30,7,False,False
1680399,gate_40,291,True,True
1680491,gate_40,160,True,True
1681200,gate_40,51,True,True
1681223,gate_40,7,False,False
1681253,gate_30,10,True,False
1681276,gate_30,1,False,False
1681303,gate_40,13,False,False
1681358,gate_30,195,True,True
1681476,gate_40,164,True,True
1681664,gate_40,358,True,True
1681813,gate_30,0,False,False
1681921,gate_30,6,False,False
1682032,gate_40,31,True,False
1682051,gate_30,4,False,False
1682097,gate_30,23,True,False
1682136,gate_30,19,False,False
1682200,gate_40,15,True,False
1682306,gate_40,18,False,False
1682430,gate_30,3,False,False
1682593,gate_40,1,False,False
1682806,gate_30,53,True,False
1682864,gate_30,67,True,True
1683189,gate_40,3,False,False
1683235,gate_30,63,False,True
1683250,gate_30,2,False,False
1683433,gate_40,170,True,True
1683451,gate_40,6,False,False
1683483,gate_40,2,False,True
1683560,gate_40,6,False,False
1683768,gate_30,67,True,False
1684126,gate_30,0,False,False
1684227,gate_30,43,True,False
1684252,gate_30,11,False,False
1684528,gate_30,32,True,False
1684645,gate_40,488,True,False
1684696,gate_30,3,False,False
1685233,gate_40,197,True,True
1685241,gate_40,82,True,True
1685263,gate_40,155,True,True
1685477,gate_40,7,False,False
1685539,gate_40,1,False,False
1685690,gate_30,3,False,False
1685701,gate_30,79,False,True
1685794,gate_40,5,False,False
1685855,gate_30,4,False,False
1685942,gate_30,34,False,False
1686082,gate_30,16,False,False
1686123,gate_30,11,False,False
1686207,gate_30,10,False,False
1686292,gate_40,1,False,False
1686494,gate_30,5,False,False
1686608,gate_30,31,False,False
1686632,gate_40,78,False,False
1686744,gate_40,140,True,True
1686899,gate_40,3,False,False
1687070,gate_40,2,False,False
1687198,gate_40,226,True,True
1687706,gate_30,1,False,False
1687910,gate_30,16,False,False
1688108,gate_30,1,False,False
1688199,gate_30,57,False,False
1688549,gate_30,5,True,False
1689012,gate_40,93,True,False
1689333,gate_40,5,False,False
1689419,gate_40,186,True,True
1689509,gate_30,30,True,True
1689532,gate_30,246,True,True
1689542,gate_30,8,False,False
1689633,gate_40,14,True,False
1689641,gate_40,15,False,False
1689643,gate_30,59,True,True
1689683,gate_30,4,False,False
1689776,gate_40,6,False,False
1689809,gate_30,159,True,True
1689905,gate_40,140,True,False
1689971,gate_40,3,False,False
1690048,gate_40,5,False,False
1690117,gate_30,73,True,False
1690200,gate_30,9,False,False
1690251,gate_30,4,False,False
1690261,gate_40,21,False,False
1690285,gate_30,23,True,False
1690390,gate_30,2,False,False
1690467,gate_40,6,False,False
1690501,gate_40,0,False,False
1690672,gate_40,0,False,False
1690748,gate_40,2,False,False
1690802,gate_30,24,True,False
1690834,gate_30,12,False,False
1690898,gate_40,190,True,True
1691181,gate_40,168,True,False
1691313,gate_30,59,False,False
1691352,gate_30,21,True,False
1691609,gate_40,14,True,False
1691648,gate_30,43,True,False
1691687,gate_30,4,False,False
1691774,gate_30,7,False,False
1691803,gate_30,29,True,False
1691991,gate_40,8,True,False
1692080,gate_30,7,True,False
1692147,gate_40,154,True,True
1692349,gate_30,0,False,False
1692691,gate_40,2,False,False
1692790,gate_30,168,True,True
1692802,gate_30,34,False,True
1692903,gate_40,8,False,False
1693107,gate_40,35,True,False
1693340,gate_40,3,False,False
1693407,gate_30,7,False,False
1693449,gate_40,11,False,False
1694317,gate_30,38,True,False
1694339,gate_40,27,True,False
1694499,gate_40,8,False,False
1694627,gate_30,1,False,False
1694686,gate_30,45,True,False
1694821,gate_30,32,True,False
1695058,gate_40,1,False,False
1695305,gate_30,6,False,False
1695365,gate_40,33,False,False
1695374,gate_30,4,False,False
1695463,gate_30,52,True,False
1695959,gate_30,20,False,False
1696105,gate_30,380,True,False
1696165,gate_40,10,True,False
1696235,gate_40,21,False,False
1696301,gate_40,233,True,True
1696361,gate_30,3,False,False
1696432,gate_40,3,False,False
1696445,gate_40,92,False,True
1696785,gate_40,59,True,False
1696797,gate_30,56,True,False
1696839,gate_30,2,False,False
1696963,gate_40,194,True,True
1697085,gate_40,14,False,False
1697184,gate_40,8,True,False
1697532,gate_30,574,True,True
1697718,gate_40,54,False,True
1697740,gate_30,27,True,False
1698138,gate_40,10,True,False
1698285,gate_30,18,False,False
1698475,gate_40,82,False,False
1698483,gate_30,1,False,False
1698682,gate_40,2,False,False
1698704,gate_40,2,False,False
1698724,gate_40,12,False,False
1698736,gate_30,1,False,False
1698780,gate_30,3,False,False
1698871,gate_30,602,True,True
1699197,gate_40,36,False,True
1699261,gate_40,1,False,False
1699420,gate_30,1,False,False
1699837,gate_30,20,True,False
1699841,gate_40,22,True,False
1699858,gate_40,45,True,False
1699942,gate_40,16,False,True
1700186,gate_30,18,True,False
1700373,gate_40,6,False,False
1700702,gate_30,14,False,True
1700906,gate_40,1,False,False
1700964,gate_40,2,False,False
1701080,gate_40,4,False,False
1701135,gate_40,7,False,False
1701210,gate_30,221,True,True
1701256,gate_30,10,False,False
1701578,gate_40,12,False,False
1701613,gate_40,17,False,False
1701637,gate_30,2,False,False
1701831,gate_30,11,False,False
1701832,gate_40,1,False,False
1701861,gate_30,696,True,True
1701871,gate_30,82,True,True
1701977,gate_40,175,True,True
1702016,gate_30,215,True,True
1702025,gate_40,28,False,False
1702198,gate_30,46,False,False
1702241,gate_30,4,False,False
1702373,gate_40,19,True,False
1702495,gate_40,2,False,False
1702610,gate_30,16,True,False
1702656,gate_40,124,True,False
1702706,gate_30,109,True,True
1702757,gate_30,175,True,True
1702914,gate_40,18,True,False
1702941,gate_30,23,True,False
1702994,gate_30,3,False,False
1703297,gate_40,27,True,False
1703365,gate_40,20,False,True
1703442,gate_40,57,True,True
1703477,gate_30,18,False,False
1703551,gate_30,25,True,False
1703634,gate_30,2,False,False
1703711,gate_40,53,True,False
1703952,gate_40,0,False,False
1704458,gate_30,92,True,True
1704504,gate_40,49,False,False
1704537,gate_30,1,False,False
1704623,gate_40,72,True,False
1704662,gate_30,16,False,False
1704694,gate_30,23,True,False
1704699,gate_30,4,False,False
1704796,gate_40,11,True,False
1704929,gate_30,16,True,False
1704951,gate_40,3,False,False
1705060,gate_30,29,False,False
1705103,gate_30,8,False,False
1705165,gate_30,1,False,False
1705221,gate_30,15,False,False
1705496,gate_40,114,True,True
1705517,gate_30,2,False,False
1705562,gate_30,8,False,False
1705672,gate_40,42,False,False
1705777,gate_30,121,True,False
1705807,gate_30,5,False,False
1705833,gate_30,20,False,True
1705861,gate_30,82,True,True
1705905,gate_30,16,True,False
1705945,gate_40,2,False,False
1705981,gate_30,84,True,False
1706010,gate_40,45,True,False
1706454,gate_30,94,True,False
1706523,gate_30,7,False,False
1706676,gate_30,2,False,False
1706690,gate_30,2,False,False
1706699,gate_30,3,False,False
1706888,gate_40,2,False,False
1706973,gate_40,45,True,False
1707192,gate_30,27,False,False
1707196,gate_30,15,True,False
1707242,gate_30,8,False,False
1707384,gate_40,8,False,False
1707454,gate_40,5,False,False
1707476,gate_40,9,True,False
1707568,gate_30,255,True,False
1707809,gate_40,73,True,False
1707932,gate_40,12,False,False
1708007,gate_40,16,False,False
1708096,gate_30,17,False,False
1708226,gate_40,23,False,True
1708234,gate_30,89,True,False
1708586,gate_30,153,False,True
1708647,gate_40,17,True,False
1709020,gate_30,38,True,False
1709090,gate_30,87,True,True
1709771,gate_30,114,True,True
1709773,gate_40,24,True,False
1709830,gate_30,8,True,False
1710051,gate_30,17,False,False
1710172,gate_30,6,False,False
1710276,gate_30,25,True,False
1710329,gate_40,503,True,True
1710365,gate_30,8,False,False
1710368,gate_40,303,True,False
1710391,gate_40,27,True,False
1710924,gate_30,84,True,True
1711136,gate_40,20,False,False
1711382,gate_40,0,False,False
1711453,gate_30,87,False,True
1711472,gate_40,23,True,False
1711502,gate_30,49,True,False
1711552,gate_30,2,False,False
1711558,gate_40,158,True,True
1711566,gate_30,12,False,False
1711607,gate_30,7,False,False
1711794,gate_40,111,True,True
1712065,gate_30,7,False,False
1712300,gate_40,56,True,False
1712406,gate_30,2,False,False
1712558,gate_40,4,False,False
1712646,gate_40,22,False,False
1712683,gate_40,0,False,False
1712750,gate_30,1,False,False
1712808,gate_40,0,False,False
1712810,gate_40,52,True,False
1712846,gate_30,11,False,False
1712938,gate_30,9,False,False
1712960,gate_40,69,True,False
1713001,gate_40,33,True,False
1713138,gate_30,0,False,False
1713188,gate_40,16,True,False
1713248,gate_40,20,True,False
1713340,gate_30,93,False,False
1713342,gate_40,7,False,False
1713362,gate_30,77,False,False
1713457,gate_40,39,True,False
1713601,gate_30,11,False,False
1713640,gate_40,397,True,True
1713735,gate_40,164,True,False
1713846,gate_30,125,True,True
1713929,gate_30,6,False,False
1714305,gate_30,22,True,False
1714342,gate_40,2,False,False
1714385,gate_30,41,True,True
1714548,gate_40,40,False,False
1714578,gate_30,51,True,True
1714626,gate_40,419,False,True
1714732,gate_30,38,True,True
1714764,gate_40,5,False,False
1714824,gate_40,50,False,False
1714964,gate_30,4,False,False
1715036,gate_30,0,False,False
1715093,gate_40,317,False,True
1715177,gate_30,57,False,True
1715389,gate_40,36,True,True
1715430,gate_30,102,False,False
1715592,gate_40,8,False,False
1715619,gate_40,15,False,True
1715662,gate_30,29,False,False
1715663,gate_40,9,False,False
1715747,gate_30,64,True,False
1715868,gate_30,0,False,False
1716005,gate_30,15,False,False
1716042,gate_30,9,False,False
1716091,gate_40,5,False,False
1716151,gate_30,3,False,False
1716168,gate_40,66,True,False
1716189,gate_40,19,True,False
1716328,gate_30,9,False,False
1716375,gate_40,88,True,False
1716555,gate_40,73,True,False
1716749,gate_40,16,True,False
1716799,gate_40,29,True,False
1716924,gate_40,13,False,False
1716941,gate_40,57,True,False
1716985,gate_30,3,False,False
1717019,gate_40,1,False,False
1717308,gate_40,1,False,False
1717643,gate_30,42,False,True
1717918,gate_30,2,False,False
1717959,gate_30,6,True,False
1717960,gate_40,8,False,False
1718249,gate_40,32,False,True
1718441,gate_40,2,False,False
1718747,gate_30,3,False,False
1719166,gate_30,2,False,False
1719206,gate_30,173,True,True
1719664,gate_40,23,True,True
1719799,gate_40,130,True,False
1719892,gate_30,15,False,False
1719914,gate_40,19,True,False
1720005,gate_30,11,False,False
1720085,gate_30,26,True,False
1720241,gate_30,1,False,False
1720329,gate_40,50,False,False
1720375,gate_30,0,False,False
1720477,gate_40,79,True,False
1720484,gate_30,34,False,False
1720909,gate_30,5,False,False
1720960,gate_30,6,True,False
1720996,gate_40,4,False,False
1721109,gate_30,14,True,False
1721188,gate_40,104,True,True
1721229,gate_30,34,False,False
1721458,gate_30,30,True,False
1721669,gate_30,145,True,False
1721777,gate_40,5,False,False
1722093,gate_30,143,True,True
1722143,gate_40,3,False,False
1722456,gate_40,102,True,False
1722557,gate_40,39,True,True
1723064,gate_30,19,False,False
1723427,gate_30,3,True,False
1723614,gate_30,33,False,False
1723769,gate_40,14,False,False
1723813,gate_30,48,False,False
1723824,gate_30,20,False,False
1723902,gate_40,133,True,True
1723996,gate_40,262,True,True
1724028,gate_30,4,False,False
1724142,gate_40,6,True,False
1724453,gate_40,11,True,False
1724503,gate_30,1,False,False
1724653,gate_40,37,True,False
1724694,gate_40,14,True,True
1724696,gate_30,35,False,False
1724791,gate_40,38,False,False
1724840,gate_30,6,False,False
1725040,gate_30,71,False,True
1725096,gate_40,6,False,False
1725113,gate_40,13,False,False
1725179,gate_30,4,False,False
1725195,gate_40,6,False,True
1725224,gate_30,51,True,False
1725465,gate_30,2,False,False
1725651,gate_40,89,True,True
1725661,gate_30,1,False,False
1725675,gate_40,1,False,False
1725985,gate_30,29,True,False
1726010,gate_30,1,False,False
1726054,gate_30,73,False,False
1726087,gate_40,56,False,False
1726108,gate_40,116,True,True
1726138,gate_30,21,False,True
1726272,gate_40,32,True,False
1726273,gate_40,2,False,False
1726700,gate_40,18,False,False
1726830,gate_30,1,False,False
1726864,gate_40,7,False,False
1726878,gate_40,210,True,False
1726893,gate_40,38,True,True
1726964,gate_40,0,False,False
1727029,gate_30,5,False,False
1727053,gate_30,23,False,False
1727406,gate_30,31,True,True
1727414,gate_40,34,True,False
1727554,gate_30,21,True,False
1727604,gate_40,0,False,False
1727663,gate_40,11,True,False
1727727,gate_30,17,False,False
1727760,gate_40,17,False,False
1727816,gate_30,381,True,True
1727874,gate_40,1,False,False
1728040,gate_30,97,True,True
1728372,gate_30,22,True,False
1728385,gate_40,60,True,True
1728460,gate_30,2,False,False
1728600,gate_30,18,False,False
1728674,gate_30,2,False,False
1729023,gate_30,6,False,False
1729195,gate_40,47,False,False
1729420,gate_40,62,True,False
1729905,gate_30,46,True,False
1730030,gate_30,48,False,True
1730241,gate_40,25,True,False
1730407,gate_40,5,False,False
1730451,gate_30,186,True,True
1730456,gate_30,1,False,False
1730644,gate_30,39,False,False
1730737,gate_30,6,False,False
1730870,gate_40,1,False,False
1730936,gate_40,4,False,False
1731138,gate_40,4,False,False
1731164,gate_30,35,True,False
1731216,gate_30,1,False,False
1731220,gate_30,2,True,False
1731224,gate_40,103,True,True
1731249,gate_30,426,True,True
1731410,gate_30,19,False,False
1731607,gate_30,9,True,False
1731866,gate_40,0,False,False
1731873,gate_30,3,False,False
1732012,gate_40,45,True,False
1732097,gate_40,9,False,False
1732134,gate_40,16,True,False
1732211,gate_40,12,False,False
1732282,gate_30,29,False,True
1732370,gate_30,493,True,True
1732536,gate_30,17,False,False
1732572,gate_30,4,False,False
1732729,gate_40,26,True,False
1733064,gate_30,92,False,True
1733259,gate_40,37,True,False
1733436,gate_30,14,True,False
1733731,gate_40,16,True,False
1733871,gate_40,579,True,True
1733881,gate_40,20,False,False
1734109,gate_30,6,False,False
1734183,gate_40,0,False,False
1734241,gate_30,181,True,True
1734663,gate_40,16,False,False
1734683,gate_30,251,True,True
1734830,gate_40,130,True,False
1735150,gate_30,27,False,False
1735389,gate_30,0,False,False
1735399,gate_30,1,False,False
1735524,gate_30,35,True,False
1735689,gate_40,14,False,False
1735699,gate_40,40,True,False
1735776,gate_40,11,False,False
1735874,gate_30,27,True,False
1735931,gate_30,13,True,False
1735966,gate_40,169,True,True
1736043,gate_30,4,False,False
1736102,gate_40,30,False,False
1736278,gate_30,158,True,False
1736363,gate_30,590,True,True
1736402,gate_40,41,True,False
1736574,gate_40,38,False,True
1736762,gate_40,7,True,False
1736830,gate_40,4,False,False
1736937,gate_40,22,True,False
1737173,gate_30,265,True,True
1737322,gate_30,15,False,False
1737363,gate_40,7,False,False
1737428,gate_40,57,True,False
1737547,gate_40,2,False,False
1737639,gate_40,68,True,False
1737681,gate_30,4,False,False
1737754,gate_30,47,True,False
1737898,gate_40,54,True,False
1737915,gate_40,1,False,False
1738003,gate_30,12,False,False
1738091,gate_30,26,False,False
1738186,gate_30,63,True,True
1738200,gate_40,196,True,False
1738220,gate_30,1,False,False
1738270,gate_40,29,True,False
1738293,gate_30,22,False,False
1738295,gate_30,339,True,True
1738497,gate_30,7,False,False
1738539,gate_30,25,True,False
1738812,gate_40,18,False,False
1738824,gate_30,0,False,False
1738893,gate_30,47,True,False
1738941,gate_30,1,False,False
1738973,gate_30,61,False,True
1739028,gate_30,3,False,False
1739099,gate_30,30,False,False
1739250,gate_40,17,True,False
1739327,gate_40,149,True,True
1739397,gate_30,44,True,False
1739787,gate_30,213,True,True
1740145,gate_40,66,True,False
1740261,gate_30,14,False,False
1740438,gate_30,12,False,False
1740469,gate_40,18,False,False
1740514,gate_30,14,False,False
1740590,gate_30,6,False,False
1740616,gate_30,3,False,False
1740633,gate_30,27,True,False
1740651,gate_30,161,True,True
1740824,gate_30,36,False,False
1741037,gate_30,76,False,False
1741047,gate_30,1,False,False
1741489,gate_40,3,True,False
1741637,gate_40,155,True,True
1741720,gate_30,52,False,False
1741986,gate_30,101,True,True
1742007,gate_40,11,False,False
1742015,gate_30,2,False,False
1742067,gate_30,0,False,False
1742174,gate_30,110,False,False
1742252,gate_30,37,True,False
1742255,gate_30,3,False,False
1742442,gate_30,119,True,True
1742527,gate_30,35,True,False
1742589,gate_30,21,False,False
1742617,gate_30,39,True,True
1742638,gate_40,4,False,False
1742651,gate_40,37,True,False
1742652,gate_40,56,True,False
1742746,gate_30,77,True,False
1742859,gate_40,140,True,False
1742943,gate_30,4,False,False
1742989,gate_40,6,False,False
1743051,gate_30,19,True,False
1743146,gate_30,39,True,False
1743522,gate_30,107,True,True
1743575,gate_30,29,True,True
1743655,gate_30,1,False,False
1743813,gate_40,25,False,False
1743898,gate_40,8,False,False
1743914,gate_40,126,True,True
1743924,gate_30,5,False,False
1744031,gate_40,1,False,False
1744210,gate_30,60,False,False
1744280,gate_40,141,True,False
1744376,gate_30,77,True,False
1744580,gate_30,8,False,False
1744594,gate_40,22,True,False
1744652,gate_40,1,False,False
1744663,gate_30,1,False,False
1745083,gate_30,1,False,False
1745245,gate_30,14,False,False
1745260,gate_40,5,False,False
1745531,gate_30,85,True,False
1745660,gate_30,9,True,False
1746073,gate_30,15,False,False
1746090,gate_40,38,False,False
1746091,gate_40,32,True,False
1746198,gate_40,14,True,False
1746205,gate_40,358,True,True
1746498,gate_40,0,False,False
1746522,gate_40,395,True,True
1746650,gate_40,66,False,True
1746704,gate_40,106,True,False
1746945,gate_40,4,False,False
1747181,gate_40,16,True,False
1747184,gate_40,100,True,False
1747299,gate_30,152,False,True
1747304,gate_40,4,False,False
1747667,gate_40,0,False,False
1747712,gate_30,24,True,True
1747726,gate_40,6,False,False
1748012,gate_40,5,False,False
1748073,gate_30,3,False,False
1748082,gate_30,5,False,False
1748113,gate_40,93,False,False
1748118,gate_40,134,True,False
1748172,gate_40,336,True,False
1748883,gate_40,32,False,False
1748901,gate_40,126,True,True
1748952,gate_30,19,True,False
1749123,gate_30,18,True,False
1749145,gate_30,3,False,False
1749204,gate_30,128,True,True
1749642,gate_30,7,False,False
1749650,gate_30,0,False,False
1749700,gate_30,57,True,True
1749904,gate_40,199,True,True
1749987,gate_40,19,True,False
1749993,gate_40,262,False,True
1750284,gate_40,43,False,False
1750302,gate_40,218,True,False
1750429,gate_30,141,True,True
1750447,gate_40,20,True,False
1750464,gate_40,13,False,False
1750475,gate_40,5,False,False
1750701,gate_40,0,False,False
1750781,gate_30,5,True,False
1750894,gate_40,12,False,False
1750943,gate_30,98,True,False
1751038,gate_30,4,False,False
1751069,gate_40,3,False,False
1751163,gate_30,19,False,False
1751272,gate_40,5,False,False
1751648,gate_40,425,True,True
1751677,gate_30,5,True,False
1751934,gate_30,46,False,True
1752082,gate_30,163,True,True
1752204,gate_40,816,True,True
1752286,gate_30,205,True,False
1752332,gate_30,52,True,False
1752360,gate_30,4,False,False
1752416,gate_30,27,True,False
1752456,gate_40,53,True,True
1752521,gate_30,51,True,True
1752609,gate_40,112,True,True
1752611,gate_40,37,False,True
1752630,gate_40,62,True,True
1752656,gate_30,20,True,False
1752875,gate_30,0,False,False
1752912,gate_40,157,True,False
1753002,gate_40,0,False,False
1753071,gate_40,10,False,False
1753221,gate_40,4,False,False
1753423,gate_40,0,False,False
1753429,gate_30,7,False,True
1753606,gate_40,1,False,False
1753689,gate_30,27,True,False
1753837,gate_30,12,False,False
1754039,gate_40,0,False,False
1754096,gate_40,18,True,False
1754127,gate_30,2,False,False
1754280,gate_30,7,False,False
1754593,gate_30,5,False,False
1754600,gate_30,54,True,False
1754613,gate_30,100,True,True
1754788,gate_40,0,False,False
1754987,gate_40,9,False,False
1755238,gate_40,7,False,False
1755785,gate_40,5,False,False
1755793,gate_30,9,False,True
1755847,gate_40,430,True,True
1755896,gate_40,8,False,False
1756103,gate_40,0,False,False
1756173,gate_30,12,False,False
1756314,gate_40,15,False,False
1756411,gate_40,2,False,False
1756569,gate_40,1,True,False
1756691,gate_30,168,True,True
1756725,gate_30,55,True,False
1757001,gate_30,98,True,False
1757071,gate_40,21,False,False
1757390,gate_40,17,True,False
1757400,gate_40,70,True,False
1757507,gate_30,3,False,False
1757533,gate_30,4,False,False
1757634,gate_40,31,False,True
1757744,gate_30,155,True,True
1757748,gate_30,30,False,False
1757769,gate_30,30,False,False
1757848,gate_40,0,False,False
1757889,gate_30,348,True,True
1757921,gate_40,1,False,False
1758010,gate_40,17,True,False
1758168,gate_30,1,False,False
1758193,gate_40,93,True,False
1758328,gate_30,288,True,True
1758333,gate_30,29,False,False
1758371,gate_30,0,False,False
1758435,gate_40,46,True,False
1758442,gate_30,1,False,False
1758516,gate_30,1,False,False
1758592,gate_30,51,True,False
1758727,gate_40,4,True,False
1758753,gate_40,34,False,True
1758805,gate_40,75,True,False
1758825,gate_40,4,False,False
1758942,gate_30,21,True,False
1758954,gate_40,1,False,False
1759068,gate_40,15,True,False
1759148,gate_40,9,False,False
1759215,gate_30,1,False,False
1759253,gate_40,4,True,False
1759304,gate_30,31,False,True
1759346,gate_40,25,False,False
1759481,gate_40,39,True,False
1759518,gate_30,1,False,False
1759603,gate_30,1,False,False
1759656,gate_30,35,True,False
1759691,gate_40,3,False,False
1759714,gate_40,21,False,False
1759844,gate_30,15,False,False
1759928,gate_30,840,True,True
1759951,gate_40,27,False,False
1760043,gate_30,95,True,False
1760148,gate_40,16,False,False
1760265,gate_30,120,True,True
1760276,gate_40,15,False,False
1760576,gate_30,18,False,False
1760614,gate_30,7,False,False
1760681,gate_30,5,False,False
1760753,gate_30,21,True,False
1760761,gate_30,64,True,True
1760790,gate_30,23,False,True
1761036,gate_30,1,False,False
1761109,gate_40,40,True,False
1761131,gate_30,11,False,True
1761749,gate_40,50,False,True
1761787,gate_30,25,True,False
1762055,gate_30,18,False,False
1762271,gate_40,3,False,False
1762272,gate_40,13,False,False
1762313,gate_30,68,True,True
1762408,gate_30,118,True,True
1762413,gate_30,1,False,False
1762572,gate_30,0,False,False
1762857,gate_30,7,False,False
1762890,gate_40,63,True,False
1763047,gate_40,28,False,False
1763098,gate_30,1,False,False
1763101,gate_40,1,False,False
1763314,gate_40,8,False,False
1763344,gate_30,8,False,False
1763433,gate_30,16,True,False
1763459,gate_30,55,True,True
1763489,gate_40,17,False,False
1763625,gate_30,34,True,False
1763807,gate_30,197,True,True
1764023,gate_30,0,False,True
1764059,gate_40,49,True,True
1764500,gate_30,23,False,False
1764542,gate_40,69,True,False
1764695,gate_30,35,True,False
1764822,gate_40,5,False,False
1764920,gate_40,159,False,True
1765323,gate_30,17,True,False
1765329,gate_30,100,False,True
1765357,gate_30,17,True,False
1765365,gate_40,23,True,False
1765487,gate_30,15,False,False
1765582,gate_40,60,True,False
1765630,gate_40,72,True,False
1765643,gate_30,92,True,True
1765738,gate_30,10,False,False
1765809,gate_40,0,False,False
1765882,gate_40,2,False,False
1765965,gate_40,9,False,False
1766044,gate_30,0,False,False
1766183,gate_40,50,False,False
1766217,gate_30,17,False,False
1766277,gate_40,80,True,False
1766535,gate_30,0,False,False
1766591,gate_40,1,False,False
1766636,gate_30,94,True,False
1767010,gate_30,26,True,False
1767236,gate_30,15,False,False
1767354,gate_40,3,False,False
1767358,gate_30,1,False,False
1767365,gate_40,123,True,False
1767736,gate_30,152,True,True
1767787,gate_40,36,False,True
1768342,gate_40,19,True,False
1768645,gate_30,27,False,True
1768700,gate_40,22,False,True
1769069,gate_40,79,True,False
1769127,gate_40,1,False,False
1769207,gate_40,10,False,False
1769524,gate_40,43,False,False
1769577,gate_40,3,False,False
1769667,gate_30,161,True,False
1769805,gate_40,25,True,False
1769819,gate_40,0,False,False
1769854,gate_30,157,True,True
1769878,gate_40,8,False,False
1769958,gate_40,1,False,False
1770014,gate_30,33,True,False
1770015,gate_40,30,True,False
1770038,gate_30,54,True,False
1770090,gate_30,76,True,True
1770106,gate_30,13,False,False
1770249,gate_30,3,False,False
1770252,gate_30,135,True,False
1770374,gate_30,2,False,False
1770569,gate_40,257,True,True
1770576,gate_30,5,False,False
1770625,gate_40,21,True,False
1770632,gate_40,11,True,False
1770686,gate_40,26,False,False
1770771,gate_30,377,True,True
1770845,gate_30,8,False,False
1770992,gate_30,15,True,False
1771137,gate_40,1,False,False
1771175,gate_30,130,True,False
1771189,gate_30,3,False,False
1771216,gate_30,3,False,False
1771236,gate_40,20,False,False
1771396,gate_40,36,True,False
1771445,gate_30,238,True,False
1771450,gate_30,69,False,False
1771452,gate_40,124,True,False
1771832,gate_30,55,True,True
1771907,gate_30,642,True,True
1771985,gate_40,7,False,False
1772242,gate_40,2,False,False
1772605,gate_30,22,True,False
1772724,gate_40,7,False,False
1772937,gate_40,5,False,False
1773004,gate_40,149,True,True
1773024,gate_40,625,True,True
1773098,gate_30,19,False,False
1773278,gate_30,38,True,False
1773303,gate_30,236,True,True
1773436,gate_30,66,True,True
1773527,gate_30,32,True,False
1773986,gate_30,0,False,False
1774158,gate_30,384,True,True
1774202,gate_30,2,False,False
1774224,gate_30,1,False,False
1774229,gate_40,4,False,False
1774253,gate_40,61,True,False
1774511,gate_30,15,False,False
1774705,gate_40,9,False,False
1774811,gate_40,37,False,False
1774960,gate_40,3,False,False
1774994,gate_30,47,True,False
1775195,gate_30,5,False,False
1775231,gate_30,26,True,False
1775387,gate_40,68,True,False
1775501,gate_30,55,True,False
1775515,gate_40,6,False,False
1775700,gate_40,79,True,False
1775925,gate_30,158,True,False
1775977,gate_40,3,False,False
1776242,gate_30,0,False,False
1776368,gate_40,3,False,False
1776373,gate_40,3,False,False
1776463,gate_30,32,True,True
1776720,gate_30,12,True,True
1777050,gate_30,30,True,False
1777060,gate_30,6,False,False
1777378,gate_40,129,True,True
1777508,gate_30,3,False,False
1777561,gate_40,53,True,False
1777866,gate_40,1,False,False
1777957,gate_30,96,True,True
1777970,gate_30,4,False,False
1778181,gate_30,5,False,False
1778225,gate_30,6,False,False
1778228,gate_40,189,False,True
1778586,gate_40,4,False,False
1778625,gate_40,14,True,False
1778793,gate_30,20,True,False
1778837,gate_40,193,True,True
1778953,gate_40,8,False,True
1778982,gate_40,12,False,False
1779089,gate_30,4,False,False
1779153,gate_30,11,False,False
1779286,gate_40,1,False,False
1779523,gate_30,305,True,True
1779565,gate_30,61,True,False
1779596,gate_30,17,False,True
1779733,gate_40,6,True,False
1779948,gate_40,0,False,False
1780055,gate_30,17,False,False
1780114,gate_40,6,False,False
1780204,gate_30,13,False,False
1780216,gate_40,127,True,True
1780229,gate_40,102,True,True
1780292,gate_40,5,False,False
1780388,gate_40,19,False,False
1780485,gate_40,18,True,False
1780604,gate_40,35,False,False
1780882,gate_40,206,True,True
1780926,gate_30,188,True,True
1781054,gate_30,27,True,False
1781110,gate_40,25,True,False
1781590,gate_30,8,True,False
1781861,gate_40,71,True,False
1781915,gate_40,39,True,False
1781985,gate_30,420,True,True
1782009,gate_40,61,True,False
1782025,gate_40,4,False,False
1782076,gate_40,2,False,False
1782106,gate_30,13,False,False
1782285,gate_40,33,False,False
1782362,gate_40,1,False,False
1782403,gate_40,93,True,True
1782459,gate_30,125,True,False
1782696,gate_30,3,False,False
1782800,gate_40,42,False,False
1782955,gate_40,0,False,False
1783054,gate_30,8,False,False
1783207,gate_30,19,True,False
1783288,gate_30,8,False,False
1783423,gate_40,24,False,False
1783546,gate_30,147,False,True
1783689,gate_30,4,False,False
1783851,gate_30,97,False,False
1783855,gate_30,33,False,False
1783958,gate_40,61,True,True
1784035,gate_30,4,False,False
1784088,gate_40,268,True,True
1784362,gate_30,0,False,False
1784838,gate_30,16,False,False
1784859,gate_40,6,True,False
1784955,gate_40,11,True,False
1785042,gate_30,3,False,False
1785101,gate_40,43,True,False
1785120,gate_40,2,False,False
1785172,gate_30,36,True,False
1785195,gate_30,0,True,False
1785435,gate_30,4,True,False
1785447,gate_30,7,False,False
1785518,gate_30,27,False,False
1785706,gate_30,321,True,False
1785707,gate_30,91,True,False
1785803,gate_40,27,True,False
1785842,gate_40,3,False,False
1785913,gate_30,30,False,False
1786015,gate_40,36,True,False
1786279,gate_30,5,False,False
1786333,gate_30,23,False,False
1786355,gate_40,0,False,False
1786376,gate_40,66,True,False
1786536,gate_30,6,False,False
1786568,gate_40,704,True,True
1786593,gate_30,1,False,False
1786619,gate_40,1,False,False
1786762,gate_30,55,True,False
1786853,gate_40,118,False,False
1787210,gate_30,9,True,False
1787647,gate_40,19,False,False
1787781,gate_30,1,False,False
1787789,gate_30,43,False,False
1787858,gate_40,74,True,True
1787969,gate_40,14,False,False
1788409,gate_30,74,True,False
1788460,gate_40,3,True,False
1788584,gate_30,26,True,False
1788599,gate_30,58,True,True
1788699,gate_40,29,True,False
1788778,gate_30,0,False,False
1788800,gate_40,56,True,False
1788997,gate_30,21,True,False
1789070,gate_40,29,False,False
1789199,gate_40,83,True,False
1789308,gate_40,5,False,False
1789312,gate_30,6,False,False
1789957,gate_30,1,False,False
1790263,gate_30,0,False,False
1790336,gate_40,2,False,False
1790358,gate_30,5,False,False
1790406,gate_40,264,True,True
1790547,gate_40,2,False,False
1790780,gate_40,72,True,True
1790795,gate_40,45,True,False
1790837,gate_30,11,False,False
1790881,gate_30,11,True,False
1791124,gate_40,15,False,False
1791135,gate_30,43,False,True
1791339,gate_30,43,True,False
1791452,gate_40,53,False,False
1791525,gate_30,52,True,False
1792025,gate_40,52,False,False
1792115,gate_40,61,True,True
1792186,gate_40,42,True,True
1792370,gate_40,1,False,False
1792530,gate_40,19,True,False
1792568,gate_40,345,False,True
1792577,gate_30,17,True,False
1792651,gate_30,3,False,False
1792652,gate_30,5,False,True
1792878,gate_40,212,True,False
1792888,gate_30,16,False,False
1792901,gate_30,181,True,False
1793073,gate_40,7,False,False
1793149,gate_40,16,True,False
1793382,gate_40,2,False,False
1793475,gate_40,12,False,False
1793913,gate_30,1,False,False
1793989,gate_40,7,False,False
1793999,gate_30,7,False,False
1794032,gate_40,96,False,True
1794139,gate_40,4,False,False
1794185,gate_40,318,True,True
1794321,gate_40,84,True,False
1794673,gate_30,10,False,False
1794687,gate_30,20,False,False
1794749,gate_30,40,False,False
1794835,gate_30,150,True,True
1795142,gate_30,4,False,False
1795195,gate_40,4,False,False
1795269,gate_40,6,False,False
1795345,gate_30,16,False,False
1795666,gate_40,25,True,False
1795826,gate_40,0,False,False
1796009,gate_40,2,False,False
1796052,gate_30,32,True,False
1796345,gate_30,47,False,False
1796470,gate_40,116,True,False
1796472,gate_30,12,True,False
1796562,gate_40,159,True,True
1796600,gate_40,4,False,False
1796617,gate_40,0,False,False
1796839,gate_30,86,True,True
1797040,gate_40,71,True,True
1797177,gate_40,16,False,False
1797192,gate_30,217,True,True
1797299,gate_30,68,True,True
1797473,gate_30,2,False,False
1797608,gate_30,22,False,False
1798157,gate_30,8,False,False
1798168,gate_30,50,False,True
1798343,gate_30,14,False,False
1798348,gate_30,6,False,True
1798383,gate_30,41,True,True
1798452,gate_30,227,True,True
1798573,gate_30,15,True,False
1798612,gate_40,106,False,False
1798643,gate_30,169,True,True
1798679,gate_40,26,True,False
1798812,gate_30,167,True,True
1799082,gate_30,3,False,False
1799086,gate_30,1,False,False
1799119,gate_30,33,True,False
1799142,gate_30,1,False,False
1799161,gate_40,105,True,False
1799299,gate_40,1,False,False
1799307,gate_30,9,False,False
1799310,gate_40,4,False,False
1799340,gate_30,0,False,False
1799875,gate_30,27,False,False
1799876,gate_40,5,False,False
1800020,gate_30,10,False,False
1800092,gate_40,50,False,False
1800186,gate_40,1,False,False
1800202,gate_30,5,False,False
1800413,gate_40,14,True,False
1800424,gate_40,46,True,False
1800492,gate_30,150,True,True
1800594,gate_40,10,False,False
1800699,gate_30,15,True,False
1800777,gate_30,2,True,False
1800785,gate_30,10,False,False
1801475,gate_40,3,False,False
1801770,gate_40,1,False,False
1801831,gate_40,2,False,False
1802119,gate_30,5,True,False
1802167,gate_40,23,False,False
1802390,gate_40,41,False,False
1802604,gate_30,40,False,False
1802699,gate_30,23,False,False
1802811,gate_40,10,False,False
1802867,gate_40,26,False,True
1802916,gate_40,8,False,False
1802931,gate_30,59,True,False
1803076,gate_40,20,True,False
1803108,gate_30,275,True,True
1803354,gate_40,15,False,False
1803721,gate_30,44,False,False
1803805,gate_30,37,True,False
1803930,gate_40,158,True,False
1804187,gate_40,19,True,False
1804253,gate_40,470,True,True
1804283,gate_30,14,True,False
1804366,gate_30,0,False,False
1804580,gate_40,5,False,False
1804773,gate_30,1,False,False
1805002,gate_40,4,False,False
1805110,gate_40,4,False,False
1805216,gate_40,98,True,False
1805491,gate_40,61,False,False
1805565,gate_40,20,True,False
1805681,gate_30,75,True,False
1805786,gate_40,15,True,False
1805914,gate_30,136,True,True
1805938,gate_40,18,True,False
1806010,gate_30,1,False,False
1806232,gate_30,125,True,True
1806388,gate_40,103,False,False
1806614,gate_40,12,False,False
1806756,gate_40,288,False,False
1806843,gate_40,150,True,False
1806859,gate_30,5,False,False
1806885,gate_40,5,True,False
1806936,gate_40,2,False,False
1807220,gate_30,0,False,False
1807254,gate_30,4,True,False
1807357,gate_30,15,False,False
1807359,gate_30,103,True,False
1807361,gate_30,11,True,False
1807421,gate_30,5,False,False
1807546,gate_40,44,True,False
1807863,gate_30,7,True,False
1807925,gate_40,17,False,False
1807958,gate_30,19,False,False
1808511,gate_40,4,False,False
1808514,gate_30,65,True,False
1808703,gate_30,3,False,False
1808728,gate_40,176,True,True
1808934,gate_40,12,True,False
1809123,gate_30,86,True,True
1809152,gate_30,8,False,False
1809244,gate_30,1,False,False
1809292,gate_30,29,False,False
1809303,gate_40,3,True,False
1809319,gate_40,3,False,False
1809335,gate_40,4,True,False
1809345,gate_40,144,True,False
1809512,gate_30,3,False,False
1809693,gate_30,172,False,True
1809840,gate_40,16,True,False
1809912,gate_40,3,False,False
1809915,gate_40,2,False,False
1809934,gate_40,16,True,False
1810278,gate_30,20,False,False
1810368,gate_40,14,False,False
1810431,gate_40,39,True,False
1810443,gate_30,57,False,True
1810492,gate_40,8,False,False
1810646,gate_30,4,False,False
1810671,gate_40,30,True,False
1811090,gate_40,0,False,False
1811235,gate_30,2,False,False
1811355,gate_30,12,False,False
1811529,gate_30,65,True,False
1811534,gate_40,32,False,False
1812161,gate_30,0,False,False
1812785,gate_40,179,True,False
1812844,gate_40,7,False,False
1812881,gate_30,0,False,False
1813336,gate_30,33,False,False
1813337,gate_40,9,False,False
1813344,gate_40,21,True,False
1813404,gate_40,101,True,True
1813538,gate_40,85,True,True
1813539,gate_30,31,False,False
1813584,gate_30,31,False,True
1813623,gate_40,9,False,False
1813649,gate_30,115,True,False
1813652,gate_30,2,False,False
1813711,gate_30,50,False,True
1813837,gate_40,1,False,False
1813994,gate_40,4,False,False
1814069,gate_30,32,True,False
1814156,gate_30,1,False,False
1814174,gate_30,8,False,True
1814185,gate_40,35,True,False
1814256,gate_40,28,True,False
1814380,gate_40,24,True,False
1814619,gate_30,13,False,False
1814648,gate_30,4,False,False
1814796,gate_30,0,False,False
1814870,gate_40,252,True,True
1815118,gate_40,15,True,False
1815250,gate_30,51,True,False
1815444,gate_30,0,False,False
1815776,gate_30,7,False,False
1816181,gate_40,8,True,False
1816263,gate_30,145,False,True
1816392,gate_40,2,False,False
1816610,gate_30,135,True,True
1816680,gate_40,0,False,False
1816821,gate_30,46,True,True
1816876,gate_40,0,True,False
1816982,gate_30,265,True,False
1817132,gate_30,35,False,True
1817710,gate_30,1308,True,True
1817900,gate_30,54,False,False
1818189,gate_40,2,False,False
1818235,gate_40,126,True,False
1818327,gate_30,19,True,False
1818539,gate_40,14,False,False
1818720,gate_30,0,False,False
1818739,gate_40,89,True,True
1818884,gate_40,7,False,False
1818973,gate_40,8,True,False
1819048,gate_40,8,True,False
1819129,gate_40,7,False,False
1819166,gate_30,269,True,True
1819422,gate_40,2,False,False
1819437,gate_40,239,True,True
1819645,gate_40,7,False,False
1819760,gate_30,33,True,False
1819818,gate_30,113,True,False
1819880,gate_40,364,True,True
1819915,gate_40,30,True,False
1819918,gate_30,7,True,False
1819959,gate_40,32,True,False
1820280,gate_30,128,True,False
1820313,gate_40,28,True,True
1820514,gate_30,1,False,False
1820533,gate_40,1,False,False
1820544,gate_40,16,False,True
1820671,gate_40,10,False,False
1820936,gate_40,5,True,False
1820954,gate_30,47,True,True
1821003,gate_30,4,False,False
1821034,gate_40,31,True,False
1821079,gate_30,36,True,False
1821374,gate_30,19,True,False
1821487,gate_40,97,True,False
1821600,gate_40,58,False,True
1821670,gate_30,38,True,False
1821708,gate_40,8,False,False
1822109,gate_30,12,True,False
1822200,gate_30,4,False,False
1822210,gate_30,0,False,False
1822269,gate_30,19,True,False
1822497,gate_40,2,False,False
1822559,gate_30,3,False,False
1822696,gate_40,1,False,False
1823131,gate_40,3,False,False
1823180,gate_40,10,True,False
1823276,gate_40,111,True,True
1823311,gate_30,154,True,True
1823356,gate_30,38,True,False
1823890,gate_30,5,False,False
1823991,gate_40,0,False,False
1823992,gate_40,16,False,False
1824049,gate_40,13,False,False
1824074,gate_40,17,False,False
1824112,gate_30,1,False,False
1824147,gate_40,1,False,False
1824303,gate_30,2,False,False
1824483,gate_30,226,True,True
1824650,gate_30,35,True,False
1824700,gate_30,8,True,False
1824782,gate_40,19,True,False
1824854,gate_40,23,False,False
1824995,gate_30,0,False,False
1825003,gate_40,20,True,False
1825016,gate_40,34,True,False
1825042,gate_40,33,False,False
1825090,gate_30,32,True,False
1825126,gate_30,49,True,False
1825431,gate_30,1,False,False
1825484,gate_40,8,False,False
1825503,gate_30,127,True,True
1825549,gate_30,204,True,True
1825668,gate_30,9,False,False
1825690,gate_40,26,True,False
1825870,gate_30,2,False,False
1825871,gate_30,2,False,False
1825923,gate_40,66,False,True
1825984,gate_40,1,False,False
1826080,gate_40,116,False,False
1826158,gate_30,105,True,True
1826159,gate_40,120,False,True
1826223,gate_40,7,False,False
1826252,gate_40,21,True,True
1826533,gate_40,42,False,False
1826860,gate_30,7,False,False
1826929,gate_40,198,True,True
1827030,gate_40,82,True,False
1827173,gate_30,380,False,True
1827309,gate_40,55,True,True
1827401,gate_30,42,True,False
1827419,gate_30,11,False,False
1827536,gate_30,22,False,False
1827537,gate_30,158,True,False
1827580,gate_30,29,False,False
1827696,gate_30,0,True,False
1827755,gate_40,3,False,False
1827962,gate_30,0,False,False
1828002,gate_40,233,True,True
1828877,gate_40,180,True,True
1828941,gate_30,8,True,False
1828948,gate_40,29,True,False
1829062,gate_40,69,True,False
1829403,gate_30,7,False,False
1829805,gate_30,5,False,False
1829976,gate_40,20,True,False
1830031,gate_30,21,True,False
1830058,gate_40,18,True,False
1830389,gate_40,148,True,False
1830494,gate_30,587,True,True
1830727,gate_30,42,False,False
1830820,gate_40,3,False,False
1831079,gate_40,24,False,False
1831176,gate_30,43,True,False
1831228,gate_40,4,True,False
1831394,gate_40,8,False,False
1831545,gate_40,66,False,True
1831731,gate_40,3,False,False
1831772,gate_30,11,True,False
1831909,gate_30,188,True,True
1832092,gate_40,103,True,True
1832254,gate_40,30,False,True
1832375,gate_30,12,False,False
1832402,gate_40,63,True,True
1832423,gate_40,27,True,False
1832814,gate_40,21,False,False
1833019,gate_40,1,False,False
1833231,gate_30,5,False,False
1833325,gate_40,151,True,True
1833489,gate_40,10,False,False
1833527,gate_40,34,False,False
1833586,gate_40,95,True,False
1833634,gate_30,22,True,False
1833675,gate_30,62,True,False
1833813,gate_30,6,False,False
1833858,gate_30,9,False,False
1833881,gate_30,16,True,False
1833992,gate_40,24,False,False
1833998,gate_40,43,False,True
1834117,gate_40,2,False,False
1834170,gate_30,43,True,False
1834313,gate_30,21,False,False
1834317,gate_30,8,True,False
1834453,gate_30,6,False,False
1834539,gate_40,15,False,False
1834560,gate_40,11,False,False
1834634,gate_30,29,True,True
1834655,gate_30,8,True,False
1834663,gate_30,4,False,True
1834767,gate_40,21,True,False
1834812,gate_30,102,True,False
1834911,gate_40,134,True,True
1835140,gate_30,5,False,False
1835343,gate_30,2,False,False
1835598,gate_30,15,True,True
1835836,gate_40,0,False,False
1835897,gate_30,19,True,False
1836030,gate_30,171,True,True
1836242,gate_30,1,False,False
1836326,gate_40,6,False,False
1836336,gate_40,13,True,False
1836708,gate_30,15,True,False
1836714,gate_30,0,False,False
1836849,gate_40,11,False,False
1837318,gate_30,5,True,False
1837616,gate_40,1,False,False
1837717,gate_40,8,False,False
1837790,gate_30,4,False,False
1837832,gate_30,35,True,False
1837875,gate_40,125,True,True
1837983,gate_30,71,True,False
1838141,gate_30,75,True,False
1838173,gate_30,13,False,False
1838231,gate_40,2,False,False
1838330,gate_30,202,True,True
1838346,gate_40,2,True,True
1838358,gate_40,88,True,True
1838372,gate_30,5,False,False
1838469,gate_30,131,True,False
1838619,gate_40,8,False,False
1838629,gate_40,5,True,False
1838686,gate_30,8,False,False
1838775,gate_40,3,True,False
1838919,gate_30,11,False,False
1838949,gate_40,0,False,False
1839295,gate_40,11,True,False
1839299,gate_30,60,False,True
1839316,gate_40,12,True,False
1839412,gate_30,64,True,True
1839430,gate_30,76,True,False
1839547,gate_40,19,True,False
1839561,gate_40,80,True,True
1839574,gate_30,3,False,False
1839725,gate_40,3,False,False
1839792,gate_30,54,True,True
1839968,gate_30,26,True,False
1840093,gate_30,237,True,True
1840098,gate_40,4,False,False
1840266,gate_30,27,False,False
1840327,gate_40,7,False,False
1840575,gate_40,18,True,False
1840650,gate_40,1,False,False
1840748,gate_40,134,False,True
1840774,gate_30,41,True,False
1840892,gate_40,2,False,False
1841017,gate_40,81,False,False
1841206,gate_30,47,True,False
1841219,gate_30,1,False,False
1841233,gate_30,46,True,False
1841362,gate_40,198,True,True
1841620,gate_30,24,False,False
1841823,gate_40,6,False,False
1841845,gate_40,1,False,False
1842234,gate_40,166,True,False
1842265,gate_30,48,True,False
1842273,gate_30,54,False,True
1842357,gate_40,15,False,False
1842414,gate_40,5,False,False
1842514,gate_40,11,False,False
1842722,gate_40,25,True,False
1842797,gate_40,2,False,False
1842800,gate_40,4,False,False
1842823,gate_40,40,False,False
1842893,gate_30,16,False,False
1842985,gate_40,4,False,False
1843270,gate_40,13,False,False
1843453,gate_40,44,True,False
1843689,gate_40,10,True,False
1843724,gate_40,3,True,False
1843996,gate_30,100,True,False
1844278,gate_30,86,True,False
1844455,gate_30,26,True,False
1844538,gate_40,1,False,False
1844549,gate_40,86,True,True
1844623,gate_30,14,False,False
1844827,gate_40,73,True,True
1844891,gate_40,0,False,False
1845012,gate_40,35,True,False
1845094,gate_40,41,True,True
1845363,gate_40,86,True,False
1845599,gate_40,45,True,False
1845616,gate_40,4,False,False
1845659,gate_30,111,True,False
1845708,gate_40,281,True,True
1845849,gate_30,12,True,True
1845913,gate_40,17,True,True
1845940,gate_30,31,True,False
1845976,gate_30,6,False,False
1846063,gate_30,49,False,False
1846131,gate_30,135,True,True
1846146,gate_30,12,True,False
1846164,gate_40,34,True,False
1846198,gate_30,13,True,False
1846439,gate_30,7,False,False
1846536,gate_40,25,False,False
1846601,gate_40,93,True,False
1846607,gate_30,3,False,False
1846725,gate_40,160,False,True
1846818,gate_30,8,True,False
1846836,gate_40,6,True,False
1847060,gate_40,4,True,False
1847116,gate_40,60,False,False
1847172,gate_40,9,False,False
1847482,gate_40,3,False,False
1847550,gate_40,1,False,False
1847609,gate_30,345,True,True
1847744,gate_30,56,False,False
1847895,gate_30,42,True,False
1847915,gate_30,28,False,True
1847917,gate_30,74,True,False
1848047,gate_40,4,False,False
1848175,gate_30,1,False,False
1848216,gate_30,95,True,False
1848305,gate_40,39,True,False
1848318,gate_40,23,True,False
1848347,gate_40,60,True,False
1848623,gate_40,17,False,False
1848803,gate_30,2,False,False
1848962,gate_40,49,True,True
1848963,gate_30,18,True,False
1849078,gate_40,192,True,True
1849169,gate_40,2,False,False
1849280,gate_30,110,True,False
1849456,gate_30,14,True,False
1849641,gate_30,92,True,False
1850315,gate_40,0,False,False
1850323,gate_40,15,False,False
1850346,gate_40,2,False,False
1850400,gate_30,41,True,False
1850466,gate_40,4,False,False
1850477,gate_30,58,True,False
1850487,gate_30,78,True,False
1850835,gate_40,19,False,False
1850924,gate_40,3,False,False
1851043,gate_40,2,False,False
1851320,gate_30,0,True,False
1851342,gate_40,7,False,False
1851372,gate_30,183,True,False
1851416,gate_30,9,False,False
1851426,gate_40,43,False,False
1851507,gate_30,75,True,True
1851544,gate_40,90,False,False
1851607,gate_30,1,False,False
1851754,gate_40,15,False,False
1851762,gate_40,1,False,False
1851835,gate_30,64,True,True
1852323,gate_30,373,False,False
1852443,gate_40,25,False,False
1852541,gate_40,3,False,False
1852656,gate_40,222,True,True
1852734,gate_30,93,True,True
1852953,gate_40,2,False,False
1852962,gate_40,17,False,True
1852984,gate_40,0,False,False
1853273,gate_40,268,True,True
1853379,gate_30,8,False,False
1853483,gate_30,69,True,True
1853671,gate_30,19,True,False
1853757,gate_40,0,False,False
1853842,gate_30,83,True,True
1853855,gate_40,6,False,False
1853984,gate_30,15,False,False
1854331,gate_40,5,False,False
1854354,gate_30,48,True,False
1854384,gate_40,55,True,False
1854520,gate_30,5,False,False
1854772,gate_30,66,True,True
1854900,gate_30,28,True,False
1854950,gate_30,9,False,False
1854960,gate_30,5,True,False
1855068,gate_40,16,False,False
1855114,gate_30,13,False,False
1855133,gate_40,38,False,False
1855162,gate_40,86,True,False
1855417,gate_30,34,True,True
1855496,gate_40,51,False,False
1855827,gate_40,13,False,False
1855974,gate_40,2,False,False
1856157,gate_40,1025,True,True
1856319,gate_30,183,True,False
1856383,gate_40,15,False,True
1856405,gate_30,4,False,False
1856794,gate_30,11,False,False
1856910,gate_40,10,False,False
1856952,gate_30,14,False,True
1856967,gate_40,1,False,False
1857158,gate_30,21,False,False
1857230,gate_30,32,False,False
1857267,gate_40,14,True,True
1857344,gate_30,7,False,False
1857473,gate_30,91,True,True
1857694,gate_30,16,True,False
1857728,gate_40,15,False,False
1857772,gate_40,9,False,False
1857821,gate_40,15,True,False
1857845,gate_30,89,True,True
1857877,gate_30,41,True,False
1857881,gate_30,9,False,False
1857921,gate_30,32,False,False
1858097,gate_40,26,True,False
1858253,gate_40,4,False,False
1858304,gate_40,4,False,False
1858315,gate_40,28,True,False
1858345,gate_30,16,False,False
1858518,gate_30,41,True,False
1858606,gate_40,167,True,False
1858717,gate_30,8,True,False
1859033,gate_30,60,True,False
1859094,gate_30,17,False,False
1859199,gate_30,2,False,False
1859238,gate_30,88,True,False
1859298,gate_30,15,False,False
1859343,gate_40,281,True,True
1859379,gate_30,59,False,True
1859396,gate_30,4,True,False
1859421,gate_30,152,True,True
1859547,gate_40,281,True,True
1859560,gate_30,28,False,False
1859633,gate_30,34,False,False
1859634,gate_40,1,False,False
1859761,gate_40,20,False,False
1859851,gate_40,66,True,False
1859906,gate_30,12,True,False
1859965,gate_40,118,True,True
1860251,gate_30,193,True,False
1860284,gate_30,1,False,False
1860394,gate_40,236,True,False
1860544,gate_40,29,True,False
1860713,gate_30,18,False,False
1860802,gate_30,4,False,True
1860821,gate_30,27,True,False
1860969,gate_40,5,False,False
1861010,gate_30,116,True,True
1861449,gate_30,4,False,False
1861615,gate_30,58,True,False
1861660,gate_40,5,False,False
1861884,gate_40,4,False,False
1862072,gate_40,96,False,False
1862279,gate_40,10,False,False
1862421,gate_30,3,False,False
1862498,gate_30,157,True,True
1862610,gate_40,0,False,False
1862624,gate_40,317,True,False
1862644,gate_40,4,False,False
1862724,gate_40,2,False,False
1862814,gate_30,5,False,False
1862825,gate_40,15,False,False
1862889,gate_40,2,False,False
1862914,gate_40,68,True,False
1863043,gate_40,9,True,False
1863201,gate_30,38,True,False
1863587,gate_40,9,False,False
1863658,gate_30,11,True,False
1863709,gate_40,120,True,False
1864052,gate_40,14,True,False
1864111,gate_30,217,True,False
1864201,gate_30,17,False,False
1864311,gate_40,61,True,False
1864559,gate_40,1,False,False
1864621,gate_40,7,False,False
1864715,gate_30,5,False,False
1864838,gate_40,2,False,False
1864935,gate_30,28,True,False
1864949,gate_40,12,False,False
1865046,gate_30,6,False,False
1865058,gate_30,81,True,False
1865128,gate_30,0,False,False
1865240,gate_40,160,True,False
1865522,gate_30,1,False,False
1865640,gate_30,187,True,False
1865989,gate_30,103,True,False
1866008,gate_40,14,False,False
1866236,gate_30,26,False,False
1866356,gate_30,1,False,False
1866570,gate_30,4,True,False
1866667,gate_30,4,False,False
1866744,gate_40,59,True,False
1866825,gate_40,67,False,True
1867076,gate_40,5,False,False
1867181,gate_30,4,False,False
1867403,gate_30,5,False,False
1867456,gate_30,222,True,False
1867483,gate_30,1,False,False
1867553,gate_40,26,True,False
1867616,gate_40,28,True,False
1867880,gate_40,22,False,False
1867932,gate_30,8,False,False
1868068,gate_40,47,True,False
1868091,gate_30,4,False,False
1868328,gate_30,1,False,False
1868699,gate_30,0,False,False
1868752,gate_40,22,False,True
1869019,gate_30,19,False,False
1869105,gate_40,68,True,True
1869211,gate_40,3,False,False
1869529,gate_30,1,False,False
1869737,gate_30,1,False,False
1869754,gate_40,17,False,False
1869769,gate_40,9,True,False
1869781,gate_30,3,False,False
1869996,gate_40,60,True,False
1870191,gate_40,64,True,True
1870199,gate_40,73,True,False
1870204,gate_30,36,True,False
1870219,gate_30,6,False,False
1870258,gate_40,3,False,False
1870284,gate_40,151,True,True
1870299,gate_40,4,False,False
1870412,gate_30,0,False,False
1870497,gate_30,1,False,False
1870509,gate_30,263,True,True
1870559,gate_40,32,True,False
1870600,gate_30,10,False,False
1870906,gate_40,7,False,False
1870992,gate_30,10,True,False
1871052,gate_30,17,True,False
1871182,gate_30,213,False,True
1871212,gate_30,1,False,False
1871416,gate_30,55,False,True
1871897,gate_30,1,False,False
1871941,gate_30,4,False,False
1871969,gate_40,275,True,True
1872489,gate_40,8,False,False
1872508,gate_30,0,False,False
1872646,gate_30,46,True,True
1872675,gate_40,11,False,False
1872707,gate_30,3,False,False
1873099,gate_40,23,True,False
1873302,gate_40,15,False,False
1873347,gate_40,9,False,False
1873419,gate_40,16,True,False
1873420,gate_40,88,True,True
1873746,gate_40,3,False,False
1874155,gate_30,2,False,False
1874166,gate_30,31,True,False
1874421,gate_30,27,False,False
1874687,gate_30,64,False,True
1874757,gate_30,41,True,False
1874760,gate_30,204,True,True
1874982,gate_30,34,True,False
1875081,gate_40,5,False,False
1875304,gate_40,3,False,False
1875348,gate_40,87,True,False
1875457,gate_40,11,False,False
1875491,gate_40,29,True,False
1875653,gate_30,26,False,False
1875733,gate_30,2,False,False
1875862,gate_40,0,False,False
1876097,gate_30,5,False,False
1876214,gate_40,57,True,False
1876262,gate_40,26,False,False
1876335,gate_30,110,True,False
1876430,gate_30,11,True,False
1876705,gate_40,3,True,False
1876785,gate_30,11,False,False
1876877,gate_40,323,True,True
1876951,gate_30,17,False,False
1876952,gate_40,62,False,False
1876962,gate_40,31,False,False
1877043,gate_30,175,True,True
1877398,gate_40,54,True,True
1877436,gate_30,24,True,False
1877817,gate_30,39,True,True
1877835,gate_30,34,False,False
1877876,gate_30,17,False,True
1877976,gate_30,103,True,True
1877996,gate_40,71,True,False
1878023,gate_40,0,False,False
1878065,gate_30,28,True,False
1878155,gate_30,245,False,True
1878211,gate_40,31,True,True
1878437,gate_40,2,False,False
1878628,gate_40,11,False,False
1878641,gate_30,31,True,False
1878761,gate_40,2,False,False
1878782,gate_30,70,True,False
1878890,gate_40,9,False,True
1878995,gate_30,0,False,False
1879011,gate_30,3,False,False
1879274,gate_40,40,False,False
1879337,gate_30,12,False,False
1879394,gate_40,10,False,False
1879428,gate_40,0,False,False
1879443,gate_40,4,False,False
1879693,gate_30,22,False,False
1879776,gate_30,120,True,False
1879810,gate_40,1,False,False
1879812,gate_40,38,False,True
1879832,gate_40,3,False,False
1879986,gate_30,229,True,True
1880003,gate_40,7,False,False
1880035,gate_40,1,False,False
1880086,gate_30,32,True,False
1880098,gate_30,60,False,False
1880669,gate_40,108,False,False
1880790,gate_30,0,False,False
1881125,gate_40,13,True,False
1881142,gate_40,7,False,False
1881344,gate_30,154,True,False
1881419,gate_40,16,True,True
1881437,gate_30,72,True,False
1881490,gate_40,13,False,False
1881962,gate_30,103,True,True
1882010,gate_30,114,True,True
1882373,gate_30,8,False,False
1882376,gate_40,24,False,False
1882392,gate_30,30,True,False
1882425,gate_30,83,True,False
1882549,gate_40,5,False,False
1882590,gate_40,0,False,False
1882632,gate_40,18,False,False
1882943,gate_40,40,False,False
1883083,gate_40,35,True,False
1883152,gate_40,0,False,False
1883357,gate_40,16,False,False
1883491,gate_40,5,False,False
1883528,gate_30,28,True,False
1883778,gate_40,314,True,True
1883968,gate_30,9,False,False
1883971,gate_30,43,True,False
1884010,gate_40,0,False,False
1884094,gate_30,15,False,False
1884259,gate_30,95,True,False
1884417,gate_40,23,True,False
1884424,gate_30,5,False,False
1884447,gate_30,21,True,False
1884611,gate_40,8,False,False
1884711,gate_30,3,False,False
1884730,gate_40,195,True,True
1884830,gate_30,5,False,False
1884901,gate_30,7,False,False
1885058,gate_30,1,False,False
1885169,gate_30,53,True,False
1885335,gate_30,45,False,True
1885393,gate_40,1,False,False
1885459,gate_30,21,True,False
1885748,gate_30,108,True,True
1885802,gate_40,3,True,False
1885949,gate_30,28,False,False
1886009,gate_40,42,True,False
1886080,gate_30,91,True,True
1886093,gate_30,81,True,False
1886094,gate_40,97,True,False
1886225,gate_40,0,False,False
1886362,gate_30,6,False,False
1886695,gate_40,33,False,True
1886745,gate_40,29,True,False
1886816,gate_30,82,False,True
1887013,gate_30,19,True,True
1887330,gate_40,66,True,False
1887351,gate_40,26,True,False
1887357,gate_40,49,True,True
1887609,gate_40,3,False,False
1887855,gate_40,228,True,True
1887959,gate_40,4,False,False
1888027,gate_40,61,False,True
1888118,gate_40,108,True,True
1888162,gate_30,2,False,False
1888212,gate_40,12,True,False
1888366,gate_40,50,True,False
1888583,gate_30,1,False,False
1888769,gate_30,85,True,False
1888936,gate_30,44,True,True
1889125,gate_30,15,False,False
1889144,gate_30,17,True,False
1889363,gate_30,58,True,False
1889449,gate_40,34,True,True
1889532,gate_30,34,True,False
1889735,gate_30,2,False,False
1889760,gate_30,92,True,True
1889873,gate_30,15,False,False
1889986,gate_40,15,True,False
1890089,gate_40,70,True,True
1890175,gate_40,2,False,False
1890224,gate_40,67,True,False
1890251,gate_40,66,True,False
1890258,gate_40,47,False,False
1890401,gate_40,262,True,True
1890465,gate_40,148,True,True
1890494,gate_40,10,False,False
1890667,gate_40,303,True,True
1890679,gate_30,130,True,False
1890921,gate_30,370,True,True
1890977,gate_30,19,False,False
1891044,gate_30,307,True,True
1891062,gate_30,2,False,False
1891125,gate_40,6,True,False
1891870,gate_40,1,False,False
1891871,gate_40,21,True,False
1891892,gate_40,1,True,False
1891893,gate_40,9,False,False
1892130,gate_30,523,True,True
1892169,gate_30,6,False,False
1892173,gate_40,1,False,False
1892304,gate_30,34,False,False
1892361,gate_40,56,True,True
1892385,gate_40,2,False,False
1892515,gate_30,34,True,True
1892534,gate_40,13,False,False
1892715,gate_40,13,True,False
1893035,gate_30,15,False,False
1893158,gate_30,28,False,False
1893228,gate_30,6,False,False
1893268,gate_40,13,False,False
1893425,gate_40,2,False,False
1893534,gate_40,7,False,False
1893539,gate_40,12,False,False
1893540,gate_30,27,True,False
1893562,gate_30,11,False,False
1893572,gate_40,3,False,False
1893764,gate_30,14,False,False
1893800,gate_30,13,True,False
1893863,gate_30,0,False,False
1894260,gate_30,8,False,False
1894263,gate_30,3,False,False
1894541,gate_40,3,False,False
1894802,gate_40,51,True,False
1895047,gate_40,4,False,False
1895083,gate_40,52,True,False
1895102,gate_40,45,True,False
1895147,gate_40,10,False,False
1895387,gate_40,18,False,False
1895556,gate_40,12,True,False
1895742,gate_40,1,False,False
1895778,gate_40,10,False,False
1895786,gate_30,12,False,False
1895789,gate_40,43,True,True
1895944,gate_30,12,False,False
1896021,gate_30,42,False,True
1896168,gate_30,2,False,False
1896198,gate_30,1,False,False
1896236,gate_40,41,True,False
1896304,gate_40,116,True,False
1896370,gate_30,5,False,False
1896431,gate_30,14,False,False
1896536,gate_30,102,False,False
1896562,gate_40,35,True,False
1896707,gate_30,45,False,False
1896717,gate_40,35,True,True
1896747,gate_40,1,False,False
1896804,gate_30,168,True,True
1896832,gate_40,17,False,False
1896934,gate_30,23,False,True
1897034,gate_30,9,False,False
1897177,gate_40,27,False,False
1897189,gate_40,0,False,False
1897224,gate_30,4,False,False
1897293,gate_30,73,True,True
1897317,gate_40,8,False,False
1897347,gate_40,0,False,False
1897973,gate_30,23,False,False
1898202,gate_30,26,True,False
1898215,gate_40,4,False,False
1898517,gate_30,21,False,False
1898525,gate_30,1,True,False
1898560,gate_40,1,False,False
1898699,gate_40,292,True,True
1898920,gate_30,31,True,False
1898973,gate_40,11,False,False
1899003,gate_30,22,True,False
1899278,gate_40,4,False,False
1899494,gate_30,14,False,False
1899514,gate_30,0,False,False
1899997,gate_30,14,True,False
1900040,gate_30,82,True,False
1900408,gate_40,4,True,False
1900636,gate_40,6,False,False
1900639,gate_30,28,True,False
1900947,gate_40,187,True,True
1901160,gate_30,23,False,False
1901255,gate_30,70,True,False
1901354,gate_40,128,True,True
1901886,gate_30,9,False,False
1901895,gate_30,3,False,False
1901955,gate_30,7,True,False
1901986,gate_30,7,False,False
1902268,gate_30,0,False,False
1902499,gate_40,13,True,False
1902669,gate_30,82,True,False
1902759,gate_40,29,False,False
1902829,gate_30,9,True,False
1902934,gate_30,10,False,False
1902953,gate_30,10,True,False
1903111,gate_30,60,True,True
1903226,gate_40,0,False,False
1903246,gate_40,40,True,False
1903301,gate_30,3,True,False
1903305,gate_40,40,True,False
1903414,gate_40,13,False,False
1903494,gate_40,3,False,False
1903547,gate_30,3,False,False
1903728,gate_40,4,False,False
1903775,gate_40,4,False,False
1903794,gate_40,52,True,False
1904106,gate_40,11,True,False
1904254,gate_30,2,False,False
1904323,gate_40,221,True,True
1904371,gate_30,161,True,True
1904540,gate_40,1309,True,True
1904622,gate_30,87,True,True
1904752,gate_30,64,True,False
1904753,gate_40,46,True,False
1904784,gate_40,10,True,False
1905222,gate_40,7,False,False
1905247,gate_30,30,False,True
1905252,gate_40,2,False,False
1905363,gate_40,21,True,False
1905593,gate_40,159,True,True
1905606,gate_40,8,False,False
1905617,gate_30,700,True,True
1905649,gate_40,47,True,False
1905829,gate_40,15,True,False
1905959,gate_40,166,True,True
1906057,gate_30,78,True,True
1906184,gate_40,20,False,False
1906281,gate_30,41,True,False
1906389,gate_40,33,True,False
1906618,gate_30,65,True,False
1906741,gate_30,47,True,False
1906834,gate_30,4,False,False
1906845,gate_30,7,True,False
1906968,gate_30,26,True,False
1907149,gate_30,6,False,False
1907275,gate_30,37,False,False
1907364,gate_40,10,False,False
1907457,gate_40,11,True,False
1907460,gate_40,0,False,False
1907528,gate_30,50,True,False
1907634,gate_30,11,True,False
1907679,gate_40,133,True,True
1907817,gate_30,15,True,False
1907968,gate_40,53,False,False
1908148,gate_40,42,True,False
1908236,gate_40,5,False,False
1908298,gate_30,47,True,False
1908306,gate_30,1,False,False
1908456,gate_40,1,False,False
1908582,gate_30,51,True,False
1908657,gate_40,217,True,True
1908752,gate_30,5,False,False
1908841,gate_40,7,False,False
1908996,gate_30,64,True,False
1909072,gate_30,72,True,False
1909120,gate_30,2,False,False
1909210,gate_30,9,False,False
1909263,gate_40,1,False,False
1909429,gate_40,16,True,True
1909441,gate_40,6,False,False
1909480,gate_30,1,True,False
1909521,gate_40,16,True,True
1909534,gate_40,27,True,False
1909541,gate_30,76,True,True
1909713,gate_40,3,False,False
1910038,gate_30,1,False,False
1910066,gate_30,1,False,False
1910278,gate_30,85,False,True
1910314,gate_40,142,True,True
1910320,gate_30,71,True,False
1910364,gate_40,3,False,False
1910555,gate_30,203,True,True
1910612,gate_30,40,True,False
1910829,gate_40,91,True,True
1910947,gate_40,56,True,True
1911003,gate_30,134,True,False
1911004,gate_40,2,False,False
1911034,gate_30,41,True,False
1911440,gate_30,4,False,False
1911543,gate_40,5,False,False
1911655,gate_40,11,False,False
1911757,gate_30,40,True,False
1911789,gate_30,3,False,False
1911866,gate_30,2,False,False
1911868,gate_30,16,False,False
1911989,gate_40,73,True,False
1912351,gate_40,0,False,False
1912380,gate_30,82,True,False
1912496,gate_30,6,False,False
1912507,gate_30,6,True,False
1912530,gate_30,3,False,False
1912709,gate_40,13,True,False
1912892,gate_40,14,False,True
1913233,gate_40,29,True,False
1913426,gate_40,7,False,False
1913484,gate_40,6,False,False
1913558,gate_30,3,False,False
1913576,gate_30,13,True,False
1913694,gate_40,22,True,True
1913748,gate_40,46,True,False
1913853,gate_40,20,True,False
1913902,gate_30,257,True,True
1913991,gate_30,1,False,False
1914060,gate_30,47,True,False
1914071,gate_30,17,True,False
1914123,gate_40,70,False,True
1914283,gate_30,1,False,False
1914360,gate_30,17,False,False
1914372,gate_30,33,False,False
1914640,gate_30,67,False,False
1914672,gate_40,83,True,False
1914760,gate_40,5,False,False
1914834,gate_30,192,False,False
1914857,gate_30,247,True,True
1914934,gate_30,19,False,True
1915052,gate_40,10,False,False
1915125,gate_40,394,True,True
1915181,gate_40,17,True,False
1915185,gate_30,4,False,False
1915281,gate_40,15,False,False
1915291,gate_30,1,True,False
1915297,gate_30,3,False,False
1915376,gate_40,3,False,False
1915403,gate_30,0,False,False
1915635,gate_40,100,True,True
1915658,gate_30,132,True,False
1915718,gate_30,29,True,False
1915949,gate_40,6,False,True
1916074,gate_40,3,False,False
1916188,gate_40,18,True,False
1916256,gate_40,14,False,False
1916305,gate_30,3,False,False
1916485,gate_30,7,False,False
1916554,gate_40,62,True,False
1916596,gate_30,158,True,True
1916675,gate_40,6,True,False
1916993,gate_40,39,True,False
1917107,gate_40,84,True,True
1917142,gate_40,53,True,False
1917160,gate_40,118,True,True
1917199,gate_40,29,False,False
1917292,gate_30,5,True,False
1917433,gate_30,43,False,False
1917468,gate_40,40,False,False
1917496,gate_40,12,False,False
1917553,gate_40,36,True,False
1917588,gate_40,8,False,False
1917675,gate_30,31,False,False
1917879,gate_30,14,False,False
1917921,gate_40,3,False,False
1918068,gate_30,106,False,True
1918123,gate_30,656,True,True
1918313,gate_30,6,False,False
1918386,gate_30,4,False,False
1918388,gate_40,4,True,False
1918408,gate_40,45,False,False
1918448,gate_30,11,True,False
1918468,gate_30,149,True,False
1918559,gate_30,164,True,False
1918595,gate_30,6,False,False
1918617,gate_30,179,True,False
1918749,gate_40,109,True,True
1918894,gate_30,2,False,False
1918896,gate_30,47,False,True
1919059,gate_40,1,False,False
1919150,gate_40,2,False,False
1919208,gate_40,6,False,False
1919259,gate_40,11,False,False
1919291,gate_40,195,False,True
1919325,gate_30,12,False,False
1919500,gate_40,12,False,False
1919577,gate_40,19,False,False
1919578,gate_40,10,True,False
1919936,gate_30,0,False,False
1920076,gate_40,3,False,False
1920825,gate_40,216,True,True
1920888,gate_30,0,False,False
1921145,gate_30,12,True,False
1921188,gate_40,11,False,True
1921263,gate_30,65,True,False
1921497,gate_40,65,True,False
1921560,gate_30,28,False,True
1921636,gate_40,0,False,False
1921702,gate_30,11,False,False
1921739,gate_30,9,True,False
1921832,gate_30,45,True,True
1921948,gate_30,262,True,True
1922017,gate_30,13,False,False
1922045,gate_40,9,False,False
1922099,gate_30,44,False,False
1922217,gate_40,60,False,False
1922335,gate_40,18,True,False
1922465,gate_40,237,True,True
1922552,gate_40,85,True,False
1922616,gate_30,39,True,False
1922684,gate_40,136,True,True
1922934,gate_40,7,False,False
1922950,gate_40,14,True,False
1922954,gate_40,248,True,True
1923311,gate_30,3,False,False
1923490,gate_30,84,True,False
1923679,gate_30,64,True,False
1923773,gate_30,67,False,False
1924256,gate_30,147,True,False
1924262,gate_30,346,False,True
1924307,gate_40,67,True,True
1924514,gate_40,9,False,False
1924724,gate_30,16,False,False
1924873,gate_30,29,False,False
1924981,gate_30,6,False,False
1925068,gate_40,15,False,False
1925126,gate_40,62,False,True
1925249,gate_30,22,True,False
1925388,gate_30,22,True,False
1925445,gate_30,243,True,True
1925553,gate_40,1,False,False
1925569,gate_40,92,True,False
1925646,gate_30,8,False,False
1925720,gate_30,6,False,False
1925856,gate_30,8,False,False
1926425,gate_30,135,True,True
1926623,gate_30,2,False,False
1926773,gate_40,12,True,False
1926798,gate_40,169,True,False
1926864,gate_40,6,False,False
1926877,gate_40,8,False,False
1926894,gate_30,50,True,False
1927037,gate_30,21,False,False
1927360,gate_40,9,True,False
1927402,gate_30,15,False,False
1927737,gate_30,33,False,False
1927738,gate_40,37,False,False
1927931,gate_40,0,False,False
1927981,gate_40,371,True,True
1927983,gate_40,6,False,False
1928182,gate_30,3,True,False
1928195,gate_30,10,False,False
1928210,gate_40,22,True,False
1928279,gate_30,122,True,True
1928325,gate_40,51,True,False
1928543,gate_40,12,False,False
1928603,gate_30,28,True,False
1928657,gate_30,161,True,True
1928749,gate_40,2,False,False
1928768,gate_40,31,True,False
1929079,gate_30,5,False,False
1929084,gate_40,23,True,False
1929216,gate_30,51,False,False
1929365,gate_30,22,False,False
1929398,gate_30,3,False,False
1929475,gate_40,2,False,False
1929514,gate_40,9,False,False
1929646,gate_40,65,True,False
1929652,gate_40,1,False,False
1929945,gate_40,5,False,False
1930077,gate_30,7,False,False
1930081,gate_40,14,False,False
1930139,gate_40,6,False,False
1930228,gate_40,1,False,False
1930303,gate_40,16,False,False
1930437,gate_30,64,True,True
1930495,gate_40,14,True,False
1930528,gate_40,217,True,True
1930847,gate_30,2,True,False
1931061,gate_40,5,True,False
1931127,gate_40,89,True,True
1931163,gate_40,79,True,False
1931169,gate_30,57,True,False
1931182,gate_40,10,True,True
1931436,gate_30,28,True,False
1931476,gate_30,3,False,False
1931498,gate_40,0,False,False
1931650,gate_30,119,False,True
1931681,gate_40,33,True,False
1931777,gate_40,95,True,True
1931864,gate_30,214,True,True
1931898,gate_30,27,True,False
1931926,gate_40,65,True,False
1932116,gate_30,13,False,False
1932199,gate_40,12,False,False
1932266,gate_40,6,False,False
1932422,gate_30,47,True,False
1932425,gate_40,124,True,True
1932460,gate_40,22,True,False
1932486,gate_40,36,False,False
1932492,gate_40,4,False,False
1932747,gate_30,3,False,False
1932919,gate_40,1,False,False
1933052,gate_40,162,True,True
1933169,gate_30,16,False,False
1933181,gate_40,15,False,False
1933214,gate_40,31,False,False
1933235,gate_30,2,False,False
1933646,gate_30,16,True,False
1933775,gate_30,2,False,False
1933857,gate_40,0,False,False
1933862,gate_40,43,False,False
1934155,gate_40,7,True,False
1934161,gate_30,5,False,False
1934445,gate_40,16,False,False
1934513,gate_40,24,False,False
1934592,gate_40,15,False,False
1934699,gate_40,650,True,True
1934947,gate_30,0,False,False
1934997,gate_30,72,True,False
1935072,gate_30,184,True,True
1935250,gate_30,5,False,False
1935315,gate_30,49,True,False
1935349,gate_30,0,False,False
1935387,gate_30,12,False,False
1935395,gate_40,0,False,False
1935449,gate_30,56,True,False
1935563,gate_40,27,True,False
1935623,gate_40,64,True,False
1935763,gate_30,1,False,False
1936221,gate_30,33,True,False
1936309,gate_30,53,True,True
1936581,gate_40,6,False,False
1936854,gate_40,19,False,False
1937135,gate_30,211,True,True
1937247,gate_30,13,False,False
1937399,gate_30,41,True,True
1937402,gate_30,188,True,False
1937549,gate_30,23,True,False
1937610,gate_40,29,False,False
1937749,gate_30,12,True,False
1937898,gate_30,13,False,False
1937915,gate_40,45,False,False
1938059,gate_40,143,False,True
1938377,gate_30,37,False,False
1938495,gate_30,85,True,True
1938645,gate_30,8,False,False
1938730,gate_40,6,False,False
1938919,gate_40,106,True,False
1938976,gate_30,41,False,True
1939058,gate_30,5,False,False
1939100,gate_40,23,True,False
1939149,gate_40,40,True,False
1939220,gate_30,309,True,False
1939238,gate_30,10,False,False
1939266,gate_30,13,False,False
1939329,gate_30,5,False,False
1939378,gate_30,15,False,False
1939459,gate_30,3,False,False
1939465,gate_40,3,False,False
1939968,gate_30,26,True,False
1940379,gate_40,9,True,False
1940629,gate_30,265,True,True
1940660,gate_30,6,False,False
1940986,gate_40,8,False,False
1941082,gate_40,16,False,False
1941155,gate_40,22,False,False
1941403,gate_40,5,False,False
1941435,gate_30,307,True,True
1941469,gate_40,14,False,False
1941742,gate_30,15,True,False
1942122,gate_30,19,False,False
1942168,gate_30,14,False,False
1942391,gate_40,198,True,True
1942430,gate_40,137,True,False
1942523,gate_40,35,False,False
1942572,gate_30,79,True,True
1942581,gate_40,4,False,False
1942922,gate_30,0,False,False
1942974,gate_40,229,False,True
1943400,gate_40,70,True,True
1943516,gate_30,8,False,False
1943605,gate_40,11,True,False
1943688,gate_30,5,False,False
1943776,gate_30,13,False,False
1943874,gate_40,16,True,False
1943877,gate_40,9,True,False
1943932,gate_40,117,True,True
1944211,gate_30,5,False,False
1944220,gate_40,88,True,False
1944225,gate_30,87,True,True
1944385,gate_30,22,False,False
1944475,gate_40,35,True,True
1944568,gate_40,5,False,False
1944643,gate_40,4,False,False
1944655,gate_30,21,True,False
1944871,gate_40,3,False,False
1944904,gate_30,5,False,False
1945045,gate_30,64,True,False
1945062,gate_40,320,True,True
1945088,gate_40,17,True,False
1945132,gate_40,8,True,False
1945253,gate_40,49,True,False
1945468,gate_40,13,True,False
1945626,gate_30,4,False,False
1945863,gate_40,36,True,False
1946070,gate_40,188,False,True
1946096,gate_30,16,True,False
1946326,gate_40,233,True,True
1946424,gate_30,4,False,False
1946449,gate_30,61,True,True
1946489,gate_40,5,False,False
1946499,gate_30,10,False,False
1946680,gate_40,19,False,False
1946700,gate_40,6,False,False
1946754,gate_30,11,False,False
1946900,gate_40,187,True,True
1946913,gate_30,126,True,False
1947327,gate_40,38,False,False
1947358,gate_30,756,True,True
1947636,gate_40,21,True,False
1947743,gate_40,29,False,False
1947993,gate_40,69,True,False
1948040,gate_30,25,True,True
1948201,gate_40,3,False,False
1948212,gate_30,2,False,False
1948302,gate_40,216,True,False
1948351,gate_30,21,False,False
1948371,gate_30,139,False,True
1948474,gate_40,219,False,True
1948543,gate_40,10,False,False
1948593,gate_40,16,False,False
1948767,gate_30,0,False,False
1948965,gate_40,2,False,False
1948969,gate_30,10,False,False
1949033,gate_40,67,True,False
1949342,gate_30,5,False,False
1949382,gate_30,20,False,False
1949548,gate_40,4,False,False
1949554,gate_40,15,False,False
1949572,gate_40,23,True,False
1949595,gate_30,8,False,False
1949638,gate_30,68,True,True
1950111,gate_40,28,True,False
1950280,gate_30,12,True,False
1950337,gate_40,21,False,False
1950472,gate_30,68,True,False
1950534,gate_40,125,True,False
1950744,gate_40,7,True,False
1950763,gate_30,10,True,False
1950841,gate_40,31,False,True
1951039,gate_40,0,False,False
1951325,gate_30,3,False,True
1951385,gate_40,4,False,False
1951661,gate_40,67,False,False
1951847,gate_30,91,True,False
1952128,gate_40,2,False,False
1952139,gate_40,35,True,False
1952162,gate_30,243,True,True
1952188,gate_40,79,True,False
1952272,gate_30,100,True,False
1952294,gate_40,19,False,False
1952331,gate_40,14,True,False
1952360,gate_40,24,True,False
1952882,gate_40,0,False,False
1952894,gate_40,6,False,False
1952911,gate_30,47,True,False
1953093,gate_40,7,False,False
1953202,gate_30,121,True,True
1953249,gate_40,27,False,False
1953309,gate_40,17,False,False
1953364,gate_30,30,False,False
1953578,gate_30,2,False,False
1953691,gate_40,0,False,False
1953829,gate_30,6,True,False
1954041,gate_30,5,False,False
1954083,gate_40,1,False,False
1954130,gate_40,32,True,False
1954149,gate_40,16,True,False
1954301,gate_40,2,False,False
1954923,gate_30,5,False,False
1954928,gate_30,7,False,False
1955261,gate_30,2,False,False
1955322,gate_40,98,True,False
1955431,gate_40,2,False,False
1955462,gate_30,1,False,False
1955576,gate_40,3,False,False
1955580,gate_30,46,True,False
1955669,gate_40,7,False,False
1955915,gate_30,0,False,False
1956055,gate_30,104,True,False
1956059,gate_40,48,True,False
1956459,gate_40,24,False,False
1956587,gate_40,44,True,True
1956645,gate_30,8,False,False
1956710,gate_30,7,False,False
1956981,gate_30,14,False,False
1957021,gate_40,302,True,False
1957050,gate_30,63,False,True
1957056,gate_30,96,False,True
1957094,gate_30,9,False,False
1957097,gate_40,46,False,False
1957099,gate_40,4,False,False
1957193,gate_30,12,False,False
1957255,gate_30,1,False,False
1957409,gate_30,0,False,False
1957688,gate_40,11,False,False
1957732,gate_40,41,False,False
1957750,gate_30,4,False,False
1958113,gate_40,0,False,False
1958208,gate_30,12,False,False
1958396,gate_40,6,False,False
1958434,gate_40,7,False,False
1958758,gate_40,1,False,False
1958819,gate_30,5,False,False
1958822,gate_30,75,True,True
1958902,gate_40,17,True,True
1958973,gate_40,27,False,False
1959154,gate_30,62,True,False
1959167,gate_30,6,False,False
1959425,gate_40,18,False,True
1959616,gate_30,15,True,False
1959625,gate_30,9,False,False
1959696,gate_30,2,False,False
1959980,gate_40,5,True,False
1960081,gate_30,6,False,False
1960149,gate_30,2,False,False
1960168,gate_30,0,False,False
1960380,gate_30,33,False,False
1960390,gate_40,10,False,False
1960502,gate_40,102,True,True
1960612,gate_40,5,False,False
1960631,gate_30,31,False,False
1960732,gate_30,0,False,False
1961035,gate_30,23,False,True
1961419,gate_40,73,True,False
1961589,gate_30,3,False,False
1961698,gate_40,726,False,True
1961827,gate_40,50,False,False
1961863,gate_40,1,False,False
1961890,gate_30,41,True,True
1961957,gate_40,3,False,False
1962032,gate_30,13,False,False
1962092,gate_30,0,False,False
1962109,gate_40,55,True,False
1962136,gate_30,79,True,False
1962160,gate_30,3,False,False
1962171,gate_40,7,False,False
1962191,gate_40,132,True,False
1962225,gate_40,31,True,False
1962253,gate_30,5,False,False
1962291,gate_30,25,True,False
1962371,gate_30,182,True,True
1962490,gate_40,158,True,True
1962509,gate_40,4,False,False
1962624,gate_40,0,False,False
1963002,gate_40,5,True,False
1963153,gate_40,7,False,False
1963193,gate_40,1,False,False
1963334,gate_40,489,True,False
1963523,gate_40,55,True,False
1963607,gate_30,16,True,False
1963614,gate_40,193,True,True
1963767,gate_30,440,False,True
1963805,gate_40,1,False,False
1963814,gate_40,86,True,False
1963889,gate_30,55,False,False
1963902,gate_30,803,True,True
1964176,gate_30,2,False,False
1964187,gate_40,63,True,False
1964239,gate_40,142,True,False
1964377,gate_40,16,True,False
1964391,gate_30,34,True,False
1964392,gate_40,107,True,True
1964585,gate_40,40,True,True
1964811,gate_40,16,True,False
1965036,gate_40,80,True,False
1965095,gate_30,12,True,False
1965164,gate_40,1,False,False
1965230,gate_40,6,False,False
1965450,gate_30,11,False,False
1965489,gate_30,239,True,False
1965512,gate_30,24,False,False
1965580,gate_40,21,False,False
1965666,gate_40,7,True,False
1965764,gate_40,9,False,False
1965980,gate_40,435,True,True
1966121,gate_30,109,True,True
1966178,gate_40,16,True,False
1966237,gate_30,95,True,False
1966256,gate_40,13,False,False
1966361,gate_40,10,False,False
1966520,gate_30,6,False,True
1966573,gate_30,7,True,False
1966589,gate_40,16,False,False
1966918,gate_40,4,False,False
1966974,gate_40,7,False,False
1966991,gate_40,17,False,False
1967031,gate_30,11,False,False
1967138,gate_30,8,True,False
1967437,gate_30,43,True,False
1967459,gate_30,71,True,False
1967471,gate_30,43,True,False
1967688,gate_40,5,False,False
1967722,gate_30,39,True,True
1967893,gate_30,46,True,False
1967896,gate_30,3,False,False
1967991,gate_30,340,True,True
1968074,gate_40,31,True,False
1968220,gate_40,72,True,True
1968282,gate_30,5,False,False
1968319,gate_30,53,True,True
1968372,gate_40,4,False,False
1968491,gate_40,13,False,False
1968575,gate_40,8,False,False
1968812,gate_30,9,False,False
1969033,gate_30,2,False,False
1969202,gate_30,2,True,False
1969380,gate_40,12,False,False
1969417,gate_40,1,False,False
1969423,gate_30,0,False,False
1969447,gate_40,10,True,False
1969562,gate_30,313,True,False
1969664,gate_30,10,False,False
1969806,gate_40,75,True,False
1969819,gate_30,17,False,False
1970556,gate_40,97,False,False
1970579,gate_30,50,True,False
1970626,gate_30,69,True,True
1970668,gate_30,11,True,False
1970753,gate_30,113,False,False
1970755,gate_40,0,False,False
1970856,gate_30,6,False,False
1970938,gate_30,98,True,False
1970985,gate_30,9,False,False
1971004,gate_40,32,True,False
1971053,gate_30,28,True,False
1971063,gate_40,155,True,True
1971195,gate_30,11,False,False
1971251,gate_40,20,True,True
1971351,gate_30,4,False,False
1971382,gate_40,4,False,False
1971497,gate_40,8,False,False
1971665,gate_40,5,False,False
1971995,gate_40,1,False,False
1972010,gate_30,48,True,False
1972090,gate_40,3,False,False
1972245,gate_30,1,False,False
1972277,gate_30,7,False,False
1972361,gate_30,23,True,False
1972387,gate_40,26,True,False
1972417,gate_40,54,True,False
1972602,gate_30,60,True,False
1972889,gate_30,11,False,False
1972928,gate_40,55,True,False
1972960,gate_40,17,True,False
1972985,gate_30,4,False,False
1973089,gate_30,0,False,False
1973257,gate_40,16,False,False
1973518,gate_40,69,True,True
1973577,gate_40,13,True,False
1973760,gate_30,56,True,False
1974015,gate_30,62,False,False
1974089,gate_30,19,False,False
1974114,gate_40,18,True,False
1974133,gate_40,70,True,True
1974335,gate_30,0,False,False
1974450,gate_40,17,False,False
1974523,gate_30,8,False,False
1974587,gate_30,169,False,False
1974830,gate_40,125,True,True
1974921,gate_40,53,True,False
1975123,gate_30,18,True,False
1975174,gate_30,10,False,False
1975321,gate_40,15,True,False
1975351,gate_30,18,False,False
1975506,gate_30,22,False,False
1975531,gate_30,6,False,False
1975553,gate_40,12,False,False
1975918,gate_30,16,True,False
1975981,gate_30,313,True,True
1976031,gate_40,8,False,False
1976081,gate_40,1,False,False
1976225,gate_40,16,False,False
1976343,gate_30,49,True,True
1976529,gate_30,1,False,False
1976772,gate_30,17,False,False
1976816,gate_30,118,True,False
1976932,gate_30,37,True,False
1977010,gate_40,2,False,False
1977089,gate_30,6,True,True
1977169,gate_40,1,False,False
1977245,gate_40,141,True,True
1977278,gate_30,160,True,True
1977379,gate_30,8,False,False
1977441,gate_40,3,False,False
1977466,gate_40,141,True,False
1977622,gate_30,6,True,False
1978200,gate_30,32,False,False
1978222,gate_40,130,True,False
1978387,gate_40,126,True,False
1978439,gate_40,3,False,False
1978514,gate_40,50,False,False
1978553,gate_40,34,True,False
1978681,gate_40,62,True,True
1978722,gate_30,2,False,False
1978748,gate_30,479,False,True
1978761,gate_40,1,False,False
1978798,gate_40,0,False,False
1978915,gate_40,69,True,False
1978916,gate_40,419,True,True
1979115,gate_30,2,False,False
1979228,gate_40,275,True,True
1979275,gate_40,21,True,False
1979318,gate_40,0,False,False
1979360,gate_30,22,False,False
1979425,gate_40,209,True,False
1979453,gate_30,52,True,True
1979908,gate_30,22,True,False
1979996,gate_30,222,True,True
1980178,gate_40,228,True,True
1980200,gate_30,1,False,False
1980209,gate_40,33,False,False
1980322,gate_40,87,True,True
1980419,gate_30,20,True,True
1980491,gate_30,1,False,False
1980601,gate_40,23,True,False
1980867,gate_40,17,False,True
1980933,gate_30,39,False,False
1980939,gate_30,1,False,False
1980971,gate_40,2,False,False
1980995,gate_30,13,False,False
1981246,gate_30,58,True,False
1981507,gate_30,82,True,False
1981563,gate_30,11,True,False
1981959,gate_30,46,False,True
1982243,gate_30,1,False,False
1982306,gate_30,51,True,False
1982504,gate_40,312,True,True
1982519,gate_40,2,True,False
1982545,gate_40,61,True,False
1982876,gate_30,20,False,False
1982933,gate_40,1,False,False
1982951,gate_40,129,True,True
1983000,gate_30,9,False,False
1983060,gate_30,42,False,False
1983380,gate_40,13,True,False
1983414,gate_30,4,False,False
1983454,gate_40,15,True,False
1983583,gate_40,25,False,False
1983879,gate_40,25,False,False
1983915,gate_40,24,False,False
1984188,gate_30,4,False,False
1984303,gate_40,8,False,False
1984463,gate_30,23,False,False
1984512,gate_40,11,False,False
1984517,gate_40,4,False,False
1984617,gate_30,9,False,False
1984791,gate_30,63,False,True
1984838,gate_30,13,True,False
1984919,gate_40,53,True,False
1984946,gate_40,62,False,True
1985103,gate_40,9,True,False
1985178,gate_30,331,True,False
1985226,gate_30,17,False,False
1985257,gate_40,80,True,False
1985294,gate_30,137,True,False
1985300,gate_40,0,False,False
1985301,gate_40,7,False,False
1985316,gate_40,68,True,False
1985379,gate_30,49,True,False
1985401,gate_40,277,True,True
1985516,gate_30,27,True,False
1985590,gate_30,98,True,True
1985597,gate_30,346,True,False
1985639,gate_30,157,True,False
1985932,gate_40,7,False,False
1986004,gate_40,2,False,False
1986066,gate_40,1,False,False
1986073,gate_40,5,False,False
1986130,gate_30,19,False,False
1986232,gate_40,399,True,True
1986296,gate_30,28,False,False
1986329,gate_40,59,True,False
1986412,gate_30,94,True,True
1986550,gate_40,31,True,False
1986620,gate_30,5,False,False
1986652,gate_40,27,True,True
1986759,gate_40,225,True,True
1986865,gate_30,22,True,False
1986996,gate_30,26,False,True
1987211,gate_30,11,False,False
1987282,gate_30,119,False,True
1987283,gate_40,12,False,False
1987393,gate_30,14,False,True
1987452,gate_40,5,False,False
1987510,gate_30,44,True,True
1987545,gate_30,75,True,True
1987730,gate_30,17,True,False
1987823,gate_40,3,False,False
1988017,gate_40,7,False,False
1988104,gate_30,32,False,False
1988129,gate_40,5,False,False
1988250,gate_30,11,False,False
1988373,gate_40,5,False,False
1988473,gate_30,8,False,False
1988646,gate_40,59,True,False
1988762,gate_30,28,False,False
1988771,gate_30,2,False,False
1988817,gate_40,14,False,False
1988835,gate_30,118,True,False
1989213,gate_30,45,False,False
1989293,gate_40,31,False,False
1989386,gate_40,16,False,False
1989392,gate_30,30,True,False
1989407,gate_30,141,True,True
1989550,gate_40,26,True,False
1989563,gate_30,1,False,False
1989623,gate_30,1,False,False
1989717,gate_30,17,True,False
1989875,gate_30,0,False,False
1989958,gate_40,81,True,False
1990127,gate_40,41,True,False
1990149,gate_40,4,False,False
1990192,gate_40,1,False,False
1990716,gate_30,62,True,True
1990967,gate_30,18,False,False
1991082,gate_40,52,True,False
1991280,gate_30,142,True,False
1991592,gate_30,5,False,False
1991697,gate_40,25,True,False
1991820,gate_30,2,False,False
1992162,gate_40,6,False,False
1992450,gate_40,21,True,False
1992503,gate_40,56,True,False
1992737,gate_40,191,True,True
1992743,gate_30,26,True,False
1992920,gate_30,56,True,False
1992985,gate_40,4,False,False
1993123,gate_40,140,True,False
1993243,gate_40,24,True,False
1993383,gate_30,19,True,False
1993404,gate_30,495,True,True
1993422,gate_40,46,True,False
1993737,gate_30,15,False,False
1994067,gate_40,5,False,False
1994101,gate_40,5,False,False
1994125,gate_30,3,False,False
1994147,gate_40,13,False,False
1994184,gate_30,126,True,True
1994351,gate_30,13,False,False
1994442,gate_40,16,True,False
1994717,gate_30,143,True,False
1994734,gate_40,22,False,False
1994791,gate_30,8,False,False
1994908,gate_30,104,True,False
1994986,gate_40,27,True,False
1995072,gate_30,55,True,True
1995228,gate_30,1,False,False
1995244,gate_40,18,True,False
1995295,gate_30,5,False,False
1995328,gate_30,17,False,False
1995402,gate_30,1,False,False
1995411,gate_40,16,False,True
1995794,gate_30,25,True,False
1995803,gate_30,3,False,False
1995821,gate_40,61,True,False
1995844,gate_40,14,True,False
1995853,gate_40,4,False,False
1995863,gate_40,49,True,False
1995865,gate_30,21,True,False
1995866,gate_30,68,True,True
1995968,gate_40,0,False,False
1995969,gate_40,453,True,True
1996069,gate_40,15,True,False
1996176,gate_30,8,False,False
1996203,gate_40,20,False,False
1996349,gate_40,7,True,False
1996515,gate_30,40,True,True
1996816,gate_40,3,False,False
1996907,gate_40,9,False,False
1996934,gate_30,66,True,False
1997383,gate_40,59,True,False
1997577,gate_30,19,False,False
1997778,gate_30,7,False,False
1997850,gate_30,3,False,False
1997853,gate_40,2,True,False
1997923,gate_40,3,False,False
1997932,gate_30,4,False,False
1998064,gate_30,1,False,False
1998086,gate_30,19,False,False
1998171,gate_40,5,False,False
1998423,gate_40,7,False,False
1998519,gate_40,37,True,False
1998541,gate_30,8,True,False
1998684,gate_30,28,True,True
1998703,gate_40,45,True,False
1998722,gate_30,0,False,False
1999027,gate_40,27,False,False
1999258,gate_40,9,False,False
1999338,gate_40,7,False,False
1999424,gate_30,4,False,False
1999459,gate_30,21,False,False
1999775,gate_40,5,True,False
2000409,gate_40,7,False,False
2000441,gate_30,5,False,False
2000450,gate_40,35,True,False
2000522,gate_30,14,False,False
2000787,gate_40,1,False,False
2000841,gate_40,37,True,False
2000865,gate_30,30,True,False
2001139,gate_40,7,False,False
2001140,gate_40,79,True,False
2001231,gate_40,109,True,False
2001338,gate_40,2,False,False
2001368,gate_40,12,False,False
2001453,gate_30,121,True,False
2001609,gate_40,3,False,False
2001639,gate_30,336,True,True
2001645,gate_40,5,False,False
2001795,gate_40,18,True,False
2001944,gate_40,15,False,False
2002027,gate_30,20,False,False
2002079,gate_40,15,True,False
2002262,gate_30,64,True,False
2002345,gate_30,18,True,False
2002677,gate_30,57,True,False
2002876,gate_30,18,False,False
2002908,gate_30,18,False,False
2003095,gate_30,5,True,False
2003271,gate_30,3,False,False
2003300,gate_40,17,False,False
2003343,gate_40,24,False,False
2003441,gate_30,16,True,False
2003638,gate_30,32,False,False
2003655,gate_40,0,False,False
2003797,gate_40,460,True,True
2003798,gate_40,36,True,True
2004111,gate_40,233,True,True
2004189,gate_40,0,False,False
2004740,gate_40,11,False,False
2004775,gate_40,5,False,False
2004784,gate_30,39,True,False
2004920,gate_40,2,False,False
2004931,gate_30,93,False,True
2005061,gate_30,2,False,False
2005068,gate_30,32,True,False
2005554,gate_30,22,False,False
2005563,gate_40,15,True,False
2005570,gate_30,227,True,True
2005778,gate_40,132,True,True
2005854,gate_40,24,True,False
2005914,gate_30,226,True,True
2006063,gate_40,5,False,False
2006375,gate_30,13,False,False
2006539,gate_30,20,False,True
2006690,gate_40,85,True,False
2006736,gate_40,107,True,False
2006773,gate_30,40,True,False
2006783,gate_40,4,False,False
2007064,gate_30,5,False,False
2007249,gate_40,103,True,False
2007324,gate_30,3,False,False
2007560,gate_40,4,False,False
2007654,gate_30,5,False,False
2007789,gate_40,6,False,False
2008310,gate_30,2,False,False
2008375,gate_30,0,False,False
2008380,gate_40,1,False,False
2008425,gate_30,12,False,False
2008486,gate_30,103,True,True
2008571,gate_30,64,True,True
2008833,gate_40,0,False,False
2009412,gate_40,82,True,True
2009418,gate_30,20,True,False
2009437,gate_30,5,False,False
2009459,gate_30,2,False,False
2009729,gate_30,9,False,False
2009754,gate_40,99,True,True
2009840,gate_40,0,False,False
2009946,gate_40,6,False,False
2010134,gate_40,25,False,False
2010219,gate_30,8,False,False
2010375,gate_30,2,False,False
2010727,gate_30,181,True,True
2010888,gate_30,18,False,False
2010895,gate_30,1,False,False
2010931,gate_40,15,False,False
2010937,gate_30,5,True,False
2011126,gate_40,1,False,False
2011147,gate_40,1,False,False
2011188,gate_40,49,True,True
2011246,gate_40,15,False,False
2011290,gate_30,4,False,False
2011391,gate_40,228,True,True
2011404,gate_40,13,False,False
2011657,gate_30,142,True,False
2011724,gate_30,48,False,False
2011740,gate_40,87,True,False
2011744,gate_30,207,True,False
2011836,gate_30,11,False,False
2011908,gate_30,2,False,False
2012005,gate_30,16,False,False
2012066,gate_40,13,True,False
2012094,gate_30,1,False,False
2012128,gate_40,15,False,False
2012211,gate_40,48,True,False
2012314,gate_40,53,True,False
2012458,gate_30,206,False,True
2012533,gate_30,3,False,False
2012797,gate_40,51,False,False
2013005,gate_40,2,False,False
2013050,gate_40,154,True,False
2013074,gate_30,1,False,False
2013171,gate_40,110,True,False
2013305,gate_40,3,False,False
2013409,gate_40,0,False,False
2013453,gate_30,49,True,False
2013516,gate_40,51,False,False
2014089,gate_40,243,True,True
2014175,gate_30,3,False,False
2014395,gate_40,8,True,False
2014453,gate_40,39,False,False
2014550,gate_40,66,True,False
2014633,gate_30,15,False,False
2014706,gate_40,6,False,False
2014980,gate_40,48,False,False
2015145,gate_30,125,True,True
2015221,gate_40,159,True,True
2015263,gate_40,25,True,True
2015282,gate_40,14,False,False
2015351,gate_30,4,False,False
2015484,gate_30,5,False,False
2015533,gate_30,20,False,False
2015728,gate_30,58,False,True
2016094,gate_30,81,True,False
2016107,gate_30,21,True,False
2016359,gate_40,163,True,False
2016429,gate_30,54,True,False
2016614,gate_30,2,False,False
2016860,gate_40,33,True,False
2017050,gate_40,3,False,False
2017060,gate_40,3,False,False
2017445,gate_30,28,False,False
2017602,gate_40,0,False,False
2017719,gate_40,5,False,False
2017753,gate_40,12,True,False
2017790,gate_30,5,False,False
2018118,gate_30,32,True,False
2018160,gate_30,19,False,False
2018285,gate_40,5,True,False
2018336,gate_40,9,False,False
2018376,gate_40,27,False,True
2018490,gate_40,94,True,True
2018538,gate_40,126,True,True
2018715,gate_30,3,False,False
2018730,gate_40,48,True,False
2018846,gate_30,1,True,False
2018853,gate_30,0,False,False
2018909,gate_40,8,False,False
2019067,gate_40,10,True,False
2019112,gate_40,4,False,False
2019526,gate_30,4,False,False
2019697,gate_40,13,False,False
2019765,gate_30,43,False,False
2019802,gate_30,10,False,False
2019869,gate_30,4,False,False
2019936,gate_40,3,False,False
2020170,gate_30,104,True,False
2020348,gate_30,118,True,True
2020392,gate_40,61,True,True
2020420,gate_30,2,False,False
2020701,gate_30,2,True,False
2020849,gate_30,809,False,True
2021153,gate_30,311,True,True
2021267,gate_40,16,True,False
2021279,gate_30,19,True,False
2021352,gate_30,42,False,False
2021450,gate_40,7,False,False
2021467,gate_30,1,False,False
2021520,gate_40,136,True,True
2021555,gate_30,1,False,False
2021632,gate_40,62,True,False
2021633,gate_40,76,True,False
2021793,gate_30,39,True,False
2021797,gate_40,35,False,True
2022039,gate_30,7,False,False
2022056,gate_40,28,True,False
2022147,gate_40,3,False,False
2022188,gate_30,10,False,False
2022252,gate_40,20,True,False
2022411,gate_30,51,True,False
2022413,gate_40,5,True,False
2022456,gate_30,0,False,False
2022549,gate_30,33,True,False
2022704,gate_30,11,False,False
2022793,gate_40,34,True,True
2023029,gate_40,1,False,False
2023241,gate_30,2,False,False
2023336,gate_40,45,True,False
2023449,gate_30,9,False,False
2023481,gate_30,2,False,False
2023509,gate_40,12,False,False
2023527,gate_30,13,False,False
2023545,gate_40,1,False,False
2023566,gate_40,241,True,False
2023577,gate_30,7,False,False
2023587,gate_40,48,True,False
2023700,gate_40,10,False,False
2023745,gate_30,37,True,False
2023750,gate_40,6,True,False
2023961,gate_40,12,False,True
2024069,gate_30,91,True,False
2024073,gate_30,43,True,False
2024075,gate_40,110,True,False
2024191,gate_30,21,False,False
2024289,gate_30,56,True,False
2024355,gate_40,3,False,False
2024371,gate_40,1,False,False
2024438,gate_40,87,True,True
2024539,gate_30,1,False,False
2024604,gate_40,1,False,False
2024727,gate_40,23,False,False
2024732,gate_40,1,False,False
2024762,gate_40,120,True,True
2024784,gate_30,2,False,False
2024885,gate_30,25,True,True
2024941,gate_40,12,False,False
2025046,gate_40,19,False,False
2025103,gate_30,1,False,False
2025258,gate_30,3,False,False
2025314,gate_30,22,True,False
2025380,gate_40,21,True,False
2025415,gate_40,0,False,False
2025461,gate_40,0,False,False
2025661,gate_30,111,True,False
2025883,gate_40,11,False,False
2025976,gate_30,18,True,False
2026048,gate_40,6,False,False
2026114,gate_40,24,True,False
2026122,gate_40,125,True,True
2026219,gate_40,9,True,False
2026222,gate_30,16,False,False
2026235,gate_40,6,False,False
2026721,gate_30,55,True,True
2026802,gate_30,186,True,True
2026835,gate_30,109,True,True
2026880,gate_40,24,False,True
2026944,gate_30,1,False,False
2027013,gate_40,8,False,False
2027162,gate_40,10,False,False
2027250,gate_30,36,True,False
2027456,gate_30,10,False,True
2027460,gate_40,13,False,False
2027532,gate_30,11,False,False
2027590,gate_40,76,False,False
2027651,gate_40,19,True,False
2027686,gate_30,5,False,False
2027712,gate_40,36,True,False
2027831,gate_30,33,False,False
2027838,gate_30,3,True,False
2027851,gate_30,92,False,False
2028030,gate_40,1,False,False
2028120,gate_40,92,True,False
2028155,gate_30,1,False,False
2028394,gate_30,12,True,False
2028448,gate_40,2,False,False
2028481,gate_40,112,False,False
2028563,gate_30,144,True,True
2028564,gate_30,1,False,False
2028939,gate_40,2,False,False
2028949,gate_40,3,False,False
2029041,gate_30,1,False,False
2029087,gate_40,318,True,True
2029471,gate_30,4,False,False
2029498,gate_30,328,True,True
2029719,gate_40,21,True,False
2029747,gate_30,2,False,False
2029776,gate_30,4,False,False
2029884,gate_40,28,True,False
2029956,gate_30,27,True,False
2030036,gate_40,46,True,False
2030386,gate_30,40,True,False
2030806,gate_40,17,False,False
2030906,gate_40,5,True,False
2031017,gate_40,6,False,False
2031164,gate_40,44,True,False
2031230,gate_40,4,False,False
2031298,gate_40,37,True,False
2031390,gate_30,3,False,False
2031404,gate_40,15,True,False
2031457,gate_30,6,False,False
2031471,gate_40,0,False,False
2031499,gate_30,3,False,True
2031680,gate_40,1,False,False
2031781,gate_30,40,True,False
2031928,gate_30,35,False,False
2032045,gate_30,22,True,False
2032165,gate_40,3,True,False
2032204,gate_40,150,False,True
2032624,gate_40,3,False,False
2032665,gate_40,69,True,False
2032754,gate_30,0,False,False
2032760,gate_30,17,True,False
2032850,gate_40,8,False,False
2033333,gate_30,115,True,False
2033490,gate_30,8,True,False
2033615,gate_40,17,False,False
2033680,gate_40,2,False,False
2033721,gate_30,15,True,False
2033847,gate_30,6,False,False
2034098,gate_40,12,False,False
2034277,gate_40,4,False,False
2034974,gate_30,28,False,False
2035055,gate_40,35,True,False
2035065,gate_40,238,True,True
2035452,gate_40,26,True,False
2035590,gate_40,29,True,False
2035732,gate_30,41,False,False
2036031,gate_30,35,True,False
2036047,gate_40,16,True,False
2036082,gate_30,21,False,False
2036185,gate_30,764,True,True
2036236,gate_30,2,False,False
2036249,gate_40,172,True,True
2036289,gate_30,12,False,False
2036890,gate_40,8,True,False
2036938,gate_40,67,True,False
2036992,gate_40,12,False,False
2037292,gate_40,132,True,True
2037357,gate_40,3,True,False
2037404,gate_30,20,True,False
2037680,gate_30,122,True,True
2037843,gate_40,5,False,False
2038104,gate_30,27,True,False
2038129,gate_30,7,True,True
2038175,gate_40,85,False,True
2038192,gate_30,48,True,False
2038255,gate_30,3,False,False
2038263,gate_40,112,True,True
2038438,gate_30,20,True,False
2038496,gate_40,50,True,True
2038647,gate_30,4,False,False
2038662,gate_40,17,True,False
2038682,gate_40,14,False,False
2038731,gate_40,0,False,False
2038738,gate_40,30,True,True
2038755,gate_40,5,False,False
2038782,gate_30,184,True,True
2038794,gate_40,4,True,False
2039105,gate_30,6,False,False
2039166,gate_30,1,False,False
2039245,gate_40,19,True,False
2039246,gate_30,86,False,False
2039540,gate_40,1,False,False
2039570,gate_40,2,False,False
2039597,gate_30,3,False,False
2039666,gate_40,9,False,False
2039695,gate_30,44,True,True
2039753,gate_40,13,False,False
2039786,gate_40,13,False,False
2040101,gate_30,5,False,False
2040143,gate_40,25,True,False
2040315,gate_30,5,False,False
2040343,gate_40,22,True,False
2040469,gate_30,86,True,True
2040624,gate_30,17,False,False
2040858,gate_30,34,False,False
2040913,gate_40,9,True,False
2040948,gate_40,7,False,False
2040993,gate_30,2,False,False
2041022,gate_30,8,False,False
2041074,gate_40,1,False,False
2041241,gate_30,8,True,False
2041287,gate_30,235,True,True
2041680,gate_30,2,False,False
2041710,gate_40,40,False,True
2041777,gate_30,40,False,False
2041787,gate_40,5,False,False
2041895,gate_40,70,False,False
2042292,gate_30,4,False,False
2042316,gate_40,1,False,False
2042537,gate_30,30,False,False
2042543,gate_40,29,True,False
2042655,gate_40,4,False,False
2042858,gate_40,25,False,False
2042890,gate_30,2,False,False
2043174,gate_30,297,True,True
2043239,gate_30,83,True,False
2043253,gate_30,0,False,False
2043389,gate_30,95,True,False
2043421,gate_30,0,False,False
2043836,gate_40,64,True,False
2043943,gate_40,10,True,False
2043989,gate_30,7,False,False
2044108,gate_30,17,False,False
2044267,gate_30,15,True,True
2044300,gate_40,147,True,True
2044473,gate_30,29,False,False
2044570,gate_40,20,False,False
2044652,gate_40,48,True,False
2044675,gate_30,2,False,False
2044760,gate_30,9,False,False
2044772,gate_30,387,True,True
2044791,gate_30,31,True,False
2044925,gate_40,15,False,False
2045029,gate_30,0,False,False
2045080,gate_40,6,False,False
2045143,gate_30,10,False,False
2045170,gate_30,15,False,False
2045175,gate_40,19,False,False
2045178,gate_30,36,False,False
2045208,gate_40,1,False,False
2045431,gate_40,20,True,False
2045530,gate_40,0,False,False
2045626,gate_40,227,True,True
2045664,gate_40,44,True,False
2045692,gate_40,13,False,False
2045711,gate_30,39,False,False
2045789,gate_40,3,False,False
2045855,gate_40,25,True,False
2045883,gate_40,56,True,False
2046002,gate_40,80,True,False
2046057,gate_30,20,False,False
2046118,gate_40,1,False,False
2046153,gate_30,4,False,False
2046363,gate_40,5,False,False
2046763,gate_30,6,False,True
2046816,gate_40,144,True,True
2047067,gate_30,3,False,False
2047158,gate_30,1,False,False
2047312,gate_30,175,True,False
2047346,gate_30,3,False,False
2047564,gate_30,2,False,False
2047649,gate_40,14,False,False
2047652,gate_40,23,True,False
2047798,gate_30,158,True,True
2047823,gate_30,6,True,False
2048071,gate_40,51,True,False
2048098,gate_40,3,False,False
2048151,gate_30,7,False,False
2048203,gate_40,33,True,False
2048224,gate_30,1,False,False
2048241,gate_40,11,False,False
2048364,gate_40,5,False,False
2048579,gate_30,55,True,False
2048667,gate_40,12,True,False
2048817,gate_30,26,True,False
2049000,gate_30,7,False,False
2049228,gate_40,14,False,False
2049281,gate_30,5,False,False
2049383,gate_30,2,False,False
2049408,gate_40,2,False,False
2049445,gate_40,2,False,False
2049584,gate_30,36,True,False
2049680,gate_40,5,False,False
2049751,gate_30,193,True,False
2049803,gate_30,4,True,False
2050101,gate_40,392,True,True
2050123,gate_40,27,False,False
2050141,gate_40,61,True,False
2050235,gate_30,21,True,False
2050445,gate_40,55,True,False
2050619,gate_30,4,False,False
2050622,gate_40,6,False,False
2050637,gate_40,57,True,False
2050687,gate_30,1,False,False
2050937,gate_30,2,False,False
2050974,gate_40,68,False,False
2051070,gate_30,325,True,True
2051153,gate_40,154,True,False
2051172,gate_30,80,True,True
2051249,gate_40,61,False,False
2051321,gate_30,0,False,False
2051465,gate_30,13,False,False
2051807,gate_30,72,True,False
2051862,gate_30,3,False,False
2051872,gate_40,11,False,False
2051895,gate_30,78,True,True
2051897,gate_40,218,True,True
2051941,gate_40,3,False,False
2052004,gate_40,106,True,True
2052005,gate_40,91,True,True
2052009,gate_30,2,False,False
2052044,gate_40,0,False,False
2052311,gate_40,4,True,False
2052344,gate_30,100,True,False
2052592,gate_30,4,True,False
2052604,gate_40,13,True,False
2052607,gate_40,25,False,False
2052694,gate_30,52,False,True
2052750,gate_30,39,False,False
2052895,gate_30,622,True,True
2052961,gate_30,0,False,False
2053118,gate_40,4,False,False
2053140,gate_30,52,False,False
2053206,gate_40,11,True,False
2053259,gate_40,1,False,False
2053509,gate_40,79,False,False
2053593,gate_30,143,True,True
2053718,gate_40,40,True,False
2053871,gate_40,5,False,False
2054197,gate_30,5,False,True
2054216,gate_30,23,True,False
2054242,gate_30,12,True,False
2054377,gate_40,0,False,False
2054411,gate_40,86,True,False
2054422,gate_40,4,False,False
2054466,gate_30,214,True,False
2054923,gate_30,133,False,False
2055041,gate_30,1,False,False
2055096,gate_40,0,False,False
2055832,gate_30,3,False,False
2055941,gate_30,7,False,False
2056009,gate_30,25,False,False
2056109,gate_40,15,False,False
2056191,gate_30,3,False,False
2056328,gate_30,7,False,False
2056346,gate_40,4,False,False
2056349,gate_40,13,False,False
2056457,gate_30,22,False,False
2056496,gate_30,4,False,False
2056514,gate_40,4,False,False
2056554,gate_30,5,False,False
2056615,gate_30,2,False,False
2056662,gate_30,12,False,False
2056668,gate_30,63,True,True
2056710,gate_40,4,False,False
2056740,gate_30,17,False,False
2056787,gate_40,15,False,False
2056801,gate_40,0,False,False
2056844,gate_40,27,False,False
2056922,gate_40,22,False,False
2057240,gate_30,14,True,False
2057278,gate_30,9,True,False
2057344,gate_30,11,True,False
2057414,gate_30,34,True,False
2057438,gate_30,31,True,False
2057552,gate_30,16,True,False
2057857,gate_40,0,False,False
2058415,gate_30,1,False,False
2058586,gate_30,29,True,False
2058635,gate_30,68,True,True
2058687,gate_30,8,False,False
2058696,gate_40,74,True,True
2058727,gate_40,10,True,False
2058777,gate_40,5,True,False
2058798,gate_40,28,True,False
2058862,gate_30,26,True,False
2058957,gate_40,94,True,False
2059172,gate_40,8,False,False
2059200,gate_30,39,False,False
2059326,gate_40,18,False,False
2059347,gate_40,4,False,True
2059592,gate_30,40,True,True
2059617,gate_30,1,False,False
2059690,gate_40,1,False,False
2059817,gate_40,27,False,False
2059970,gate_30,16,False,False
2060144,gate_40,22,False,True
2060157,gate_30,3,False,False
2060447,gate_30,45,False,False
2060618,gate_40,0,False,False
2060931,gate_40,151,True,False
2060955,gate_30,0,False,False
2060975,gate_30,90,True,True
2061225,gate_40,10,False,False
2061429,gate_30,22,False,False
2061621,gate_40,54,False,False
2061672,gate_40,4,False,False
2061720,gate_40,2,False,False
2062108,gate_30,67,True,True
2062202,gate_40,19,True,False
2062319,gate_40,4,False,False
2062858,gate_30,46,False,False
2062880,gate_40,9,False,False
2063114,gate_40,17,False,False
2063598,gate_40,1,False,False
2063607,gate_40,9,False,False
2063630,gate_30,166,True,True
2063638,gate_40,58,False,False
2063897,gate_30,77,True,True
2063988,gate_40,120,True,True
2064005,gate_40,62,True,False
2064296,gate_30,36,True,False
2064312,gate_30,49,True,False
2064471,gate_30,20,False,False
2064495,gate_30,0,False,False
2064585,gate_40,6,False,False
2064683,gate_40,22,False,False
2064806,gate_30,9,False,False
2064866,gate_40,107,True,False
2064926,gate_30,27,True,False
2064953,gate_30,1,False,False
2064964,gate_30,7,False,False
2065034,gate_30,98,True,True
2065138,gate_30,22,True,False
2065156,gate_30,2,False,False
2065164,gate_30,135,False,True
2065419,gate_30,76,True,False
2065477,gate_30,13,False,False
2065529,gate_30,7,False,False
2065543,gate_30,212,True,False
2065544,gate_30,3,False,False
2065754,gate_40,209,True,False
2065827,gate_30,0,False,False
2065893,gate_30,145,True,False
2066016,gate_30,4,False,False
2066032,gate_40,34,False,False
2066247,gate_40,7,True,False
2066295,gate_30,27,True,False
2066847,gate_40,8,True,False
2066866,gate_30,2,False,False
2066942,gate_30,390,True,True
2066948,gate_30,10,True,False
2067297,gate_30,180,True,True
2067298,gate_40,39,True,False
2067299,gate_30,14,True,False
2067319,gate_40,42,False,False
2067471,gate_40,15,False,False
2067556,gate_40,1816,True,True
2067558,gate_30,8,False,False
2067877,gate_30,26,False,False
2067911,gate_30,137,True,False
2067997,gate_30,29,False,False
2068042,gate_30,2,False,False
2068205,gate_40,10,True,False
2068565,gate_40,17,True,False
2068618,gate_30,48,True,False
2068624,gate_30,22,True,True
2068784,gate_30,2,True,False
2068933,gate_30,19,True,False
2068977,gate_40,2,False,False
2069141,gate_30,50,False,True
2069259,gate_40,12,True,False
2069308,gate_30,52,True,True
2069434,gate_30,66,True,True
2069641,gate_40,0,False,False
2070014,gate_30,43,True,False
2070030,gate_40,14,False,False
2070224,gate_30,1,False,False
2070444,gate_40,101,True,False
2070445,gate_30,173,True,True
2070676,gate_30,17,False,False
2070768,gate_40,322,True,True
2070835,gate_30,81,True,False
2070839,gate_30,166,True,True
2070919,gate_40,154,True,True
2070945,gate_30,22,True,False
2071262,gate_40,5,True,False
2071378,gate_40,1,False,False
2071437,gate_30,60,True,True
2071439,gate_40,182,True,True
2071481,gate_40,107,True,True
2071487,gate_30,3,False,False
2072077,gate_30,13,True,False
2072308,gate_40,3,False,False
2072351,gate_30,16,False,False
2072493,gate_30,22,True,False
2072540,gate_30,25,True,False
2072565,gate_40,24,False,False
2072890,gate_30,2,True,False
2072957,gate_30,3,True,False
2073006,gate_30,7,True,False
2073310,gate_30,215,True,False
2073333,gate_40,2,True,True
2073353,gate_30,1,False,False
2073393,gate_40,6,False,False
2073896,gate_30,4,False,False
2074396,gate_30,13,False,False
2074404,gate_40,16,False,False
2074630,gate_40,21,True,False
2074785,gate_40,0,False,False
2074938,gate_30,13,False,False
2075050,gate_40,2,False,False
2075164,gate_30,4,False,False
2075551,gate_40,19,False,False
2075706,gate_40,19,False,True
2075870,gate_40,1075,True,True
2075958,gate_30,10,False,False
2076009,gate_40,54,True,False
2076170,gate_30,0,False,False
2076243,gate_40,11,False,False
2076456,gate_40,1,False,False
2076929,gate_30,4,True,False
2077076,gate_30,0,False,False
2077083,gate_30,206,True,True
2077153,gate_40,5,False,False
2077161,gate_40,6,False,False
2077221,gate_30,0,False,False
2077233,gate_30,6,True,False
2077604,gate_30,40,False,False
2077790,gate_30,0,False,False
2077816,gate_40,92,False,True
2077963,gate_40,3,False,False
2078044,gate_40,3,False,False
2078295,gate_30,17,False,False
2078344,gate_30,0,False,False
2078559,gate_30,3,False,False
2078563,gate_30,15,False,False
2078574,gate_40,4,False,False
2078606,gate_40,11,True,False
2078696,gate_40,157,True,True
2078980,gate_30,18,True,False
2079171,gate_30,393,True,True
2079229,gate_30,9,False,False
2079235,gate_40,4,False,False
2079366,gate_30,10,False,False
2079454,gate_30,5,False,False
2079995,gate_30,76,True,True
2079999,gate_40,3,False,False
2080030,gate_30,25,False,False
2080090,gate_30,5,False,False
2080193,gate_40,326,True,True
2080592,gate_30,64,False,False
2080619,gate_40,52,False,False
2080865,gate_40,113,True,True
2080939,gate_40,192,True,True
2080945,gate_30,36,True,False
2081068,gate_30,135,True,True
2081101,gate_40,5,True,False
2081110,gate_40,112,True,False
2081223,gate_40,3,False,False
2081365,gate_30,0,False,False
2081477,gate_30,200,True,True
2081621,gate_30,36,False,False
2081727,gate_30,5,False,False
2081752,gate_40,0,False,False
2081828,gate_40,39,True,False
2081941,gate_30,18,True,False
2082039,gate_30,2,False,False
2082234,gate_40,89,True,True
2082359,gate_30,0,False,False
2082364,gate_30,2,True,False
2082467,gate_30,10,True,False
2082507,gate_40,41,True,True
2082634,gate_40,11,True,False
2082754,gate_30,23,True,False
2082911,gate_30,55,True,False
2082989,gate_40,16,False,False
2083149,gate_30,2,False,False
2083255,gate_40,3,False,False
2083342,gate_30,7,False,False
2083363,gate_30,5,False,False
2083367,gate_40,15,True,False
2083424,gate_40,35,True,False
2083479,gate_40,61,True,True
2083705,gate_40,65,True,True
2083869,gate_30,6,False,False
2084020,gate_30,14,True,False
2084123,gate_30,38,True,True
2084285,gate_30,6,False,False
2084337,gate_40,16,False,False
2084364,gate_30,5,False,False
2084407,gate_40,242,True,True
2084484,gate_30,18,False,True
2084490,gate_30,13,False,False
2084697,gate_30,7,True,False
2085040,gate_30,6,False,False
2085099,gate_40,4,False,False
2085451,gate_30,7,True,False
2085514,gate_40,66,True,False
2085760,gate_40,8,False,False
2085824,gate_30,0,False,False
2085987,gate_40,131,True,True
2085996,gate_40,71,False,True
2085998,gate_30,296,True,True
2086068,gate_30,7,False,False
2086154,gate_40,187,True,True
2086505,gate_30,85,True,False
2086531,gate_30,1,False,False
2086536,gate_40,9,False,False
2086831,gate_40,0,False,False
2086862,gate_40,3,False,False
2086899,gate_40,1,False,False
2087004,gate_40,48,True,False
2087044,gate_40,16,True,False
2087336,gate_40,9,False,False
2087646,gate_40,5,False,False
2087650,gate_30,7,False,False
2087794,gate_30,16,True,False
2087935,gate_40,107,True,False
2088011,gate_40,213,True,True
2088184,gate_40,45,True,False
2088300,gate_30,96,True,True
2088358,gate_30,10,False,True
2088370,gate_30,38,False,False
2088402,gate_30,3,False,False
2088657,gate_40,6,False,False
2088681,gate_30,83,True,True
2088752,gate_40,30,False,False
2089199,gate_40,24,False,False
2089474,gate_30,51,True,False
2089829,gate_30,58,False,True
2089834,gate_30,0,False,False
2089957,gate_40,0,False,False
2090251,gate_40,36,True,False
2090301,gate_30,59,True,False
2090333,gate_40,1,False,False
2090379,gate_40,2,False,False
2090483,gate_40,356,True,True
2090588,gate_40,9,False,False
2090619,gate_30,22,True,False
2090790,gate_30,1,False,False
2090966,gate_40,11,False,False
2091037,gate_40,1,False,False
2091075,gate_30,0,False,False
2091205,gate_40,139,True,True
2091257,gate_40,13,False,False
2091391,gate_30,5,False,False
2091401,gate_40,8,False,False
2091411,gate_40,19,True,False
2091420,gate_30,1,False,False
2091523,gate_40,934,True,False
2091527,gate_30,35,False,False
2091688,gate_40,78,True,False
2091911,gate_30,1,False,False
2091977,gate_30,241,True,True
2092044,gate_40,7,False,False
2092142,gate_30,47,True,False
2092235,gate_30,3,False,False
2092412,gate_30,63,False,False
2092512,gate_40,18,True,False
2092533,gate_40,32,False,True
2092584,gate_40,10,False,False
2092691,gate_40,10,True,False
2092752,gate_40,11,True,False
2092773,gate_40,344,True,True
2092843,gate_40,29,True,False
2093075,gate_30,11,True,False
2093129,gate_30,21,False,False
2093251,gate_30,15,True,False
2093253,gate_40,2,False,False
2093262,gate_30,19,True,True
2093428,gate_30,47,True,False
2093506,gate_30,7,True,False
2093572,gate_30,25,True,False
2093649,gate_40,3,False,False
2093726,gate_40,21,False,False
2093743,gate_40,10,False,False
2093851,gate_40,2,False,False
2093923,gate_40,59,True,False
2094056,gate_30,139,True,True
2094241,gate_40,0,False,False
2094242,gate_30,14,False,False
2094276,gate_40,24,True,False
2094286,gate_40,4,False,False
2094322,gate_30,37,True,False
2094538,gate_30,253,True,True
2094606,gate_30,0,False,False
2094623,gate_40,7,True,False
2094707,gate_40,17,False,False
2094781,gate_30,159,True,False
2094824,gate_30,58,True,False
2094930,gate_30,32,False,False
2095069,gate_30,231,True,True
2095098,gate_30,8,False,False
2095159,gate_30,41,True,False
2095280,gate_30,485,True,True
2095294,gate_40,1,False,False
2095478,gate_40,9,False,False
2095535,gate_40,10,False,False
2095540,gate_40,1,False,False
2095614,gate_40,211,True,True
2095654,gate_30,8,False,False
2095922,gate_40,1,False,False
2095967,gate_40,5,False,False
2096215,gate_40,5,False,False
2096598,gate_40,4,False,False
2096653,gate_30,65,False,True
2096671,gate_40,59,True,False
2096725,gate_30,89,True,False
2096822,gate_40,12,True,False
2097134,gate_30,1,False,False
2097387,gate_40,174,True,True
2097407,gate_30,39,True,False
2097501,gate_40,7,False,False
2097546,gate_40,6,False,False
2097734,gate_40,82,False,True
2097867,gate_30,32,False,True
2097928,gate_30,34,True,False
2097934,gate_40,4,False,False
2098200,gate_40,22,False,False
2098332,gate_40,15,False,True
2098704,gate_30,34,True,False
2098734,gate_30,1,False,False
2098907,gate_30,10,False,False
2098938,gate_30,5,False,False
2098970,gate_30,275,True,True
2098981,gate_30,10,True,False
2099049,gate_40,0,False,False
2099334,gate_40,1,False,False
2099538,gate_30,5,False,False
2099548,gate_30,1,True,False
2099631,gate_40,10,False,False
2099632,gate_30,2,False,False
2099687,gate_30,60,True,False
2099811,gate_30,11,True,False
2099858,gate_30,7,False,False
2099868,gate_40,5,True,False
2099881,gate_30,41,False,False
2099888,gate_30,3,False,False
2100057,gate_30,106,True,False
2100066,gate_40,17,True,False
2100075,gate_30,12,False,False
2100091,gate_40,3,False,False
2100208,gate_40,177,True,True
2100320,gate_40,19,False,False
2100348,gate_40,1,False,False
2100431,gate_40,5,False,False
2100482,gate_40,22,False,False
2100654,gate_40,59,False,False
2100778,gate_30,39,True,False
2100830,gate_30,56,True,False
2100840,gate_30,0,False,False
2100972,gate_40,21,True,False
2101060,gate_40,11,True,False
2101100,gate_30,34,True,False
2101344,gate_40,48,True,True
2101421,gate_40,56,True,False
2101447,gate_30,18,True,False
2101457,gate_40,2,False,False
2101729,gate_40,34,False,False
2101826,gate_30,50,False,False
2101887,gate_30,0,False,False
2101919,gate_40,2,False,False
2102037,gate_30,18,True,False
2102169,gate_40,8,False,False
2102297,gate_30,6,True,False
2102540,gate_40,18,False,False
2102642,gate_40,38,True,False
2102715,gate_30,1,True,False
2102863,gate_40,4,False,False
2103026,gate_30,173,True,False
2103152,gate_40,41,True,False
2103243,gate_40,10,False,False
2103310,gate_30,172,True,False
2103434,gate_30,11,False,False
2103464,gate_30,851,True,True
2103620,gate_40,478,True,True
2103655,gate_40,1,False,False
2103687,gate_40,0,False,False
2103713,gate_40,1,False,False
2103716,gate_40,142,True,True
2103749,gate_40,1,False,False
2103860,gate_40,47,False,False
2104240,gate_30,11,False,False
2104487,gate_30,304,True,True
2104488,gate_30,16,False,False
2104571,gate_30,24,True,True
2104652,gate_40,9,False,False
2104655,gate_30,1,False,False
2104786,gate_30,20,False,False
2104794,gate_40,5,False,False
2105269,gate_40,59,True,False
2105277,gate_30,205,True,True
2105278,gate_40,15,False,False
2105451,gate_30,11,False,False
2105587,gate_30,101,True,True
2105739,gate_40,137,True,True
2105828,gate_30,70,False,False
2105871,gate_30,2,False,False
2105996,gate_30,34,True,False
2106192,gate_30,25,False,False
2106217,gate_30,222,True,False
2106562,gate_40,3,False,False
2106620,gate_40,4,False,False
2106657,gate_30,146,True,True
2106671,gate_30,23,True,False
2106795,gate_40,42,False,False
2106814,gate_40,51,True,True
2106828,gate_40,192,False,True
2106854,gate_40,0,False,False
2107000,gate_40,2,False,False
2107217,gate_40,3,False,False
2107306,gate_40,25,False,False
2107414,gate_30,145,True,True
2107533,gate_30,52,False,False
2107626,gate_30,18,True,False
2107684,gate_40,6,False,False
2107696,gate_40,7,False,False
2107852,gate_40,53,True,False
2107904,gate_40,194,False,True
2108031,gate_40,3,True,False
2108034,gate_40,26,True,False
2108175,gate_30,27,True,True
2108256,gate_40,18,True,False
2108424,gate_30,51,True,True
2108500,gate_30,23,False,False
2108534,gate_30,71,True,True
2108711,gate_40,5,True,False
2108729,gate_40,52,True,True
2108763,gate_40,11,True,False
2108977,gate_40,66,False,False
2109106,gate_30,18,False,False
2109145,gate_30,17,False,False
2109200,gate_40,117,True,False
2109310,gate_30,37,False,False
2109348,gate_30,6,False,False
2109416,gate_30,0,True,False
2109450,gate_30,5,False,False
2109502,gate_30,22,True,False
2109529,gate_30,6,False,False
2109731,gate_30,15,False,True
2109903,gate_40,140,True,False
2110008,gate_40,17,True,False
2110180,gate_30,0,False,False
2110248,gate_40,3,False,False
2110437,gate_40,51,True,False
2110742,gate_40,0,False,False
2110748,gate_30,24,True,False
2110817,gate_30,3,False,False
2110892,gate_30,15,True,False
2110908,gate_40,9,True,False
2110968,gate_30,14,True,False
2111031,gate_30,128,True,True
2111040,gate_40,5,False,False
2111176,gate_40,274,True,True
2111224,gate_40,14,False,True
2111319,gate_40,25,False,False
2111541,gate_30,1,False,False
2111984,gate_30,1,False,False
2112039,gate_40,638,True,False
2112099,gate_40,75,False,True
2112170,gate_40,2,False,False
2112174,gate_40,22,True,False
2112193,gate_40,5,False,False
2112339,gate_40,20,True,False
2112383,gate_30,15,False,False
2112510,gate_30,7,False,False
2112529,gate_40,14,True,False
2112587,gate_40,75,False,True
2112706,gate_30,63,True,True
2112744,gate_30,76,True,False
2112869,gate_40,3,False,False
2112879,gate_30,153,True,True
2113109,gate_40,337,True,True
2113138,gate_30,14,False,False
2113207,gate_30,3,False,False
2113299,gate_30,9,False,False
2113539,gate_30,0,False,False
2113632,gate_30,7,False,False
2113644,gate_40,6,False,False
2113793,gate_40,73,True,False
2113813,gate_40,29,True,False
2113968,gate_40,1,False,False
2114080,gate_40,9,True,False
2114183,gate_30,323,True,False
2114293,gate_40,60,True,False
2114351,gate_30,1,False,False
2114389,gate_30,24,True,False
2114633,gate_40,30,False,True
2114752,gate_40,4,False,False
2114889,gate_40,66,True,True
2114942,gate_40,16,False,False
2114968,gate_40,66,True,False
2115066,gate_30,51,True,False
2115109,gate_40,92,True,True
2115110,gate_30,41,True,False
2115161,gate_30,52,False,False
2115372,gate_40,2,False,False
2115662,gate_40,15,False,False
2115808,gate_30,55,True,False
2115840,gate_30,23,True,True
2115859,gate_30,7,True,False
2115952,gate_30,186,True,True
2116054,gate_30,52,True,False
2116094,gate_30,52,True,False
2116232,gate_30,5,False,False
2116364,gate_40,265,True,False
2116487,gate_40,35,True,False
2116520,gate_40,3,False,False
2116560,gate_40,19,False,True
2116709,gate_30,114,True,False
2116725,gate_40,18,True,False
2116752,gate_40,0,True,False
2116859,gate_30,17,False,True
2117121,gate_30,16,False,False
2117557,gate_40,2,False,False
2117666,gate_40,421,True,True
2117785,gate_30,2,False,False
2117967,gate_40,14,False,False
2118017,gate_40,16,True,False
2118041,gate_40,4,False,False
2118046,gate_30,47,False,False
2118138,gate_40,26,True,False
2118209,gate_40,18,True,False
2118273,gate_30,2,False,False
2118355,gate_40,4,True,False
2118589,gate_40,2,False,False
2118898,gate_30,23,True,False
2119064,gate_40,1687,True,True
2119122,gate_30,81,True,False
2119141,gate_40,48,True,True
2119413,gate_30,35,True,True
2119421,gate_40,14,False,False
2119602,gate_30,9,False,False
2120021,gate_40,49,True,False
2120064,gate_30,7,False,False
2120231,gate_30,0,False,False
2120298,gate_30,107,True,False
2120401,gate_30,4,False,False
2120471,gate_30,46,True,False
2120483,gate_40,0,False,False
2120540,gate_40,6,True,False
2120632,gate_30,70,False,False
2120634,gate_30,3,False,False
2120667,gate_30,1,False,False
2120731,gate_30,219,True,False
2120742,gate_30,9,True,False
2120860,gate_40,10,False,False
2121017,gate_30,20,False,False
2121368,gate_40,0,False,False
2121529,gate_30,24,True,False
2121536,gate_40,1,False,False
2121812,gate_30,1,False,False
2121903,gate_40,31,True,True
2122006,gate_30,7,False,False
2122109,gate_30,14,False,False
2122179,gate_30,14,False,False
2122474,gate_30,15,False,False
2122641,gate_40,46,True,False
2122651,gate_40,1,False,False
2122867,gate_40,75,True,True
2122885,gate_30,4,False,False
2122965,gate_30,4,False,False
2123028,gate_30,34,True,True
2123103,gate_30,161,True,True
2123309,gate_30,4,False,False
2123365,gate_30,16,True,False
2123404,gate_40,15,False,True
2123636,gate_40,30,False,False
2123717,gate_30,39,True,False
2123820,gate_30,1,False,False
2124052,gate_30,6,True,False
2124148,gate_30,46,False,True
2124194,gate_40,0,False,False
2124337,gate_40,4,False,False
2124476,gate_40,20,False,False
2124554,gate_40,4,False,False
2124638,gate_40,13,True,False
2125044,gate_30,13,False,False
2125110,gate_40,98,True,True
2125135,gate_40,0,False,False
2125249,gate_40,1,False,False
2125356,gate_40,6,True,False
2125387,gate_30,19,True,False
2125422,gate_30,141,True,True
2125525,gate_40,44,True,False
2125698,gate_30,176,True,True
2125743,gate_30,9,False,False
2125761,gate_40,13,False,False
2126051,gate_40,10,False,False
2126077,gate_40,2,False,False
2126100,gate_40,38,True,False
2126311,gate_40,23,False,False
2126879,gate_40,82,True,True
2126891,gate_40,31,True,False
2127165,gate_40,23,True,False
2127232,gate_30,6,False,False
2127283,gate_30,35,False,False
2127303,gate_40,6,False,False
2127333,gate_40,388,True,True
2127350,gate_30,2,False,False
2127351,gate_40,16,False,False
2127366,gate_30,13,False,False
2127472,gate_30,40,True,False
2127652,gate_40,102,True,False
2127745,gate_30,7,False,True
2127863,gate_30,73,False,False
2127881,gate_40,6,False,False
2127933,gate_40,20,True,False
2127986,gate_40,15,False,False
2128102,gate_40,114,True,False
2128421,gate_30,1,True,False
2128597,gate_40,30,True,False
2128601,gate_40,13,True,False
2128643,gate_30,25,False,False
2129135,gate_40,12,False,False
2129148,gate_40,4,False,False
2129545,gate_40,113,True,True
2129561,gate_30,73,True,True
2129699,gate_30,201,True,True
2129837,gate_40,15,True,False
2130251,gate_30,129,True,True
2130401,gate_40,0,False,False
2130449,gate_30,18,True,False
2130891,gate_40,2,False,False
2130916,gate_30,52,True,False
2130977,gate_40,5,False,False
2131094,gate_30,28,True,False
2131198,gate_30,3,False,False
2131323,gate_30,20,False,False
2131327,gate_30,15,False,False
2131398,gate_30,2,False,False
2131908,gate_30,18,True,False
2132028,gate_40,74,True,False
2132197,gate_30,1,False,False
2132393,gate_40,15,False,False
2132437,gate_40,84,True,True
2132469,gate_40,37,True,False
2132665,gate_30,433,True,True
2132767,gate_40,87,True,True
2132890,gate_30,5,False,False
2133050,gate_30,80,True,True
2133051,gate_30,72,True,False
2133113,gate_40,0,False,False
2133611,gate_40,344,True,True
2133628,gate_30,0,False,False
2133808,gate_40,39,True,False
2133884,gate_30,26,False,False
2134013,gate_40,20,True,False
2134075,gate_30,6,False,False
2134420,gate_30,19,False,False
2134570,gate_30,186,True,True
2134648,gate_40,60,True,True
2134687,gate_30,0,False,False
2134690,gate_40,1,False,False
2135104,gate_40,1,False,False
2135312,gate_40,24,False,True
2135356,gate_30,1,False,False
2135478,gate_40,2,False,False
2135552,gate_30,29,True,False
2135578,gate_30,197,True,False
2135888,gate_30,35,False,False
2136345,gate_40,67,True,False
2136415,gate_30,3,False,False
2136495,gate_40,59,True,False
2136571,gate_40,402,True,True
2136741,gate_30,12,True,True
2136867,gate_40,3,False,False
2136888,gate_30,12,False,False
2137009,gate_30,3,False,False
2137037,gate_40,175,True,True
2137257,gate_30,130,True,False
2137304,gate_40,1,False,False
2137312,gate_40,1,False,False
2137646,gate_30,26,True,False
2137685,gate_40,141,True,True
2137737,gate_30,56,True,False
2137843,gate_40,6,False,False
2138102,gate_30,19,True,False
2138181,gate_40,2,False,False
2138205,gate_30,16,False,False
2138218,gate_30,90,False,True
2138627,gate_40,12,True,False
2138716,gate_40,22,False,False
2138869,gate_40,1,False,False
2139010,gate_30,65,True,True
2139050,gate_40,92,True,True
2139127,gate_40,18,False,False
2139168,gate_30,50,True,False
2139314,gate_40,95,True,False
2139476,gate_40,24,True,True
2139495,gate_40,87,True,False
2139602,gate_30,3,False,False
2139793,gate_30,1,False,False
2139796,gate_40,67,True,False
2139799,gate_40,11,False,False
2139869,gate_30,15,False,False
2139912,gate_40,57,True,False
2139973,gate_40,57,True,False
2140087,gate_30,98,True,True
2140140,gate_40,2,False,False
2140203,gate_30,159,False,True
2140258,gate_40,98,True,False
2140290,gate_40,47,True,False
2140330,gate_30,23,False,False
2140363,gate_30,26,False,True
2140519,gate_40,1,False,False
2140637,gate_30,3,False,False
2140741,gate_40,253,True,True
2140754,gate_30,41,True,False
2140912,gate_40,3,False,False
2141005,gate_40,6,False,False
2141011,gate_30,10,False,False
2141073,gate_40,20,True,False
2141136,gate_30,135,True,True
2141256,gate_40,2,True,False
2141283,gate_30,57,True,True
2141291,gate_40,65,True,False
2141351,gate_30,13,False,True
2141352,gate_30,20,True,False
2141395,gate_30,10,True,False
2141410,gate_30,10,False,False
2141531,gate_40,8,False,False
2141661,gate_30,19,True,False
2141836,gate_40,14,False,False
2141901,gate_40,379,True,True
2141969,gate_30,18,True,False
2142156,gate_30,4,False,False
2142210,gate_40,1,False,False
2142421,gate_40,9,True,False
2142600,gate_40,19,True,True
2142638,gate_30,15,True,False
2142641,gate_30,4,False,False
2142665,gate_40,35,True,True
2142736,gate_30,0,False,False
2142856,gate_40,0,False,False
2142884,gate_40,4,False,False
2143177,gate_30,17,False,False
2143254,gate_40,4,False,False
2143550,gate_30,8,False,False
2143552,gate_30,44,True,True
2143663,gate_40,25,True,False
2143683,gate_40,108,False,True
2143799,gate_40,16,False,False
2144082,gate_30,12,False,False
2144148,gate_30,14,False,False
2144198,gate_30,1,False,False
2144202,gate_30,137,True,False
2144325,gate_30,167,True,False
2144403,gate_30,6,True,False
2145398,gate_30,201,True,True
2145470,gate_30,166,True,False
2145516,gate_40,4,False,False
2145519,gate_40,72,False,True
2145533,gate_30,15,True,False
2145571,gate_40,22,False,False
2145587,gate_40,40,True,True
2145591,gate_30,13,True,False
2146042,gate_30,32,True,False
2146126,gate_40,16,True,False
2146232,gate_40,21,True,False
2146336,gate_40,39,True,False
2146345,gate_40,58,True,False
2146371,gate_30,27,True,False
2146450,gate_30,1,False,False
2146451,gate_30,3,False,False
2146531,gate_40,23,True,False
2146637,gate_30,3,False,False
2146737,gate_40,3,False,False
2146787,gate_30,44,True,True
2146797,gate_40,10,False,False
2146976,gate_40,43,True,True
2147060,gate_30,5,True,False
2147172,gate_40,4,False,False
2147242,gate_30,4,False,False
2147304,gate_30,81,False,True
2147407,gate_40,2,False,False
2147459,gate_30,6,False,False
2147460,gate_40,14,False,False
2147550,gate_40,60,True,True
2147667,gate_30,17,False,False
2147727,gate_30,142,True,True
2147865,gate_40,17,False,False
2148008,gate_30,109,True,False
2148182,gate_40,74,True,True
2148223,gate_40,58,True,True
2148238,gate_30,34,True,False
2148262,gate_30,7,False,False
2148389,gate_40,10,True,False
2148669,gate_30,7,False,False
2148842,gate_30,19,True,False
2148934,gate_40,78,True,True
2148957,gate_30,1,False,False
2149038,gate_30,100,False,False
2149082,gate_30,2,False,False
2149115,gate_30,89,True,False
2149420,gate_40,140,True,True
2150284,gate_30,4,False,False
2150290,gate_30,5,False,False
2150298,gate_30,295,True,True
2150307,gate_30,56,True,False
2150380,gate_30,224,True,True
2150493,gate_40,10,True,False
2150554,gate_30,23,False,False
2150636,gate_30,68,True,True
2150710,gate_30,0,False,False
2150877,gate_30,61,True,True
2150914,gate_40,35,False,False
2151180,gate_30,38,False,False
2151185,gate_30,3,False,False
2151220,gate_40,3,False,False
2151232,gate_30,4,False,False
2151446,gate_40,0,False,False
2151539,gate_30,57,True,False
2151574,gate_30,26,True,False
2151655,gate_30,1,False,False
2151700,gate_30,3,False,False
2151842,gate_40,2,False,False
2152262,gate_30,30,True,True
2152338,gate_40,3,False,False
2152374,gate_40,15,False,False
2152487,gate_30,51,True,True
2152490,gate_30,18,False,False
2152546,gate_40,1,False,False
2152754,gate_40,1,False,False
2152863,gate_30,467,True,True
2153073,gate_30,15,False,False
2153247,gate_40,15,True,False
2153282,gate_40,305,False,True
2153506,gate_40,4,False,False
2153537,gate_30,1,False,False
2153638,gate_30,15,False,True
2153767,gate_40,12,True,False
2153789,gate_30,33,False,False
2153837,gate_40,9,False,False
2154002,gate_30,14,False,False
2154190,gate_40,71,True,False
2154271,gate_40,8,False,False
2154340,gate_30,115,True,False
2154341,gate_40,35,False,False
2154366,gate_30,38,False,False
2154472,gate_30,144,True,True
2154587,gate_40,32,True,True
2154827,gate_40,17,True,False
2154834,gate_40,31,True,True
2155050,gate_40,14,False,False
2155146,gate_30,14,False,False
2155206,gate_40,2,False,False
2155220,gate_30,77,True,False
2155246,gate_40,2,False,False
2155291,gate_30,29,True,True
2155348,gate_30,12,False,False
2155385,gate_30,17,False,False
2155481,gate_30,8,False,False
2155589,gate_30,42,False,False
2156182,gate_30,5,False,False
2156266,gate_30,93,True,True
2156294,gate_40,11,False,False
2156355,gate_40,36,True,True
2156395,gate_40,12,False,False
2156533,gate_40,5,False,False
2156549,gate_30,6,False,False
2156613,gate_30,1,False,False
2157132,gate_40,8,True,False
2157217,gate_40,31,True,False
2157226,gate_40,110,True,True
2157232,gate_30,88,True,True
2157354,gate_40,289,True,True
2157448,gate_30,0,False,False
2157560,gate_40,214,True,True
2157675,gate_40,11,True,False
2157684,gate_30,48,True,False
2157785,gate_40,1,False,False
2157870,gate_30,20,True,False
2158008,gate_40,33,False,True
2158110,gate_40,25,True,False
2158228,gate_40,3,False,False
2158606,gate_30,1,False,False
2158699,gate_30,5,False,True
2158968,gate_30,168,True,False
2159171,gate_40,39,True,False
2159177,gate_30,30,True,False
2159784,gate_40,11,True,False
2160033,gate_30,12,False,True
2160430,gate_40,20,True,False
2160504,gate_30,3,False,False
2160524,gate_30,36,True,False
2160671,gate_40,105,True,True
2160775,gate_30,1,False,False
2160997,gate_30,3,False,False
2161051,gate_40,1,False,False
2161095,gate_40,55,True,False
2161112,gate_40,198,True,True
2161239,gate_30,9,False,False
2161268,gate_40,3,True,False
2161289,gate_30,2,False,False
2161312,gate_40,2,False,False
2161544,gate_30,27,True,False
2161552,gate_30,1,False,False
2161600,gate_30,78,True,False
2161645,gate_30,24,True,False
2161717,gate_40,8,False,False
2161777,gate_40,4,False,False
2161885,gate_40,16,True,False
2161931,gate_40,15,False,False
2162183,gate_40,31,True,False
2162353,gate_30,13,False,False
2162669,gate_30,37,False,True
2162995,gate_40,31,False,False
2163048,gate_40,144,True,True
2163051,gate_30,242,True,True
2163079,gate_40,9,False,False
2163119,gate_30,12,False,False
2163120,gate_40,2,False,False
2163200,gate_30,39,False,False
2163268,gate_40,12,True,False
2163304,gate_30,14,False,False
2163356,gate_40,9,False,False
2163446,gate_30,38,True,False
2163641,gate_40,0,False,False
2163820,gate_30,2,False,False
2164077,gate_40,22,True,False
2164095,gate_30,6,False,False
2164245,gate_30,212,False,False
2164294,gate_40,25,False,False
2164392,gate_30,45,True,False
2164437,gate_40,249,True,True
2164474,gate_30,20,False,False
2164816,gate_40,12,False,False
2164917,gate_30,56,False,True
2164998,gate_40,8,False,False
2165144,gate_40,9,False,False
2165188,gate_40,20,False,True
2165353,gate_40,33,True,True
2165376,gate_30,4,False,False
2165458,gate_30,2,False,False
2165551,gate_30,52,True,True
2165695,gate_30,15,True,False
2165826,gate_40,0,False,False
2165928,gate_40,0,False,False
2166310,gate_40,91,True,False
2166403,gate_40,43,True,True
2166412,gate_30,3,False,False
2166578,gate_40,56,True,True
2166774,gate_30,2,False,False
2167003,gate_40,5,False,False
2167380,gate_30,112,True,False
2167411,gate_30,4,False,False
2167671,gate_30,8,False,True
2168021,gate_40,1,False,False
2168056,gate_40,46,True,False
2168097,gate_40,1,False,False
2168127,gate_30,63,True,True
2168176,gate_30,1,False,False
2168201,gate_40,3,False,False
2168290,gate_30,12,False,False
2168292,gate_40,53,False,False
2168508,gate_40,31,True,True
2168595,gate_40,499,True,True
2168738,gate_40,113,True,True
2168748,gate_40,2,False,False
2169176,gate_40,158,True,True
2169396,gate_40,39,True,True
2169456,gate_30,18,True,False
2169464,gate_30,29,True,False
2169719,gate_30,39,True,False
2169827,gate_40,0,False,False
2169913,gate_40,1,False,False
2170434,gate_40,208,True,True
2170443,gate_30,42,False,False
2170610,gate_30,25,True,False
2170709,gate_30,14,False,False
2170746,gate_40,14,True,False
2170763,gate_40,0,False,False
2170875,gate_40,22,True,False
2170911,gate_30,48,False,True
2170972,gate_40,31,True,False
2171198,gate_30,12,False,False
2171223,gate_30,36,True,True
2171224,gate_30,162,True,True
2171467,gate_30,6,False,False
2171698,gate_40,72,True,True
2171973,gate_30,33,False,True
2171987,gate_40,12,False,False
2172260,gate_40,4,False,False
2172324,gate_30,43,True,False
2172660,gate_30,1,False,False
2172770,gate_30,16,True,False
2172820,gate_30,0,False,False
2172835,gate_40,31,True,False
2173011,gate_40,58,True,False
2173334,gate_40,19,True,False
2173453,gate_40,44,True,False
2173611,gate_40,9,False,False
2173708,gate_30,6,False,False
2173802,gate_40,10,False,False
2173840,gate_40,30,True,False
2174147,gate_30,2,False,False
2174229,gate_40,1,False,False
2174396,gate_30,219,True,True
2174523,gate_30,365,True,True
2174527,gate_30,127,True,True
2174631,gate_30,0,False,False
2174669,gate_30,4,False,False
2174851,gate_30,1,False,False
2174861,gate_40,43,False,True
2174938,gate_40,2,False,False
2175045,gate_30,12,False,True
2175145,gate_30,7,False,False
2175162,gate_30,18,False,False
2175172,gate_40,205,True,False
2175266,gate_30,3,False,False
2175344,gate_40,172,True,False
2175378,gate_40,36,True,True
2175508,gate_40,101,True,True
2175724,gate_40,1,False,False
2175830,gate_40,58,True,True
2176253,gate_30,18,True,False
2176329,gate_40,95,True,False
2176405,gate_40,201,True,True
2176889,gate_30,10,False,False
2177098,gate_30,57,True,True
2177222,gate_40,5,False,False
2177263,gate_40,11,True,False
2177375,gate_40,19,False,False
2177460,gate_40,0,False,False
2177500,gate_40,84,True,True
2177520,gate_40,22,False,False
2177533,gate_40,2,False,False
2177537,gate_30,9,False,False
2177621,gate_40,14,True,False
2177822,gate_40,50,True,False
2177849,gate_30,3,False,False
2177865,gate_40,0,False,False
2177991,gate_40,59,True,True
2178088,gate_30,196,True,False
2178133,gate_40,9,True,False
2178146,gate_30,42,True,False
2178326,gate_30,4,False,False
2178475,gate_30,18,False,False
2178542,gate_40,58,True,True
2178717,gate_30,22,False,False
2178725,gate_30,121,True,True
2178820,gate_40,39,False,False
2178907,gate_40,46,True,True
2178934,gate_40,19,False,False
2178984,gate_40,4,False,False
2179015,gate_40,10,False,False
2179039,gate_30,25,False,False
2179492,gate_40,49,True,True
2180178,gate_30,20,False,False
2180233,gate_30,11,False,False
2180594,gate_40,10,False,False
2180935,gate_30,76,True,True
2180999,gate_30,21,False,False
2181156,gate_40,35,False,False
2181168,gate_30,1,False,False
2181277,gate_30,4,False,False
2181281,gate_30,22,True,False
2181393,gate_30,16,False,False
2181540,gate_30,76,True,True
2181718,gate_40,139,True,True
2181771,gate_30,3,False,False
2181786,gate_40,0,False,False
2181849,gate_30,1,False,False
2181909,gate_30,5,False,False
2181940,gate_30,8,True,False
2181975,gate_40,16,False,False
2182035,gate_30,29,False,False
2182347,gate_30,16,False,True
2182450,gate_30,304,True,True
2182528,gate_30,51,True,False
2182944,gate_40,35,True,False
2183030,gate_30,10,True,False
2183260,gate_40,31,True,False
2183404,gate_30,1,False,False
2183442,gate_40,122,True,True
2183525,gate_30,14,False,False
2183537,gate_30,74,False,False
2183556,gate_30,20,True,True
2183586,gate_40,15,True,False
2183653,gate_40,12,False,False
2183713,gate_40,32,True,False
2183910,gate_40,222,True,True
2183946,gate_30,1,False,False
2184071,gate_40,4,False,False
2184080,gate_40,29,True,False
2184091,gate_40,0,False,False
2184194,gate_30,15,True,False
2184256,gate_30,11,True,False
2184340,gate_40,10,False,False
2184497,gate_40,3,False,False
2184564,gate_40,0,False,False
2184600,gate_40,54,True,False
2184718,gate_30,20,True,False
2184738,gate_40,42,True,True
2185100,gate_30,7,True,False
2185180,gate_40,17,False,False
2185189,gate_40,2,False,False
2185208,gate_40,2,False,False
2185214,gate_40,23,True,True
2185277,gate_40,0,False,False
2185328,gate_40,83,True,True
2185511,gate_40,64,True,False
2185582,gate_30,29,True,False
2185678,gate_40,81,True,False
2185791,gate_40,12,False,False
2185936,gate_30,88,True,True
2186052,gate_30,8,False,False
2186103,gate_40,10,True,False
2186196,gate_30,1,False,False
2186411,gate_30,107,True,False
2186486,gate_30,5,False,False
2186490,gate_30,22,False,False
2186497,gate_30,3,False,False
2186658,gate_40,210,True,True
2186665,gate_40,69,True,True
2186858,gate_40,2,False,False
2187261,gate_40,164,True,True
2187484,gate_40,7,True,False
2187553,gate_40,16,True,False
2187757,gate_30,66,True,True
2187948,gate_30,3,False,False
2188008,gate_30,22,True,False
2188147,gate_40,62,False,True
2188194,gate_30,135,False,True
2188302,gate_40,4,True,False
2188320,gate_40,78,True,False
2188849,gate_30,3,False,False
2188881,gate_30,42,True,False
2189018,gate_30,105,True,False
2189067,gate_30,256,True,True
2189113,gate_40,35,False,False
2189159,gate_40,285,True,True
2189458,gate_30,226,False,True
2189680,gate_40,494,True,True
2189681,gate_40,6,False,False
2190014,gate_30,8,False,False
2190130,gate_30,5,False,False
2190200,gate_40,1,False,False
2190304,gate_30,26,True,False
2190413,gate_30,7,False,False
2190518,gate_30,1,False,False
2190708,gate_40,84,True,False
2191253,gate_30,49,True,False
2191274,gate_30,175,True,True
2191277,gate_30,1,False,False
2191453,gate_40,161,True,True
2191498,gate_30,8,False,False
2191543,gate_30,25,True,False
2191553,gate_40,21,True,False
2191812,gate_30,5,False,False
2191879,gate_40,1,False,False
2192240,gate_30,132,False,True
2192693,gate_40,101,True,False
2192981,gate_30,3,True,False
2193086,gate_40,13,False,False
2193101,gate_30,56,True,False
2193265,gate_40,17,False,True
2193304,gate_30,5,False,False
2193338,gate_30,20,True,False
2193355,gate_30,23,False,False
2193442,gate_40,113,False,False
2193607,gate_30,13,False,False
2193618,gate_30,2,False,False
2193620,gate_40,28,True,False
2193761,gate_40,5,True,False
2193823,gate_40,3,False,False
2193883,gate_30,8,False,False
2194152,gate_30,2,False,False
2194164,gate_30,1,False,False
2194171,gate_40,1,False,False
2194199,gate_40,18,False,False
2194203,gate_30,0,False,False
2194213,gate_40,171,True,False
2194337,gate_40,13,True,False
2194568,gate_30,1,False,False
2194653,gate_30,16,True,False
2194661,gate_30,11,True,False
2194695,gate_40,45,False,True
2194833,gate_40,27,True,False
2194942,gate_40,24,True,False
2195182,gate_30,25,True,False
2195717,gate_40,38,True,False
2195742,gate_30,37,True,True
2195771,gate_40,10,False,False
2196143,gate_30,3,True,False
2196266,gate_30,105,True,False
2196413,gate_40,332,True,True
2196511,gate_30,7,False,False
2196610,gate_30,47,True,False
2196687,gate_40,7,False,False
2196789,gate_40,27,True,False
2196971,gate_40,35,True,False
2197124,gate_30,100,True,True
2197180,gate_40,2,False,False
2197204,gate_40,22,False,False
2197209,gate_30,0,False,False
2197351,gate_30,3,False,False
2197359,gate_30,23,False,False
2197432,gate_30,7,False,False
2197461,gate_30,48,True,True
2197883,gate_30,1,False,False
2197921,gate_30,255,True,True
2197948,gate_40,1,False,False
2198027,gate_30,420,True,True
2198063,gate_40,41,True,False
2198311,gate_40,13,False,True
2198520,gate_30,17,False,False
2198601,gate_40,75,True,False
2198629,gate_40,189,True,True
2198722,gate_40,13,False,False
2198776,gate_40,5,True,False
2198816,gate_40,100,True,True
2198818,gate_30,6,True,False
2199001,gate_40,27,True,False
2199073,gate_40,36,True,False
2199281,gate_40,0,False,False
2199318,gate_30,126,True,True
2199353,gate_40,194,True,False
2199418,gate_30,7,False,False
2199490,gate_40,107,True,True
2199555,gate_40,13,True,False
2199633,gate_40,0,False,False
2199658,gate_30,31,True,False
2199693,gate_40,4,False,False
2199758,gate_30,6,False,False
2199867,gate_40,28,True,False
2199868,gate_40,1,False,False
2199900,gate_30,1,False,False
2200074,gate_30,3,False,False
2200185,gate_40,35,True,False
2200219,gate_30,29,False,False
2200262,gate_30,7,False,False
2200364,gate_40,12,False,False
2200418,gate_40,117,True,True
2200546,gate_40,5,False,False
2200581,gate_40,1,False,False
2200666,gate_40,4,False,False
2200667,gate_40,112,True,True
2200715,gate_30,3,False,False
2200761,gate_30,4,False,False
2200844,gate_30,15,False,False
2201205,gate_40,31,True,False
2201262,gate_30,1,False,False
2201298,gate_30,86,True,False
2201299,gate_30,920,True,True
2201393,gate_30,2,False,False
2201739,gate_30,137,True,True
2202072,gate_30,172,True,True
2202125,gate_30,11,False,False
2202191,gate_30,16,False,False
2202206,gate_30,1,False,False
2202483,gate_30,8,False,False
2202680,gate_30,7,False,False
2202786,gate_30,28,False,False
2202838,gate_30,30,True,False
2202882,gate_40,43,False,False
2202992,gate_30,2,True,False
2203023,gate_30,1,False,False
2203079,gate_40,38,True,False
2203165,gate_30,100,True,True
2203300,gate_30,390,True,True
2203405,gate_30,11,True,False
2203545,gate_30,3,False,False
2203569,gate_30,87,False,True
2203617,gate_40,51,True,True
2203798,gate_30,20,True,False
2203822,gate_30,7,False,False
2203836,gate_40,0,False,False
2204177,gate_30,14,True,False
2204184,gate_30,56,True,True
2204232,gate_30,37,False,True
2204317,gate_40,32,False,False
2204369,gate_40,10,False,False
2204390,gate_40,266,True,True
2204410,gate_30,18,True,False
2204633,gate_40,15,True,False
2204683,gate_30,389,True,True
2204741,gate_30,108,True,False
2204758,gate_40,35,True,True
2205132,gate_30,3,False,False
2205434,gate_40,19,False,False
2205692,gate_30,329,True,True
2205772,gate_30,3,False,False
2205858,gate_30,96,False,True
2205985,gate_40,1,False,False
2206197,gate_30,45,True,False
2206373,gate_40,15,False,False
2206383,gate_30,2,False,True
2206426,gate_40,6,False,False
2206467,gate_30,13,False,True
2206520,gate_40,31,True,False
2206543,gate_40,121,True,True
2206671,gate_40,112,True,True
2207055,gate_30,25,True,False
2207084,gate_40,14,False,False
2207311,gate_40,7,True,False
2207325,gate_40,15,False,False
2207327,gate_40,10,False,False
2207487,gate_30,17,False,False
2207635,gate_30,12,False,False
2207797,gate_30,32,False,False
2207815,gate_40,4,False,False
2207832,gate_40,53,True,True
2208005,gate_30,13,False,False
2208148,gate_40,99,True,False
2208554,gate_30,11,False,False
2208560,gate_40,24,False,False
2208791,gate_30,19,False,False
2208823,gate_40,6,True,False
2209061,gate_30,14,False,False
2209109,gate_40,37,False,True
2209157,gate_40,3,False,False
2209243,gate_40,4,False,False
2209305,gate_30,3,False,False
2209313,gate_40,20,True,False
2209523,gate_40,48,False,True
2209598,gate_30,124,True,False
2209601,gate_40,55,True,False
2209710,gate_40,24,False,True
2209831,gate_30,19,True,True
2209835,gate_40,93,True,True
2210040,gate_30,0,False,False
2210150,gate_30,14,False,False
2210363,gate_40,12,False,False
2210430,gate_40,0,False,False
2210468,gate_40,8,False,False
2210567,gate_40,2,False,False
2210589,gate_30,2,False,False
2210604,gate_30,12,False,False
2210741,gate_40,0,False,False
2210885,gate_30,73,True,True
2211121,gate_40,48,True,False
2211199,gate_40,27,False,False
2211214,gate_40,1,False,False
2211238,gate_30,8,True,False
2211330,gate_30,75,True,True
2211408,gate_40,352,True,True
2211468,gate_30,141,True,False
2211499,gate_40,37,True,False
2211517,gate_40,2,False,False
2211552,gate_40,1,False,False
2211591,gate_40,105,False,True
2211809,gate_40,139,False,True
2211815,gate_30,11,True,False
2211867,gate_30,76,True,True
2211944,gate_30,7,False,False
2211994,gate_30,97,True,True
2212415,gate_40,57,True,False
2212460,gate_40,20,True,False
2212472,gate_30,14,False,False
2212591,gate_30,15,False,False
2212670,gate_30,2,False,False
2212771,gate_30,30,True,False
2212832,gate_40,263,True,False
2212862,gate_40,3,True,False
2213302,gate_40,413,True,True
2213311,gate_40,23,False,False
2213378,gate_40,5,True,False
2213392,gate_40,1,False,False
2213559,gate_30,62,True,True
2213614,gate_30,10,False,False
2213692,gate_40,307,True,True
2213740,gate_40,4,False,False
2213885,gate_40,62,True,False
2214417,gate_30,4,False,False
2214458,gate_30,319,False,True
2214522,gate_40,11,False,False
2214532,gate_30,14,False,False
2214734,gate_30,7,True,False
2214849,gate_30,1,False,False
2215091,gate_30,76,True,True
2215125,gate_40,12,False,False
2215157,gate_30,167,True,True
2215248,gate_30,4,True,False
2215417,gate_40,9,False,False
2215462,gate_30,37,False,False
2215578,gate_30,45,False,True
2215615,gate_30,74,True,False
2215642,gate_40,8,False,False
2215643,gate_30,0,False,False
2215858,gate_30,19,False,False
2216062,gate_30,0,False,False
2216088,gate_40,0,False,False
2216371,gate_30,36,True,False
2216545,gate_40,10,False,False
2216630,gate_30,67,False,True
2216853,gate_40,14,True,False
2217053,gate_40,77,True,True
2217080,gate_30,9,False,True
2217096,gate_40,1,False,False
2217112,gate_30,4,False,False
2217124,gate_40,180,True,False
2217134,gate_40,14,False,False
2217169,gate_40,13,True,False
2217309,gate_40,5,False,False
2217517,gate_30,1,True,False
2217641,gate_40,3,False,False
2217697,gate_30,49,False,True
2217718,gate_30,12,False,False
2217751,gate_30,8,False,False
2217788,gate_40,1,False,False
2217869,gate_30,11,False,False
2217915,gate_40,1,False,False
2218067,gate_40,27,True,False
2218255,gate_40,59,True,False
2218409,gate_40,4,True,False
2218497,gate_40,114,True,False
2218537,gate_30,17,False,False
2218677,gate_40,10,False,False
2218771,gate_40,44,True,False
2218888,gate_40,1,False,False
2218925,gate_40,2,False,False
2219044,gate_30,3,False,False
2219173,gate_30,142,True,True
2219734,gate_30,161,True,False
2219830,gate_30,1,False,False
2219878,gate_40,0,False,False
2219929,gate_30,15,False,False
2220257,gate_30,46,True,False
2220307,gate_30,12,False,False
2220466,gate_40,4,False,False
2220662,gate_40,29,False,False
2220683,gate_40,27,True,False
2220706,gate_40,3,False,False
2220861,gate_30,4,False,False
2220962,gate_30,68,True,False
2221004,gate_30,133,True,True
2221105,gate_40,18,False,False
2221142,gate_30,12,True,False
2221397,gate_30,18,True,False
2221398,gate_30,146,True,True
2221413,gate_40,2,True,False
2221470,gate_30,0,False,False
2221716,gate_40,0,True,False
2221717,gate_30,16,False,False
2221956,gate_40,1,False,False
2222171,gate_40,8,False,False
2222184,gate_30,24,True,False
2222208,gate_30,205,True,False
2222332,gate_40,8,False,False
2222419,gate_30,68,False,False
2222475,gate_30,81,True,False
2222582,gate_40,14,True,False
2222665,gate_40,3,False,False
2222757,gate_40,7,False,False
2222828,gate_30,35,False,False
2222857,gate_30,14,False,False
2222861,gate_30,12,False,False
2222900,gate_30,113,True,False
2223046,gate_40,157,True,False
2223069,gate_40,38,False,False
2223256,gate_40,1,False,False
2223310,gate_40,21,True,False
2223350,gate_30,27,True,False
2223387,gate_30,108,True,False
2223396,gate_40,2,False,False
2223677,gate_40,87,True,False
2223807,gate_40,1,False,True
2223832,gate_30,103,True,False
2223881,gate_40,55,True,True
2223995,gate_30,116,True,False
2224052,gate_40,6,False,False
2224225,gate_40,21,False,False
2224294,gate_40,1,False,False
2224322,gate_30,37,True,False
2224342,gate_40,16,True,False
2224354,gate_30,263,True,True
2224421,gate_40,18,False,False
2224527,gate_30,0,False,False
2224529,gate_30,4,False,False
2224794,gate_40,11,False,False
2224892,gate_30,23,True,False
2224893,gate_40,166,True,True
2224975,gate_40,31,True,False
2225027,gate_30,39,False,True
2225198,gate_30,1,False,False
2225254,gate_30,7,False,False
2225262,gate_40,316,True,True
2225276,gate_30,17,False,False
2225547,gate_30,86,True,False
2225618,gate_30,16,False,False
2225818,gate_40,2,False,False
2225974,gate_30,14,False,False
2225986,gate_40,0,False,False
2225999,gate_30,8,False,False
2226077,gate_30,17,False,False
2226108,gate_40,2,False,False
2226248,gate_40,3,False,False
2226272,gate_40,7,False,False
2226286,gate_30,1,False,False
2226327,gate_30,37,True,False
2226463,gate_40,2,False,False
2226470,gate_30,0,False,False
2226487,gate_30,8,True,False
2226651,gate_30,200,True,False
2226711,gate_30,49,True,False
2226801,gate_40,144,True,True
2226809,gate_40,7,True,False
2227090,gate_30,2,False,False
2227093,gate_40,9,False,False
2227264,gate_40,127,True,True
2227267,gate_30,23,False,False
2227396,gate_40,3,False,False
2227575,gate_40,37,True,False
2227579,gate_30,36,True,True
2227588,gate_40,72,True,True
2227756,gate_30,3,False,False
2227804,gate_40,34,False,True
2227860,gate_30,3,False,False
2227914,gate_30,0,False,False
2227995,gate_40,36,True,True
2228018,gate_30,10,False,False
2228087,gate_30,6,False,False
2228107,gate_30,2,False,False
2228150,gate_30,20,True,False
2228255,gate_40,4,False,False
2228338,gate_40,156,True,True
2228469,gate_40,3,False,False
2228509,gate_40,14,False,False
2228566,gate_40,125,True,False
2228631,gate_30,0,False,False
2228782,gate_40,1,False,False
2228812,gate_40,211,True,False
2228858,gate_40,16,True,False
2228987,gate_30,14,True,False
2229059,gate_30,1,False,True
2229233,gate_30,2,False,False
2229312,gate_40,51,True,True
2229437,gate_40,2,False,True
2229440,gate_40,25,False,False
2229540,gate_30,8,False,False
2229560,gate_40,4,True,False
2229574,gate_40,48,True,False
2229706,gate_40,4,False,False
2229707,gate_30,3,False,False
2230108,gate_40,6,False,False
2230127,gate_30,0,False,False
2230231,gate_30,30,False,False
2230348,gate_40,20,True,False
2230376,gate_40,0,False,False
2230380,gate_40,6,False,False
2230696,gate_30,57,True,False
2230830,gate_30,124,True,True
2231005,gate_40,81,True,False
2231062,gate_30,2,False,False
2231072,gate_30,9,False,False
2231094,gate_30,9,False,False
2231104,gate_40,52,True,True
2231147,gate_30,2,False,True
2231211,gate_40,1,False,False
2231475,gate_30,210,True,True
2231654,gate_40,2,False,False
2231836,gate_30,12,False,False
2231849,gate_40,13,True,False
2232031,gate_30,40,False,False
2232194,gate_30,7,True,False
2232206,gate_40,144,True,False
2232240,gate_30,15,False,False
2232316,gate_40,12,False,False
2232465,gate_40,1,False,False
2232487,gate_40,189,False,False
2232557,gate_40,1,False,False
2232558,gate_30,35,True,False
2232719,gate_30,355,True,True
2232764,gate_40,14,False,False
2232938,gate_40,135,True,True
2232944,gate_30,26,True,False
2232954,gate_30,12,False,False
2233003,gate_40,27,False,False
2233056,gate_30,167,True,True
2233062,gate_40,6,False,False
2233324,gate_30,3,False,False
2233548,gate_40,9,False,False
2233864,gate_40,20,False,False
2233868,gate_30,5,False,False
2233927,gate_30,47,True,False
2233939,gate_40,29,True,False
2234096,gate_40,2,False,False
2234146,gate_40,12,False,False
2234255,gate_40,4,False,False
2234523,gate_30,41,True,True
2234615,gate_30,248,True,True
2234763,gate_30,3,True,False
2234827,gate_30,71,True,True
2234846,gate_30,29,True,False
2235124,gate_30,3,False,False
2235210,gate_40,0,False,False
2235270,gate_30,11,False,False
2235272,gate_30,42,True,False
2235308,gate_40,58,True,False
2235538,gate_30,8,False,False
2235570,gate_30,2,False,False
2235599,gate_40,1,False,False
2235632,gate_30,28,True,False
2235875,gate_40,19,True,True
2235876,gate_30,74,True,False
2235956,gate_40,20,False,False
2235984,gate_40,120,True,True
2236069,gate_30,4,False,False
2236075,gate_40,42,False,True
2236210,gate_30,57,True,True
2236655,gate_40,14,True,False
2236743,gate_30,3,False,False
2236870,gate_40,81,True,False
2237085,gate_40,53,True,False
2237110,gate_40,3,False,False
2237244,gate_30,31,True,False
2237330,gate_40,5,False,False
2237641,gate_40,126,True,True
2237798,gate_40,86,False,False
2237952,gate_30,1,False,False
2238007,gate_40,27,True,False
2238062,gate_40,1,False,False
2238208,gate_40,6,False,False
2238216,gate_40,104,True,False
2238235,gate_30,24,True,False
2238324,gate_40,9,True,False
2238372,gate_30,34,False,False
2238395,gate_40,13,True,False
2238520,gate_30,70,True,False
2238549,gate_30,53,True,False
2238755,gate_30,1,False,False
2238910,gate_30,10,False,True
2238938,gate_30,1,False,False
2239021,gate_40,49,True,True
2239211,gate_30,9,False,False
2239404,gate_40,21,False,False
2239413,gate_40,43,False,False
2239440,gate_30,8,True,False
2239503,gate_30,9,False,False
2239581,gate_30,34,True,False
2239831,gate_40,16,True,False
2239866,gate_40,33,False,False
2239879,gate_30,0,True,False
2239977,gate_40,88,False,False
2240097,gate_30,69,False,False
2240127,gate_40,0,False,False
2240200,gate_30,0,False,False
2240306,gate_30,35,False,False
2240343,gate_40,4,False,False
2240403,gate_30,4,False,False
2240500,gate_40,47,True,False
2240572,gate_30,9,True,False
2240682,gate_40,2,False,False
2241116,gate_30,7,False,False
2241301,gate_40,107,True,True
2241468,gate_30,15,False,False
2241683,gate_30,1,False,False
2241722,gate_40,2,False,False
2241757,gate_30,13,False,False
2241794,gate_40,14,False,False
2241970,gate_40,13,False,False
2241985,gate_30,60,True,True
2242014,gate_30,7,False,False
2242227,gate_40,44,False,False
2242360,gate_30,44,True,True
2242440,gate_40,1,False,False
2242484,gate_30,16,True,False
2242544,gate_40,17,False,True
2242909,gate_30,30,True,False
2242936,gate_40,56,True,False
2243209,gate_40,82,True,False
2243220,gate_40,5,False,False
2243347,gate_40,8,True,False
2243666,gate_40,716,True,True
2243713,gate_40,475,True,True
2243745,gate_30,9,False,False
2243769,gate_30,21,True,True
2243770,gate_40,30,True,False
2243906,gate_30,582,True,True
2243971,gate_40,32,True,False
2244058,gate_40,29,False,False
2244159,gate_40,14,False,False
2244348,gate_40,161,True,True
2244525,gate_40,3,False,False
2244546,gate_30,25,False,False
2244761,gate_40,0,False,False
2244790,gate_40,1,False,False
2244867,gate_30,67,True,False
2244912,gate_40,50,True,True
2245036,gate_30,57,True,False
2245090,gate_40,10,False,False
2245503,gate_40,25,True,False
2245509,gate_40,139,True,True
2245669,gate_30,16,False,False
2245701,gate_40,10,True,False
2245961,gate_30,17,True,False
2246019,gate_30,13,False,False
2246212,gate_30,16,False,False
2246360,gate_30,28,True,False
2246469,gate_40,151,True,False
2246533,gate_40,3,False,False
2246637,gate_30,2,False,False
2246772,gate_40,0,False,False
2246818,gate_30,83,True,True
2246831,gate_30,21,False,False
2246860,gate_30,36,True,False
2246906,gate_30,9,True,False
2246984,gate_30,6,False,False
2247054,gate_40,58,False,False
2247076,gate_30,157,True,True
2247137,gate_40,6,True,False
2247155,gate_40,24,False,True
2247252,gate_30,16,True,False
2247253,gate_40,6,False,False
2247400,gate_30,38,True,False
2247419,gate_30,39,False,False
2247553,gate_30,47,False,False
2247817,gate_40,0,False,False
2247829,gate_30,11,False,False
2247849,gate_40,14,False,False
2247910,gate_30,25,True,False
2248018,gate_30,12,False,False
2248124,gate_30,19,False,False
2248240,gate_40,291,True,True
2248278,gate_30,13,False,False
2248303,gate_30,25,False,False
2248338,gate_30,34,True,False
2248421,gate_30,209,True,True
2248549,gate_40,43,True,False
2248560,gate_40,0,False,False
2248599,gate_30,3,False,False
2248760,gate_40,1,False,False
2249175,gate_40,12,False,False
2249215,gate_40,13,True,False
2249654,gate_30,67,True,True
2249671,gate_30,27,True,False
2249818,gate_40,125,True,False
2250246,gate_30,15,True,False
2250536,gate_30,5,False,False
2250684,gate_30,9,True,False
2250751,gate_40,14,True,False
2250885,gate_30,1,False,False
2251163,gate_40,5,False,False
2251174,gate_40,405,True,True
2251484,gate_40,654,True,True
2251686,gate_40,8,True,False
2251750,gate_30,0,False,False
2251885,gate_40,27,True,False
2251947,gate_40,2,False,False
2251957,gate_40,0,False,False
2251995,gate_30,5,False,False
2252094,gate_40,5,False,False
2252109,gate_40,20,True,False
2252135,gate_30,6,False,False
2252282,gate_40,53,False,False
2252642,gate_40,2,False,False
2252693,gate_40,15,True,False
2252761,gate_30,30,False,False
2252906,gate_30,0,False,False
2253009,gate_30,212,True,True
2253391,gate_30,79,True,False
2253783,gate_30,12,False,False
2253844,gate_30,97,True,True
2253877,gate_30,41,True,True
2253884,gate_40,2,False,False
2253925,gate_40,90,True,False
2253938,gate_40,74,True,False
2254204,gate_40,102,True,True
2254248,gate_40,19,False,False
2254378,gate_40,192,True,True
2254391,gate_40,10,False,True
2254582,gate_40,12,True,False
2254587,gate_30,11,True,True
2254630,gate_30,55,False,True
2254642,gate_40,2,False,False
2254688,gate_40,52,True,True
2254778,gate_40,4,False,False
2254820,gate_30,1,False,False
2255115,gate_40,12,False,False
2255183,gate_40,5,True,False
2255263,gate_40,5,False,False
2255326,gate_30,3,False,False
2255532,gate_30,8,True,False
2255581,gate_40,39,False,False
2255705,gate_40,13,True,False
2256485,gate_30,23,True,False
2256972,gate_40,0,False,False
2256979,gate_30,10,False,False
2257041,gate_40,15,False,False
2257085,gate_40,36,True,False
2257095,gate_30,31,True,False
2257345,gate_30,0,False,False
2257613,gate_30,4,False,False
2257661,gate_30,2,False,False
2257819,gate_30,32,True,False
2257964,gate_40,2,False,False
2257969,gate_30,91,False,True
2258030,gate_30,4,False,False
2258173,gate_40,692,True,True
2258335,gate_30,36,False,False
2258354,gate_30,89,True,True
2258398,gate_40,4,False,False
2258627,gate_40,7,False,False
2258755,gate_40,148,False,False
2258968,gate_40,187,True,True
2259202,gate_30,425,True,True
2259220,gate_30,154,True,True
2259344,gate_40,14,False,False
2259531,gate_40,6,False,False
2259643,gate_30,1,False,False
2260202,gate_40,2,False,False
2260511,gate_40,3,False,False
2260578,gate_30,33,False,False
2260620,gate_30,24,True,False
2260727,gate_40,166,True,True
2260848,gate_30,3,False,False
2261018,gate_30,47,True,False
2261228,gate_40,14,False,True
2261244,gate_30,16,False,False
2261329,gate_30,1,False,False
2261344,gate_40,2,False,False
2261531,gate_30,5,False,False
2261635,gate_40,29,True,False
2261762,gate_30,3,False,False
2262037,gate_40,62,True,False
2262131,gate_40,30,True,False
2262177,gate_30,30,True,False
2262311,gate_40,3,False,False
2262340,gate_40,34,True,True
2262413,gate_40,218,False,True
2262441,gate_40,51,False,False
2262560,gate_40,3,False,False
2262636,gate_40,130,True,True
2262761,gate_40,4,True,False
2262813,gate_40,49,True,True
2262942,gate_40,47,False,False
2263349,gate_30,1,False,False
2263450,gate_30,9,False,False
2263491,gate_40,43,True,False
2263606,gate_30,325,True,False
2263695,gate_40,25,True,False
2263825,gate_30,149,True,False
2264074,gate_40,0,False,False
2264105,gate_40,63,True,False
2264361,gate_40,11,False,False
2264655,gate_40,3,False,False
2264682,gate_40,3,False,False
2264695,gate_40,19,False,False
2264876,gate_30,7,False,False
2264987,gate_40,22,True,False
2265497,gate_30,109,True,True
2265570,gate_40,6,True,False
2265606,gate_40,19,False,False
2265614,gate_30,2,True,False
2265948,gate_30,18,False,False
2266095,gate_30,6,False,False
2266160,gate_30,1,False,False
2266331,gate_30,188,True,False
2266361,gate_30,13,False,False
2266587,gate_40,19,True,False
2266834,gate_40,20,False,False
2267051,gate_40,20,True,False
2267057,gate_30,106,True,False
2267070,gate_30,0,False,False
2267147,gate_40,10,False,False
2267697,gate_30,59,False,False
2267924,gate_40,55,True,False
2267935,gate_30,39,False,False
2267942,gate_40,119,True,True
2268036,gate_40,5,False,False
2268189,gate_40,2,False,False
2268303,gate_30,2,False,False
2268337,gate_40,0,False,False
2268339,gate_40,0,False,False
2268349,gate_40,45,True,False
2268368,gate_30,247,True,True
2268485,gate_30,8,False,False
2268832,gate_40,3,False,False
2268858,gate_40,4,True,False
2268917,gate_30,63,True,True
2268971,gate_30,1,False,False
2269155,gate_30,3,False,False
2269282,gate_30,5,False,False
2269294,gate_30,2,False,False
2269331,gate_40,15,True,False
2269359,gate_40,163,True,True
2269466,gate_40,103,True,True
2269529,gate_40,484,True,True
2269604,gate_40,3,False,False
2269611,gate_40,23,False,True
2269651,gate_30,0,False,False
2269659,gate_40,16,True,False
2269725,gate_30,54,True,False
2270369,gate_30,50,True,False
2270593,gate_30,1,False,False
2270598,gate_30,0,False,False
2270616,gate_30,6,True,False
2271016,gate_30,45,True,False
2271034,gate_40,62,True,False
2271106,gate_30,7,False,False
2271109,gate_40,38,False,False
2271271,gate_40,23,False,False
2271309,gate_40,18,False,False
2271737,gate_40,69,True,False
2271761,gate_30,56,True,False
2272031,gate_40,22,False,False
2272068,gate_30,22,False,False
2272121,gate_30,7,False,False
2272154,gate_30,3,False,False
2272422,gate_30,26,False,False
2272496,gate_30,11,True,True
2272523,gate_30,1,False,False
2272525,gate_30,5,True,False
2272546,gate_30,7,False,False
2272596,gate_30,79,False,True
2272668,gate_40,29,True,False
2272781,gate_30,36,False,False
2272947,gate_40,1,False,False
2273168,gate_30,3,False,False
2273201,gate_30,24,True,False
2273219,gate_30,4,False,False
2273240,gate_30,228,True,True
2273474,gate_40,53,True,True
2273531,gate_40,26,True,False
2273592,gate_40,5,False,False
2273667,gate_40,332,True,False
2273701,gate_30,8,False,False
2273714,gate_40,15,True,True
2273734,gate_30,10,False,False
2273736,gate_40,6,False,False
2273833,gate_30,6,False,False
2273909,gate_40,4,True,False
2274187,gate_40,40,False,False
2274200,gate_30,378,True,True
2274342,gate_40,4,False,False
2274430,gate_40,13,False,False
2274441,gate_30,4,False,False
2274444,gate_40,82,True,False
2274473,gate_40,319,True,True
2274495,gate_30,13,False,False
2274581,gate_30,13,False,False
2274637,gate_40,32,True,False
2275214,gate_30,4,False,False
2275308,gate_30,55,True,False
2275415,gate_40,10,False,False
2275674,gate_30,66,True,False
2275680,gate_40,4,False,False
2275706,gate_40,17,False,False
2275730,gate_40,8,True,False
2275865,gate_30,124,False,True
2275983,gate_30,11,False,False
2276209,gate_40,8,False,False
2276251,gate_40,4,True,False
2276257,gate_40,23,True,False
2276304,gate_40,0,False,False
2276397,gate_30,50,False,False
2276406,gate_40,79,True,False
2276498,gate_30,76,True,False
2276557,gate_40,129,True,False
2276682,gate_40,18,False,True
2276840,gate_30,16,False,False
2277032,gate_40,16,True,False
2277077,gate_30,7,False,False
2277495,gate_40,213,True,True
2277718,gate_40,1,False,False
2277758,gate_30,12,False,False
2277787,gate_40,22,False,False
2277949,gate_30,23,True,True
2278275,gate_30,89,True,False
2278407,gate_30,44,False,False
2278570,gate_30,46,True,False
2278622,gate_30,78,True,True
2278719,gate_30,96,True,True
2278925,gate_30,236,True,True
2278929,gate_30,3,False,True
2278975,gate_30,24,True,False
2279351,gate_30,69,True,False
2279459,gate_30,4,False,False
2279652,gate_30,3,False,False
2279799,gate_30,19,True,False
2279849,gate_40,62,True,True
2279883,gate_30,0,False,False
2280075,gate_40,10,False,False
2280143,gate_40,50,True,False
2280216,gate_30,102,True,True
2280244,gate_30,107,True,False
2280537,gate_40,286,True,True
2280618,gate_40,8,True,False
2281328,gate_30,28,True,False
2281514,gate_30,20,False,False
2281703,gate_30,59,False,False
2281735,gate_30,4,False,False
2281818,gate_40,47,True,False
2281832,gate_40,29,False,False
2282340,gate_30,4,False,False
2282349,gate_30,3,False,False
2282553,gate_30,73,True,False
2282714,gate_40,2,False,False
2282859,gate_40,59,False,False
2282860,gate_40,26,False,False
2282914,gate_30,19,False,False
2283091,gate_40,0,False,False
2283419,gate_30,10,False,False
2283571,gate_40,99,True,False
2283585,gate_40,48,True,True
2283697,gate_30,14,False,False
2284037,gate_30,1,False,False
2284244,gate_30,2,True,False
2284393,gate_40,0,False,False
2284906,gate_30,20,True,False
2284965,gate_30,10,False,False
2285142,gate_30,15,False,False
2285187,gate_30,21,False,False
2285360,gate_30,8,False,False
2285458,gate_30,100,True,False
2285617,gate_40,8,False,False
2285871,gate_40,19,False,False
2285918,gate_40,1,False,False
2286004,gate_30,0,False,False
2286107,gate_30,7,False,False
2286162,gate_30,2,False,False
2286548,gate_30,2,False,False
2286555,gate_40,495,True,True
2286740,gate_30,209,True,True
2286795,gate_30,62,False,False
2286897,gate_40,14,False,False
2286997,gate_40,26,True,False
2287115,gate_30,1,False,False
2287126,gate_40,7,False,False
2287333,gate_40,7,False,False
2287369,gate_30,0,False,False
2287540,gate_40,5,False,False
2287705,gate_40,12,True,False
2287967,gate_40,51,True,False
2287968,gate_30,7,False,False
2287971,gate_30,53,True,False
2288156,gate_30,138,True,True
2288235,gate_40,2,False,False
2288700,gate_30,4,False,False
2288851,gate_40,12,False,False
2288911,gate_30,90,True,False
2288954,gate_30,21,True,False
2289041,gate_30,189,True,False
2289071,gate_30,11,False,False
2289193,gate_40,37,False,False
2289225,gate_30,36,True,False
2289569,gate_40,22,True,False
2289854,gate_40,0,False,False
2289920,gate_40,1,False,False
2290137,gate_40,32,False,False
2290444,gate_40,124,False,True
2290721,gate_30,24,False,False
2290798,gate_40,35,True,False
2290843,gate_40,2,False,False
2290852,gate_30,10,False,False
2290853,gate_30,118,True,True
2290875,gate_30,77,True,False
2291248,gate_40,2,False,False
2291252,gate_30,6,False,False
2291288,gate_30,30,True,False
2291337,gate_30,11,False,False
2291381,gate_30,1,False,True
2291427,gate_30,20,True,False
2291458,gate_30,29,True,False
2291521,gate_30,4,False,False
2291558,gate_30,13,False,False
2291571,gate_30,80,True,False
2291678,gate_40,2,False,False
2291757,gate_40,36,False,False
2291896,gate_40,17,False,False
2291916,gate_40,160,True,False
2292050,gate_40,15,False,False
2292318,gate_30,5,False,False
2292321,gate_40,371,True,True
2292325,gate_30,11,False,False
2292481,gate_40,19,True,False
2292552,gate_30,1,False,False
2292632,gate_30,0,False,False
2292885,gate_30,52,True,False
2292910,gate_30,18,True,False
2293010,gate_40,2,False,False
2293018,gate_30,291,True,True
2293326,gate_30,61,True,False
2293683,gate_40,18,False,False
2293865,gate_30,67,True,True
2294058,gate_40,5,False,False
2294114,gate_30,7,False,True
2294152,gate_40,452,True,False
2294197,gate_40,26,True,False
2294287,gate_30,37,True,False
2294356,gate_30,6,False,False
2294490,gate_30,10,False,False
2294542,gate_30,1,False,False
2294670,gate_40,17,False,False
2294881,gate_40,154,False,True
2295182,gate_30,37,True,True
2295226,gate_30,34,True,False
2295250,gate_30,2,False,False
2295436,gate_30,7,False,False
2295754,gate_30,2,False,False
2295784,gate_40,1,False,False
2295877,gate_40,12,True,False
2296010,gate_40,12,True,False
2296093,gate_40,60,False,True
2296143,gate_30,133,True,False
2296177,gate_30,1,False,False
2296240,gate_40,19,False,False
2296272,gate_40,9,False,False
2296296,gate_30,65,True,True
2296308,gate_40,10,True,False
2296704,gate_40,148,True,True
2297014,gate_30,9,False,False
2297061,gate_40,30,True,False
2297200,gate_40,0,False,False
2297230,gate_40,101,True,False
2297252,gate_30,13,True,False
2297394,gate_40,0,False,False
2297435,gate_30,3,False,False
2297515,gate_40,30,True,False
2297662,gate_30,327,True,True
2297931,gate_40,5,False,False
2298012,gate_40,35,True,False
2298095,gate_40,27,True,False
2298126,gate_40,39,False,False
2298187,gate_30,34,True,False
2298311,gate_40,2,False,False
2298315,gate_40,4,False,False
2298376,gate_30,2,False,False
2298634,gate_40,11,True,False
2299039,gate_40,3,False,False
2299056,gate_40,10,True,False
2299074,gate_30,10,False,False
2299098,gate_40,111,True,True
2299305,gate_40,9,False,False
2299449,gate_30,59,True,False
2299603,gate_30,53,True,False
2299629,gate_30,21,True,False
2299657,gate_40,0,False,False
2299680,gate_30,18,True,False
2299832,gate_30,1,False,False
2299923,gate_30,1,False,False
2300090,gate_30,9,False,False
2300173,gate_30,159,True,True
2300437,gate_30,17,False,False
2300479,gate_40,1,False,False
2300532,gate_30,56,True,True
2300598,gate_30,3,False,False
2300685,gate_30,2,False,False
2300699,gate_40,72,True,False
2300735,gate_40,21,True,False
2300833,gate_30,115,True,False
2300845,gate_40,13,True,False
2300850,gate_40,2,False,False
2300862,gate_30,4,False,False
2300886,gate_40,25,True,False
2301051,gate_40,13,True,False
2301133,gate_30,19,True,False
2301168,gate_30,121,True,True
2301194,gate_40,3,False,False
2301232,gate_30,11,True,False
2301238,gate_40,37,True,False
2301324,gate_30,33,True,False
2301373,gate_30,13,False,False
2301435,gate_30,319,True,True
2301480,gate_40,304,True,True
2301583,gate_30,8,False,True
2301656,gate_40,139,True,True
2301944,gate_40,4,False,False
2302025,gate_40,11,False,False
2302174,gate_40,20,True,False
2302176,gate_40,91,True,False
2302454,gate_40,202,True,True
2302660,gate_40,140,True,True
2302680,gate_30,1,False,False
2302751,gate_30,9,True,False
2302811,gate_30,2,False,False
2302919,gate_30,12,True,False
2302975,gate_30,2,False,False
2303014,gate_30,30,False,False
2303083,gate_40,13,False,False
2303250,gate_40,8,False,False
2303738,gate_40,1,False,False
2303755,gate_30,0,False,False
2303815,gate_40,837,True,True
2304059,gate_40,53,True,False
2304192,gate_30,22,False,False
2304266,gate_30,8,False,False
2304285,gate_30,129,True,True
2304659,gate_40,1,False,False
2304715,gate_40,1,False,False
2304837,gate_30,50,True,True
2305116,gate_30,69,False,False
2305211,gate_30,3,False,False
2305232,gate_30,2,False,False
2305491,gate_40,9,True,False
2305625,gate_30,6,True,False
2305680,gate_40,52,True,False
2305855,gate_30,9,False,False
2306010,gate_30,417,True,True
2306024,gate_30,37,True,False
2306104,gate_40,2,False,False
2306123,gate_40,2,False,False
2306452,gate_30,12,False,False
2306512,gate_40,11,True,False
2306567,gate_30,20,False,False
2306623,gate_40,146,True,True
2306634,gate_30,82,True,False
2306657,gate_30,8,False,False
2307119,gate_30,38,True,False
2307233,gate_40,38,True,False
2307243,gate_40,14,False,False
2307378,gate_40,78,True,True
2307467,gate_40,40,True,False
2307499,gate_30,14,True,False
2307694,gate_30,4,False,False
2307744,gate_30,1,False,False
2308041,gate_40,42,True,False
2308150,gate_30,159,True,False
2308269,gate_40,17,True,False
2308346,gate_30,10,False,False
2308426,gate_40,6,False,False
2308445,gate_30,1,False,False
2308493,gate_40,4,False,False
2308523,gate_30,7,True,False
2308601,gate_30,1,False,False
2308905,gate_30,26,True,False
2309265,gate_40,9,False,False
2309319,gate_30,85,True,False
2309371,gate_40,0,False,False
2309400,gate_30,1,False,False
2309444,gate_30,70,True,False
2309462,gate_30,10,False,False
2309492,gate_40,1,False,False
2309703,gate_40,25,True,False
2309738,gate_40,6,False,False
2309974,gate_40,8,False,False
2310004,gate_30,3,False,False
2310189,gate_40,14,True,True
2310404,gate_40,2,False,True
2310486,gate_40,123,False,True
2310508,gate_30,39,True,False
2310574,gate_30,4,False,False
2310597,gate_30,6,False,False
2310839,gate_40,49,True,False
2310842,gate_40,6,False,False
2311038,gate_40,6,True,False
2311084,gate_40,46,True,False
2311143,gate_30,244,True,False
2311249,gate_40,73,False,False
2311269,gate_30,16,True,False
2311294,gate_40,10,True,False
2311304,gate_40,19,False,False
2311310,gate_30,25,False,False
2311396,gate_40,110,True,False
2311456,gate_30,5,False,False
2311496,gate_30,2,True,False
2311707,gate_30,3,True,False
2311745,gate_30,30,True,True
2311825,gate_30,12,False,False
2311856,gate_30,145,True,True
2311987,gate_30,6,True,False
2311995,gate_40,3,False,False
2312089,gate_30,0,False,False
2312489,gate_30,6,True,False
2312548,gate_30,205,True,False
2312549,gate_40,10,False,False
2312636,gate_40,12,False,False
2312747,gate_40,0,False,False
2312868,gate_40,16,True,False
2312870,gate_30,52,True,False
2312882,gate_40,12,False,False
2312907,gate_40,25,False,False
2313108,gate_40,17,False,False
2313144,gate_40,4,False,False
2313244,gate_30,1,False,False
2313436,gate_40,2,False,False
2313458,gate_40,32,False,False
2313517,gate_40,4,False,False
2313534,gate_30,191,True,True
2313663,gate_40,7,False,False
2313702,gate_30,15,False,False
2313722,gate_40,0,False,False
2313951,gate_30,95,True,True
2314025,gate_40,4,False,False
2314067,gate_30,23,True,False
2314304,gate_30,195,True,True
2314393,gate_30,2,False,False
2314529,gate_40,6,False,False
2314559,gate_40,13,False,True
2314851,gate_40,82,True,False
2315163,gate_40,2,False,False
2315321,gate_40,23,False,False
2315481,gate_30,609,True,True
2315584,gate_40,308,True,True
2315832,gate_40,13,False,False
2315942,gate_30,52,True,False
2316040,gate_40,9,False,False
2316198,gate_30,8,False,False
2316288,gate_40,7,False,False
2316291,gate_40,76,True,False
2316297,gate_30,756,True,True
2316308,gate_30,9,False,False
2316475,gate_40,8,False,False
2316734,gate_30,54,True,False
2316764,gate_40,44,False,False
2316816,gate_30,8,False,False
2316956,gate_30,14,True,False
2316960,gate_30,48,True,False
2316967,gate_30,2,False,False
2317090,gate_40,22,True,False
2317169,gate_40,40,True,True
2317257,gate_30,40,True,False
2317264,gate_40,1,False,False
2317321,gate_40,2,False,False
2317356,gate_30,15,True,False
2317438,gate_40,86,False,True
2317492,gate_40,209,True,True
2317747,gate_40,1,False,False
2317781,gate_30,124,True,False
2318131,gate_40,0,False,False
2318149,gate_30,150,True,True
2318245,gate_40,8,True,False
2318369,gate_40,2,False,False
2318441,gate_30,1,False,False
2318502,gate_40,7,False,False
2318613,gate_40,24,True,False
2318662,gate_40,0,False,False
2318665,gate_30,0,False,False
2318712,gate_30,72,True,False
2318839,gate_40,18,False,False
2319093,gate_30,1,False,False
2319095,gate_30,41,True,False
2319366,gate_40,3,False,False
2319591,gate_30,5,False,False
2319992,gate_40,33,True,True
2320109,gate_30,10,True,False
2320126,gate_30,1,False,False
2320366,gate_40,137,True,True
2320416,gate_30,14,False,False
2320773,gate_40,191,True,True
2320887,gate_30,27,False,False
2320904,gate_40,15,False,False
2320915,gate_30,17,False,False
2320937,gate_40,0,False,False
2321052,gate_30,2,False,False
2321347,gate_40,86,True,True
2321366,gate_40,67,True,True
2321910,gate_30,4,False,False
2321916,gate_40,18,False,False
2321945,gate_30,54,True,True
2321951,gate_30,2,False,False
2322041,gate_40,32,True,False
2322154,gate_30,0,False,False
2322314,gate_30,62,True,True
2322453,gate_30,0,False,False
2322656,gate_30,645,True,True
2322691,gate_30,25,True,False
2322937,gate_40,5,False,False
2323023,gate_30,0,False,False
2323456,gate_40,35,True,False
2323465,gate_40,3,False,False
2323559,gate_30,33,False,False
2323594,gate_40,199,True,True
2323775,gate_40,20,True,False
2323781,gate_30,31,True,False
2323804,gate_30,2,False,False
2323848,gate_40,11,True,False
2323884,gate_30,35,True,False
2323975,gate_40,75,True,True
2324197,gate_40,9,False,False
2324438,gate_30,5,False,False
2324452,gate_40,89,True,False
2324474,gate_30,105,False,True
2324770,gate_30,64,True,False
2324940,gate_30,0,False,False
2324954,gate_40,2,False,False
2324996,gate_40,129,True,True
2325097,gate_30,127,True,True
2325108,gate_30,56,True,False
2325181,gate_30,7,False,False
2325182,gate_40,3,False,False
2325242,gate_30,4,False,False
2325250,gate_40,1,False,False
2325327,gate_30,10,False,False
2325394,gate_30,11,True,False
2325567,gate_30,178,True,True
2325586,gate_40,47,True,False
2325623,gate_40,2,False,False
2325630,gate_30,10,False,False
2325660,gate_30,110,False,False
2325685,gate_40,12,False,False
2325692,gate_30,5,False,False
2325728,gate_40,18,True,False
2325928,gate_30,4,False,False
2325935,gate_30,4,False,False
2325943,gate_30,10,False,False
2326249,gate_30,89,True,False
2326640,gate_30,16,True,False
2326827,gate_40,65,True,False
2326904,gate_40,351,True,True
2326962,gate_40,6,False,False
2326996,gate_30,1,False,False
2327024,gate_30,7,True,False
2327203,gate_40,5,False,False
2327498,gate_40,41,True,False
2327575,gate_30,35,True,False
2327781,gate_40,10,False,False
2327891,gate_40,46,True,False
2327906,gate_40,11,True,False
2327931,gate_30,80,True,False
2328066,gate_40,123,True,False
2328164,gate_30,726,True,True
2328193,gate_30,27,True,False
2328276,gate_40,11,False,False
2328289,gate_30,120,True,False
2328317,gate_40,8,True,False
2328356,gate_40,29,True,False
2328365,gate_40,36,False,False
2328426,gate_30,15,False,False
2328537,gate_40,9,False,False
2328987,gate_30,69,False,False
2328997,gate_30,36,False,True
2329061,gate_40,77,True,True
2329342,gate_40,36,True,False
2329861,gate_30,15,False,False
2329874,gate_40,188,True,True
2330126,gate_30,6,False,False
2330425,gate_30,12,False,False
2330566,gate_30,2,False,False
2330730,gate_40,50,True,False
2330790,gate_30,3,False,False
2331001,gate_40,13,False,False
2331196,gate_40,22,False,False
2331203,gate_30,1,False,False
2331693,gate_30,8,False,False
2331696,gate_40,44,True,True
2331905,gate_40,15,False,False
2331941,gate_30,437,True,True
2332057,gate_30,14,True,False
2332091,gate_30,55,True,False
2332255,gate_40,69,True,False
2332395,gate_30,262,True,True
2332602,gate_30,8,False,False
2332672,gate_30,178,True,True
2332839,gate_30,0,False,False
2332863,gate_40,20,False,False
2332866,gate_40,2,False,False
2333030,gate_30,32,True,False
2333082,gate_30,545,True,True
2333116,gate_30,39,True,False
2333213,gate_40,12,False,False
2333263,gate_40,1,False,False
2333364,gate_40,6,False,False
2333449,gate_40,166,True,False
2333462,gate_30,25,False,False
2333523,gate_30,16,True,False
2333572,gate_30,42,True,True
2333589,gate_40,92,False,False
2333660,gate_30,4,False,False
2333717,gate_30,6,False,False
2333839,gate_30,32,True,True
2333870,gate_40,1,False,False
2334063,gate_40,2,False,False
2334076,gate_30,0,False,False
2334092,gate_40,1,False,False
2334124,gate_30,142,False,False
2334135,gate_40,65,False,True
2334285,gate_30,46,True,True
2334404,gate_30,1,False,False
2334477,gate_40,18,False,False
2334524,gate_40,58,False,False
2334627,gate_40,2,True,False
2334700,gate_40,19,True,False
2334863,gate_40,143,True,True
2335039,gate_30,1,False,False
2335297,gate_40,97,True,False
2335332,gate_30,3,False,False
2335922,gate_30,117,True,True
2335928,gate_30,2,False,False
2336111,gate_40,6,False,False
2336240,gate_40,5,False,False
2336271,gate_40,8,False,False
2336602,gate_40,85,True,True
2336828,gate_30,21,True,False
2337229,gate_40,35,False,False
2337530,gate_40,7,False,False
2337633,gate_30,22,False,False
2337690,gate_30,0,False,False
2337813,gate_40,10,True,False
2337948,gate_30,2,False,False
2338222,gate_40,2,False,False
2338316,gate_40,56,True,False
2338371,gate_30,0,False,False
2338635,gate_40,126,False,False
2338662,gate_30,1,False,False
2338702,gate_40,19,False,False
2338714,gate_30,52,True,False
2338830,gate_30,2,False,False
2338888,gate_30,4,False,False
2339248,gate_40,27,True,False
2339425,gate_30,26,False,False
2339459,gate_30,48,True,False
2339462,gate_30,295,True,True
2339471,gate_30,264,True,True
2339475,gate_40,5,True,False
2339613,gate_40,16,False,False
2339733,gate_30,18,False,False
2339809,gate_40,44,True,False
2339848,gate_40,188,True,False
2339933,gate_30,2,False,False
2340130,gate_40,29,True,False
2340224,gate_30,7,False,False
2340388,gate_40,2,False,False
2340396,gate_30,25,True,True
2340466,gate_30,220,True,True
2340681,gate_30,1,False,False
2340791,gate_30,115,True,True
2340960,gate_30,84,False,True
2340962,gate_30,3,False,False
2341024,gate_30,127,True,True
2341211,gate_30,1,False,False
2341424,gate_30,6,False,False
2341437,gate_30,45,False,False
2341704,gate_40,7,False,False
2341714,gate_40,9,False,False
2341762,gate_40,2,False,False
2341775,gate_40,159,True,True
2341824,gate_40,1,False,False
2341875,gate_40,9,False,False
2342016,gate_30,2,False,False
2342174,gate_30,77,True,False
2342196,gate_30,52,False,False
2342345,gate_30,4,False,False
2342394,gate_40,17,True,False
2342520,gate_30,15,True,False
2342631,gate_30,218,True,False
2342661,gate_40,14,False,False
2342681,gate_30,104,True,False
2342900,gate_40,3,False,False
2342951,gate_40,701,True,True
2342960,gate_40,11,True,False
2343045,gate_40,6,True,False
2343232,gate_40,0,False,False
2343626,gate_30,17,True,False
2343689,gate_30,2,True,False
2343774,gate_30,33,True,False
2343790,gate_40,14,False,False
2344117,gate_40,3,True,False
2344254,gate_40,66,True,True
2344319,gate_40,3,False,False
2344352,gate_30,73,True,False
2344482,gate_30,108,True,True
2344548,gate_40,289,True,True
2345357,gate_40,34,True,False
2345476,gate_30,5,False,False
2345485,gate_30,209,True,True
2345492,gate_30,5,True,False
2345643,gate_40,6,False,False
2345653,gate_30,0,False,False
2345683,gate_30,1,False,False
2345745,gate_30,47,True,False
2345818,gate_40,0,False,False
2345989,gate_40,28,False,False
2346059,gate_40,61,False,True
2346190,gate_30,5,False,False
2346344,gate_30,9,False,False
2346447,gate_40,31,True,False
2346494,gate_30,16,False,False
2346628,gate_40,4,False,False
2346666,gate_40,43,True,False
2347135,gate_40,275,True,True
2347492,gate_30,287,True,True
2347618,gate_40,0,False,False
2347676,gate_40,2,False,False
2347891,gate_40,25,False,True
2348401,gate_40,134,True,False
2348499,gate_40,2,False,False
2348538,gate_40,13,False,False
2348686,gate_30,27,True,True
2348704,gate_30,62,True,False
2348746,gate_30,6,False,False
2348788,gate_40,13,False,False
2348850,gate_30,0,False,False
2348855,gate_40,17,True,False
2348882,gate_40,2,False,False
2348910,gate_40,1,False,False
2349123,gate_40,5,False,False
2349255,gate_30,9,False,False
2349294,gate_30,254,True,True
2349441,gate_40,68,True,False
2349559,gate_30,4,False,False
2349593,gate_40,4,False,False
2349818,gate_30,14,False,False
2349905,gate_30,2,False,False
2350023,gate_30,31,True,False
2350087,gate_40,7,False,False
2350233,gate_30,20,True,False
2350394,gate_30,7,False,False
2350512,gate_40,18,True,False
2350759,gate_30,63,True,False
2350929,gate_30,4,False,False
2351013,gate_40,16,True,False
2351190,gate_30,40,True,False
2351255,gate_30,6,False,False
2351447,gate_40,2,False,False
2351520,gate_30,39,True,False
2351714,gate_40,15,False,False
2351717,gate_30,17,False,False
2351792,gate_40,31,True,False
2351874,gate_40,66,False,True
2351889,gate_30,14,False,False
2351949,gate_40,0,False,False
2351967,gate_30,61,False,True
2352033,gate_40,11,False,False
2352099,gate_30,34,False,False
2352278,gate_30,1,False,False
2352654,gate_40,78,True,True
2353104,gate_40,143,True,False
2353343,gate_40,3,False,False
2353436,gate_30,2,False,False
2353478,gate_30,77,True,False
2353539,gate_40,29,True,False
2353645,gate_30,22,False,False
2353709,gate_30,178,True,False
2353729,gate_30,140,True,True
2353808,gate_30,29,True,False
2354015,gate_40,38,True,True
2354102,gate_30,3,False,False
2354155,gate_40,16,False,False
2354343,gate_40,15,False,False
2354419,gate_30,3,False,False
2354602,gate_40,272,True,True
2354803,gate_30,6,False,False
2355024,gate_30,3,False,False
2355073,gate_30,2,False,False
2355098,gate_40,6,False,False
2355143,gate_40,27,True,False
2355155,gate_40,1,False,False
2355162,gate_40,75,True,False
2355316,gate_40,31,False,False
2355462,gate_40,8,True,False
2355979,gate_30,326,True,True
2356029,gate_30,71,True,True
2356078,gate_30,341,False,True
2356276,gate_30,53,True,False
2356402,gate_40,1,False,False
2356425,gate_40,482,False,True
2356530,gate_30,325,True,False
2356588,gate_30,157,True,True
2356613,gate_40,20,True,False
2356621,gate_40,4,False,False
2356781,gate_30,88,True,True
2357066,gate_40,6,False,False
2357288,gate_30,1,True,False
2357302,gate_40,6,False,False
2357450,gate_40,24,False,False
2357471,gate_30,317,True,True
2357589,gate_30,7,False,False
2357739,gate_40,59,True,False
2357775,gate_40,26,True,False
2357966,gate_40,9,True,False
2358212,gate_30,10,False,True
2358354,gate_30,91,True,False
2358571,gate_40,104,True,False
2358593,gate_30,2,False,False
2358703,gate_30,59,True,False
2358706,gate_40,150,True,True
2358739,gate_40,1,False,False
2358888,gate_30,66,True,True
2358920,gate_40,3,False,False
2359013,gate_40,7,False,False
2359246,gate_40,53,True,False
2359630,gate_40,20,True,False
2359836,gate_40,47,False,False
2360208,gate_40,36,True,False
2360366,gate_30,20,False,False
2360435,gate_30,5,False,False
2360484,gate_40,5,True,False
2360585,gate_30,37,True,False
2360678,gate_40,1,False,False
2360699,gate_30,17,False,True
2360708,gate_40,56,True,False
2360868,gate_40,3,False,False
2361086,gate_30,12,False,False
2361145,gate_40,68,True,True
2361236,gate_40,55,True,False
2361361,gate_30,4,False,False
2361395,gate_30,39,True,False
2361435,gate_40,1,False,False
2361602,gate_30,41,False,False
2361635,gate_40,25,True,False
2361731,gate_30,18,True,False
2361794,gate_40,13,True,False
2361804,gate_40,55,True,True
2361863,gate_30,45,True,False
2361933,gate_30,102,True,False
2361938,gate_30,6,False,True
2362036,gate_40,4,False,False
2362056,gate_30,40,False,False
2362148,gate_30,134,True,False
2362177,gate_30,8,False,False
2362243,gate_30,59,True,False
2362382,gate_40,1,False,False
2362418,gate_40,8,False,False
2362462,gate_40,0,False,False
2362577,gate_40,39,False,False
2362713,gate_30,55,False,True
2362846,gate_40,1,False,False
2362898,gate_40,3,False,False
2363244,gate_30,10,False,False
2363354,gate_30,25,True,False
2363367,gate_40,157,True,False
2363420,gate_30,6,True,False
2363427,gate_30,14,True,False
2363495,gate_40,11,False,False
2364021,gate_30,31,True,True
2364174,gate_40,45,True,False
2364192,gate_40,62,True,False
2364412,gate_40,1,False,False
2364440,gate_30,1,False,False
2364496,gate_40,71,True,True
2364658,gate_30,68,True,True
2364695,gate_40,4,False,False
2364894,gate_40,698,True,True
2364944,gate_30,239,False,True
2365096,gate_40,4,False,False
2365209,gate_40,67,True,False
2365534,gate_30,5,False,False
2365559,gate_30,13,True,False
2365659,gate_30,0,False,False
2365692,gate_40,0,False,False
2365699,gate_30,0,False,False
2365707,gate_30,5,False,False
2365763,gate_30,5,False,False
2366257,gate_30,3,False,False
2366357,gate_40,17,False,False
2366486,gate_30,39,True,False
2366840,gate_30,11,False,False
2366850,gate_40,45,True,False
2366925,gate_40,39,False,False
2366935,gate_30,3,False,False
2366965,gate_30,2,False,False
2367271,gate_30,0,False,False
2367356,gate_30,2,True,False
2367566,gate_40,0,False,False
2367622,gate_40,2,False,False
2367758,gate_40,38,True,False
2367816,gate_40,1,False,False
2367961,gate_40,2,False,False
2368038,gate_40,105,True,False
2368298,gate_30,3,False,False
2368304,gate_30,5,False,False
2368317,gate_40,205,True,True
2368406,gate_40,158,True,True
2368575,gate_40,0,True,False
2368716,gate_40,20,False,False
2368808,gate_40,4,False,False
2368888,gate_40,9,False,False
2368946,gate_30,1,False,False
2368991,gate_30,57,True,False
2368993,gate_40,72,True,True
2369022,gate_40,8,True,False
2369035,gate_40,105,True,True
2369066,gate_40,14,True,False
2369094,gate_30,4,False,False
2369115,gate_30,29,True,False
2369318,gate_40,20,False,False
2369522,gate_30,24,True,False
2369621,gate_40,2,False,False
2369711,gate_40,24,False,True
2369830,gate_40,1,False,False
2369900,gate_30,28,False,False
2369904,gate_30,19,True,False
2369914,gate_40,54,False,False
2370101,gate_40,6,False,False
2370182,gate_40,0,False,False
2370203,gate_40,10,False,False
2370255,gate_30,5,False,False
2370256,gate_40,13,False,True
2370465,gate_40,17,False,False
2370485,gate_30,8,True,False
2370884,gate_40,18,True,False
2370915,gate_40,1,True,False
2370948,gate_30,5,False,False
2370998,gate_30,66,True,False
2371382,gate_40,12,False,False
2371463,gate_30,7,True,False
2371668,gate_30,5,False,False
2371913,gate_30,27,True,False
2371998,gate_40,7,False,False
2372010,gate_40,37,True,False
2372165,gate_40,31,True,False
2372229,gate_30,18,False,False
2372299,gate_30,0,False,False
2372551,gate_30,2,False,False
2372596,gate_30,3,False,False
2372808,gate_30,7,False,False
2372864,gate_30,1,False,False
2373156,gate_30,2,False,False
2373317,gate_40,37,True,False
2373335,gate_40,1,False,False
2373418,gate_40,10,True,True
2373535,gate_40,3,False,False
2373563,gate_40,79,True,True
2374225,gate_40,3,False,False
2374227,gate_30,72,True,False
2374229,gate_40,2,False,False
2374352,gate_40,2,True,False
2374382,gate_30,99,True,True
2374439,gate_30,1,False,False
2374504,gate_30,33,False,True
2374655,gate_40,0,False,False
2374828,gate_40,192,True,True
2375017,gate_40,42,True,False
2375076,gate_30,3,False,False
2375132,gate_30,23,True,False
2375183,gate_30,2,False,False
2375283,gate_40,12,False,False
2375433,gate_40,40,False,True
2375455,gate_30,15,False,False
2375470,gate_40,4,False,False
2375603,gate_40,3,True,False
2375651,gate_40,5,False,False
2375668,gate_30,9,True,False
2375726,gate_40,226,True,True
2375749,gate_40,0,False,False
2375822,gate_30,38,False,False
2375823,gate_40,407,True,True
2375976,gate_30,56,True,False
2375990,gate_30,41,False,False
2376047,gate_30,72,True,False
2376226,gate_40,4,False,False
2376281,gate_40,1,False,False
2376334,gate_40,4,False,False
2376373,gate_40,38,True,False
2376485,gate_40,1,False,False
2376503,gate_40,143,True,True
2376521,gate_40,19,False,False
2376585,gate_40,10,False,False
2376654,gate_40,184,True,True
2376670,gate_40,36,True,False
2376672,gate_40,5,True,False
2377083,gate_30,5,False,False
2377130,gate_30,4,False,False
2377431,gate_40,0,False,False
2377477,gate_40,0,False,False
2377530,gate_40,14,True,False
2377606,gate_30,18,False,True
2377655,gate_30,149,True,True
2378138,gate_30,18,True,False
2378352,gate_30,14,False,False
2378621,gate_30,8,False,False
2378856,gate_40,1,False,False
2378938,gate_40,1,False,False
2379152,gate_40,2,False,False
2379311,gate_30,1,False,False
2379399,gate_40,69,True,False
2379535,gate_40,4,False,False
2379551,gate_40,21,True,False
2379635,gate_30,11,False,False
2379651,gate_40,5,False,False
2379752,gate_40,0,False,False
2380272,gate_40,1,False,False
2380273,gate_40,4,False,False
2380439,gate_40,18,False,False
2380493,gate_30,3,False,False
2380632,gate_40,145,True,True
2380805,gate_40,21,False,False
2380992,gate_40,0,False,False
2381313,gate_40,14,False,False
2381404,gate_40,536,True,True
2381430,gate_40,1,False,False
2381512,gate_30,3,False,False
2381635,gate_30,4,False,False
2381794,gate_40,99,True,False
2381901,gate_30,2,False,False
2381920,gate_30,20,True,False
2381948,gate_30,276,True,True
2381969,gate_40,42,True,False
2382018,gate_30,0,False,False
2382207,gate_30,13,False,False
2382286,gate_40,3,False,False
2382370,gate_40,12,False,False
2382402,gate_30,45,True,True
2382568,gate_30,1,False,False
2382641,gate_40,162,True,False
2382895,gate_30,9,False,False
2383189,gate_40,0,False,False
2383384,gate_40,30,True,False
2383415,gate_40,7,False,False
2383590,gate_40,12,True,False
2383622,gate_30,39,True,False
2383677,gate_40,26,True,False
2384037,gate_30,439,True,False
2384121,gate_30,3,False,False
2384708,gate_30,11,False,False
2384719,gate_40,3,False,False
2384727,gate_40,238,True,False
2384883,gate_30,42,True,False
2384921,gate_40,25,False,False
2385270,gate_30,3,False,False
2385366,gate_40,1,False,False
2385426,gate_40,1,False,False
2385459,gate_40,31,True,True
2385790,gate_40,361,True,True
2385971,gate_40,2,False,False
2386377,gate_30,7,False,False
2386419,gate_40,3,False,False
2386666,gate_30,42,False,False
2386822,gate_40,15,False,False
2386899,gate_40,22,True,False
2387131,gate_40,4,False,False
2387280,gate_30,3,False,False
2387326,gate_30,8,False,False
2387368,gate_40,13,True,False
2387433,gate_40,27,False,False
2387534,gate_30,24,True,False
2387637,gate_30,26,False,False
2387815,gate_30,544,True,False
2387826,gate_30,5,False,False
2388092,gate_40,21,True,False
2388203,gate_40,33,False,False
2388243,gate_30,4,False,False
2388434,gate_40,24,False,False
2388468,gate_40,75,False,True
2388563,gate_40,0,False,False
2388592,gate_30,13,False,False
2388643,gate_40,1,False,False
2388649,gate_30,5,False,False
2388680,gate_30,14,True,False
2388718,gate_30,4,False,False
2388758,gate_30,6,False,False
2389002,gate_30,2,False,False
2389075,gate_30,29,False,False
2389362,gate_40,3,False,False
2389365,gate_30,9,False,False
2389605,gate_40,5,True,False
2389674,gate_30,32,False,True
2389940,gate_30,19,False,False
2390037,gate_40,42,True,True
2390058,gate_40,8,True,True
2390336,gate_30,5,False,False
2390407,gate_30,45,False,False
2390428,gate_40,127,True,True
2390543,gate_30,57,True,False
2390716,gate_40,2,False,False
2390765,gate_40,13,False,False
2390826,gate_30,21,True,False
2390933,gate_30,17,True,False
2390945,gate_30,5,False,False
2391026,gate_30,50,False,False
2391055,gate_40,24,False,True
2391180,gate_40,16,False,False
2391249,gate_30,2,False,False
2391253,gate_30,32,False,False
2391287,gate_40,4,False,False
2391381,gate_40,21,True,False
2391395,gate_40,1,False,False
2391626,gate_40,8,False,False
2391807,gate_40,53,True,False
2391949,gate_40,110,True,False
2392032,gate_40,68,False,True
2392158,gate_40,12,False,False
2392287,gate_40,89,True,False
2392370,gate_30,3,False,False
2392401,gate_40,55,True,False
2392537,gate_30,8,False,False
2392635,gate_30,4,False,False
2392838,gate_40,2,False,False
2392953,gate_40,2,False,False
2393194,gate_40,62,True,True
2393408,gate_30,10,False,False
2393571,gate_30,279,True,True
2393577,gate_30,37,True,True
2393591,gate_30,41,True,False
2393783,gate_40,1,False,False
2393794,gate_30,8,False,False
2393857,gate_30,3,False,False
2394164,gate_30,83,True,False
2394262,gate_40,229,True,False
2394274,gate_40,10,False,False
2394280,gate_30,2,False,False
2394364,gate_40,32,True,False
2394494,gate_40,9,True,False
2394607,gate_30,10,False,False
2394781,gate_30,192,True,False
2395214,gate_30,19,True,False
2395240,gate_30,21,True,False
2395241,gate_40,1,False,False
2395336,gate_30,3,False,False
2395383,gate_30,4,False,False
2395447,gate_40,20,True,False
2395641,gate_40,0,False,False
2395717,gate_30,189,True,True
2395888,gate_40,344,True,True
2396041,gate_40,63,True,False
2396103,gate_30,41,True,False
2396123,gate_30,24,False,False
2396209,gate_30,6,False,False
2396298,gate_30,2,False,False
2396309,gate_40,3,False,False
2396360,gate_30,21,True,False
2396413,gate_30,284,True,True
2396515,gate_30,23,True,False
2396575,gate_40,310,True,True
2396576,gate_30,4,False,False
2396595,gate_30,17,True,False
2396726,gate_40,46,False,False
2396760,gate_40,218,True,True
2396764,gate_30,117,True,True
2396992,gate_40,3,False,False
2396997,gate_40,152,True,True
2397039,gate_40,85,True,False
2397055,gate_30,0,False,False
2397173,gate_40,21,False,False
2397276,gate_40,0,False,False
2397336,gate_40,12,True,False
2397644,gate_30,5,True,False
2397887,gate_30,27,True,False
2397917,gate_30,22,False,False
2397953,gate_40,46,True,True
2398006,gate_40,7,False,False
2398142,gate_40,25,False,False
2398437,gate_40,9,False,False
2398737,gate_30,324,True,True
2398871,gate_30,2,False,False
2399229,gate_40,3,False,False
2399777,gate_30,62,True,False
2399873,gate_30,90,True,True
2399961,gate_40,75,True,True
2400019,gate_30,27,True,False
2400107,gate_30,37,True,False
2400252,gate_30,276,True,True
2400281,gate_30,9,False,False
2400284,gate_30,120,True,False
2400332,gate_30,754,True,True
2400450,gate_40,6,True,False
2400452,gate_40,32,False,False
2400736,gate_30,566,True,True
2400748,gate_40,9,False,False
2400840,gate_30,35,True,False
2400982,gate_30,0,False,False
2401001,gate_30,6,False,False
2401042,gate_40,27,True,False
2401189,gate_30,8,True,False
2401371,gate_40,3,False,False
2401728,gate_40,31,True,False
2401731,gate_30,3,False,False
2401832,gate_40,83,True,False
2401889,gate_40,7,False,False
2402114,gate_40,23,False,False
2402182,gate_30,112,True,True
2402351,gate_40,6,False,True
2402384,gate_30,172,True,True
2402401,gate_40,3,False,False
2402459,gate_30,10,True,False
2402547,gate_40,15,False,False
2402700,gate_40,47,True,False
2402758,gate_30,78,True,True
2402862,gate_30,705,True,True
2402875,gate_40,2,False,False
2402974,gate_30,45,True,False
2403170,gate_40,21,True,False
2403341,gate_40,27,True,False
2403349,gate_30,50,False,False
2403371,gate_30,143,True,False
2403738,gate_40,31,False,False
2404075,gate_40,9,False,False
2404181,gate_30,110,True,False
2404242,gate_40,25,True,False
2404291,gate_40,83,True,True
2404316,gate_30,16,False,True
2404757,gate_30,1,False,False
2404807,gate_30,12,False,False
2405139,gate_30,0,False,False
2405245,gate_40,2,False,False
2405249,gate_40,110,True,False
2405434,gate_40,46,True,False
2405647,gate_30,0,False,False
2405649,gate_40,20,True,False
2405796,gate_30,49,False,True
2405868,gate_30,170,True,True
2406177,gate_30,3,False,False
2406343,gate_40,13,False,False
2406364,gate_30,106,True,False
2406423,gate_30,6,False,False
2406460,gate_40,60,True,False
2406606,gate_40,10,False,False
2406704,gate_30,424,True,True
2406919,gate_40,44,True,True
2406930,gate_30,203,True,False
2407111,gate_30,38,True,False
2407145,gate_30,45,False,False
2407448,gate_40,1,False,False
2407449,gate_30,108,False,False
2407456,gate_40,2,False,False
2407497,gate_30,90,True,True
2407519,gate_40,34,False,False
2407577,gate_30,5,False,False
2407716,gate_40,3,False,False
2407837,gate_40,37,True,False
2408016,gate_30,83,True,True
2408080,gate_40,18,True,False
2408256,gate_30,3,False,False
2408258,gate_40,105,True,True
2408352,gate_40,17,True,False
2408367,gate_30,9,True,False
2408377,gate_40,11,False,False
2408401,gate_30,1,False,False
2408597,gate_40,65,True,True
2408629,gate_30,16,True,False
2408871,gate_40,15,False,False
2408994,gate_40,35,True,False
2409089,gate_40,6,False,False
2409384,gate_40,1,False,False
2409406,gate_40,7,False,False
2409427,gate_30,18,True,False
2409456,gate_30,76,True,False
2409665,gate_40,121,True,True
2409726,gate_40,5,False,False
2409803,gate_30,14,False,False
2409882,gate_30,2,False,False
2409916,gate_30,33,True,True
2409961,gate_30,1,False,False
2410004,gate_40,4,False,False
2410221,gate_30,35,True,False
2410331,gate_40,179,True,False
2410768,gate_30,10,False,False
2411113,gate_40,4,False,False
2411132,gate_40,77,True,False
2411159,gate_30,14,True,False
2411307,gate_30,5,False,False
2411324,gate_30,16,False,False
2411585,gate_40,138,True,True
2411792,gate_30,157,True,False
2411863,gate_30,101,True,True
2412015,gate_40,6,False,False
2412140,gate_40,92,True,False
2412242,gate_30,1,False,False
2412285,gate_30,0,False,False
2412534,gate_40,61,False,False
2412793,gate_30,176,False,True
2412838,gate_30,10,True,False
2412891,gate_30,46,True,False
2412978,gate_30,250,True,True
2413037,gate_30,6,False,False
2413069,gate_30,20,False,False
2413176,gate_40,31,True,False
2413187,gate_30,0,False,False
2413352,gate_40,6,True,False
2413480,gate_40,18,False,False
2413505,gate_40,4,False,False
2413574,gate_30,5,True,False
2413687,gate_30,194,True,True
2413787,gate_40,20,False,False
2413881,gate_30,496,True,True
2413976,gate_30,174,True,True
2413986,gate_30,39,True,False
2414037,gate_30,41,True,False
2414236,gate_30,1,False,False
2414257,gate_40,42,True,False
2414388,gate_40,20,True,False
2414445,gate_30,4,False,False
2414515,gate_30,172,True,True
2414585,gate_30,34,False,False
2414693,gate_30,32,True,False
2414826,gate_30,23,False,False
2414964,gate_40,25,True,True
2415109,gate_40,79,True,False
2415134,gate_40,10,False,False
2415263,gate_30,167,True,True
2415272,gate_30,34,True,False
2415395,gate_40,96,True,False
2415490,gate_30,11,False,False
2415623,gate_30,57,False,False
2415667,gate_30,95,True,True
2415854,gate_40,0,False,False
2415963,gate_30,22,False,False
2415983,gate_30,11,False,False
2416226,gate_40,51,True,True
2416342,gate_40,76,False,True
2416464,gate_40,2,False,False
2416520,gate_30,58,True,False
2416554,gate_40,61,True,True
2416639,gate_40,2,False,False
2416708,gate_40,2,False,False
2416712,gate_40,23,True,True
2416849,gate_40,3,False,False
2416904,gate_30,7,True,False
2416916,gate_40,12,True,False
2417359,gate_40,75,True,False
2417553,gate_30,1,True,False
2417559,gate_30,3,False,False
2417822,gate_40,3,False,False
2417878,gate_40,0,False,False
2417879,gate_40,68,True,False
2417934,gate_30,99,True,True
2417994,gate_30,13,False,False
2418018,gate_40,119,True,False
2418350,gate_40,31,False,False
2418440,gate_30,25,True,True
2418544,gate_30,59,True,False
2418632,gate_30,143,True,True
2418647,gate_40,1,True,False
2418678,gate_30,52,True,False
2418886,gate_40,7,True,False
2418900,gate_40,0,False,False
2419079,gate_40,2,False,False
2419112,gate_30,30,False,False
2419271,gate_30,6,False,False
2419409,gate_40,20,True,False
2419411,gate_40,5,False,False
2419821,gate_30,11,True,False
2419847,gate_30,39,False,False
2419956,gate_30,3,True,False
2420105,gate_30,6,True,False
2420109,gate_40,40,True,False
2420163,gate_40,12,False,False
2420170,gate_40,37,True,False
2420215,gate_30,273,True,True
2420358,gate_30,9,True,False
2420495,gate_30,5,True,False
2420929,gate_30,4,True,False
2420943,gate_40,7,False,False
2421079,gate_30,18,True,False
2421304,gate_30,10,False,False
2421375,gate_30,28,True,False
2421493,gate_30,11,False,False
2421502,gate_30,14,False,False
2421682,gate_40,192,True,False
2421728,gate_30,185,True,False
2421944,gate_40,14,False,False
2422123,gate_40,4,False,False
2422153,gate_40,8,False,False
2422163,gate_30,18,True,False
2422451,gate_30,483,False,True
2422474,gate_30,41,True,False
2422505,gate_30,41,True,False
2422815,gate_40,77,True,False
2422836,gate_40,12,False,False
2422932,gate_40,47,True,True
2423111,gate_40,154,True,True
2423152,gate_30,73,False,False
2423223,gate_40,18,False,False
2423720,gate_40,26,True,False
2423965,gate_40,15,True,False
2424006,gate_30,15,True,False
2424221,gate_40,103,True,False
2424296,gate_30,29,True,False
2424461,gate_40,1,False,False
2424491,gate_30,19,False,False
2424522,gate_40,82,True,False
2424660,gate_30,17,False,False
2424681,gate_30,85,True,False
2424736,gate_40,47,True,False
2424919,gate_30,324,True,True
2424938,gate_40,5,False,False
2424963,gate_30,0,False,False
2425019,gate_30,48,True,False
2425037,gate_40,6,True,False
2425408,gate_30,13,False,False
2425967,gate_30,2,False,False
2426031,gate_30,38,True,True
2426037,gate_30,5,False,False
2426241,gate_30,134,True,True
2426274,gate_30,15,False,False
2426292,gate_40,6,False,False
2426416,gate_30,0,False,False
2426645,gate_30,85,True,False
2426671,gate_40,4,True,False
2426710,gate_30,120,False,False
2426839,gate_40,420,True,True
2427226,gate_30,8,False,False
2427311,gate_30,40,True,False
2427409,gate_30,2,False,False
2427675,gate_40,95,True,True
2427768,gate_30,214,True,False
2427950,gate_30,14,False,False
2427963,gate_40,13,False,False
2428138,gate_30,5,False,False
2428308,gate_30,23,True,False
2428348,gate_30,10,False,False
2428382,gate_30,151,True,False
2428559,gate_30,13,False,False
2428725,gate_30,5,False,False
2428860,gate_40,4,False,False
2428863,gate_30,15,False,False
2428877,gate_40,9,False,False
2429147,gate_40,186,True,True
2429179,gate_40,4,False,False
2429195,gate_30,30,True,True
2429219,gate_30,5,False,False
2429241,gate_40,19,True,False
2429420,gate_40,2,False,False
2429423,gate_30,7,True,False
2429436,gate_30,5,False,False
2429473,gate_30,5,True,False
2429746,gate_40,96,False,True
2429845,gate_40,55,True,True
2429875,gate_40,39,True,True
2429953,gate_40,44,False,False
2430087,gate_30,0,False,False
2430089,gate_30,0,False,False
2430132,gate_30,5,True,False
2430353,gate_30,8,False,False
2430706,gate_30,6,False,False
2430968,gate_40,38,True,False
2431085,gate_30,1,False,False
2431157,gate_30,141,True,True
2431191,gate_30,25,True,False
2431262,gate_30,19,False,True
2431387,gate_30,98,True,False
2431421,gate_40,14,False,False
2431541,gate_30,26,False,False
2431695,gate_30,58,True,True
2431708,gate_30,26,True,False
2431906,gate_40,8,False,False
2431911,gate_30,33,True,False
2431944,gate_30,5,False,False
2432241,gate_40,389,True,True
2432564,gate_40,672,True,True
2432658,gate_30,3,False,False
2432901,gate_40,20,True,False
2433203,gate_40,12,False,False
2433293,gate_30,20,True,True
2433303,gate_30,50,True,False
2433398,gate_30,32,False,False
2433453,gate_40,63,False,False
2433671,gate_40,28,False,False
2433695,gate_30,5,False,False
2433719,gate_30,0,False,False
2433802,gate_30,39,False,False
2434001,gate_30,0,False,False
2434040,gate_40,121,True,False
2434057,gate_40,35,True,False
2434058,gate_40,25,True,False
2434063,gate_30,0,False,False
2434228,gate_40,7,False,False
2434387,gate_30,8,False,False
2434485,gate_40,50,True,False
2434984,gate_40,10,False,False
2435008,gate_30,33,True,False
2435029,gate_40,260,True,True
2435048,gate_30,4,False,False
2435081,gate_40,5,False,False
2435206,gate_40,3,False,False
2435247,gate_40,540,True,True
2435291,gate_40,2,False,False
2435304,gate_30,167,True,True
2435496,gate_30,28,False,False
2435755,gate_40,3,False,False
2435782,gate_40,79,False,False
2435945,gate_30,5,False,False
2435950,gate_40,271,True,True
2436052,gate_30,3,False,False
2436065,gate_40,3,False,False
2436222,gate_30,71,False,True
2436248,gate_40,8,False,False
2436296,gate_30,1,False,False
2436316,gate_40,7,True,False
2436336,gate_40,30,True,False
2436450,gate_30,599,True,True
2436480,gate_40,109,True,False
2436539,gate_30,4,False,False
2436545,gate_40,4,False,False
2436585,gate_30,12,False,True
2436786,gate_30,65,True,True
2436883,gate_30,13,False,False
2436911,gate_40,38,True,False
2437097,gate_30,10,False,False
2437125,gate_30,5,True,False
2437313,gate_40,4,True,False
2437355,gate_30,18,True,False
2437423,gate_40,10,False,False
2437613,gate_30,38,True,False
2437727,gate_40,2,False,False
2437870,gate_40,6,True,False
2437876,gate_40,10,False,False
2438029,gate_40,5,False,False
2438145,gate_40,0,False,False
2438259,gate_40,29,True,False
2438433,gate_40,3,False,False
2438438,gate_40,113,True,True
2438562,gate_40,50,False,False
2438582,gate_40,11,False,False
2438618,gate_30,15,True,False
2438759,gate_40,7,False,False
2438902,gate_40,0,False,False
2439074,gate_40,6,False,False
2439149,gate_30,18,True,False
2439232,gate_40,23,False,False
2439236,gate_30,45,True,False
2439251,gate_40,6,False,False
2439336,gate_40,1,False,False
2439407,gate_30,11,True,False
2439528,gate_40,4,False,False
2439564,gate_40,4,False,False
2439585,gate_40,4,False,False
2439738,gate_30,13,False,False
2439814,gate_30,36,True,True
2439910,gate_40,158,True,True
2440488,gate_40,11,False,False
2440717,gate_30,157,False,True
2440769,gate_40,46,True,False
2440828,gate_30,151,False,False
2440982,gate_30,129,True,False
2441221,gate_30,42,True,False
2441245,gate_40,221,True,True
2441348,gate_30,24,False,False
2441392,gate_40,2,False,False
2441469,gate_30,2,False,False
2441819,gate_40,51,False,True
2441906,gate_30,39,False,False
2442062,gate_40,29,True,False
2442106,gate_40,15,False,False
2442193,gate_40,73,True,True
2442257,gate_30,33,False,False
2442575,gate_40,126,True,True
2442596,gate_30,0,False,False
2442689,gate_30,3,True,False
2442812,gate_40,4,True,False
2442881,gate_30,3,False,False
2442924,gate_30,12,False,False
2443074,gate_40,12,False,False
2443170,gate_30,26,True,False
2443272,gate_30,2,False,False
2443352,gate_40,14,True,False
2443521,gate_30,51,True,False
2443675,gate_40,0,False,False
2443890,gate_30,17,True,False
2443899,gate_30,30,False,False
2444242,gate_40,19,True,False
2444275,gate_30,13,False,False
2444426,gate_40,123,True,False
2444437,gate_40,8,False,False
2444450,gate_30,4,False,False
2444692,gate_40,43,True,False
2445223,gate_40,0,False,False
2445335,gate_30,7,False,False
2445405,gate_30,17,False,False
2445486,gate_40,9,True,False
2445491,gate_30,0,False,False
2445492,gate_40,0,False,False
2445510,gate_30,483,True,True
2445534,gate_30,435,True,True
2445543,gate_40,56,True,True
2445618,gate_40,2,False,False
2445621,gate_30,69,True,False
2446091,gate_30,4,False,False
2446287,gate_40,222,False,False
2446399,gate_30,145,True,True
2446440,gate_30,16,False,False
2446510,gate_30,55,True,True
2446657,gate_30,47,True,False
2446779,gate_30,138,True,False
2446884,gate_40,13,False,False
2446903,gate_40,25,True,False
2446908,gate_30,10,True,False
2446976,gate_30,17,True,False
2447424,gate_40,1,False,False
2447622,gate_30,159,True,False
2447803,gate_40,3,False,False
2447941,gate_40,7,False,False
2448051,gate_40,156,False,False
2448166,gate_40,19,True,False
2448318,gate_30,16,True,False
2448327,gate_40,0,False,False
2448382,gate_30,17,False,False
2448503,gate_30,9,True,False
2449049,gate_30,25,True,False
2449214,gate_30,8,False,False
2449234,gate_30,1,False,False
2449293,gate_30,16,True,False
2449324,gate_30,69,True,True
2449601,gate_30,39,False,False
2449609,gate_40,25,True,False
2449613,gate_40,11,False,False
2449675,gate_40,2,False,False
2449996,gate_30,6,False,False
2450090,gate_30,36,True,False
2450118,gate_30,4,False,False
2450170,gate_40,0,False,False
2450195,gate_40,9,True,False
2450320,gate_30,64,False,False
2450573,gate_30,87,True,False
2450631,gate_40,4,True,False
2450666,gate_30,5,False,False
2450923,gate_40,30,False,True
2451036,gate_30,18,False,False
2451231,gate_30,96,True,False
2451253,gate_30,21,False,False
2451336,gate_40,1,False,False
2451414,gate_30,5,False,False
2451452,gate_40,7,False,False
2451503,gate_30,4,False,False
2451505,gate_40,5,False,False
2451597,gate_30,21,False,True
2451645,gate_40,11,False,False
2451664,gate_30,10,True,False
2451698,gate_40,184,True,False
2451768,gate_40,45,True,False
2452014,gate_40,38,True,False
2452110,gate_30,4,False,False
2452272,gate_40,183,True,True
2452330,gate_40,4,False,False
2452365,gate_30,0,False,False
2452379,gate_30,30,False,False
2452479,gate_30,13,False,False
2452902,gate_30,31,True,False
2452975,gate_40,16,False,False
2453275,gate_40,3,False,False
2453315,gate_40,67,True,True
2453456,gate_30,40,True,False
2453549,gate_30,9,False,False
2453608,gate_40,17,False,False
2453842,gate_40,45,True,True
2454018,gate_40,143,True,True
2454208,gate_40,7,True,False
2454494,gate_40,722,True,True
2454665,gate_40,53,True,False
2454740,gate_40,4,False,False
2454759,gate_40,191,True,True
2454788,gate_30,4,False,False
2454874,gate_30,4,False,False
2454875,gate_40,40,False,False
2454879,gate_40,0,False,False
2455144,gate_30,35,True,False
2455171,gate_40,3,False,False
2455202,gate_40,12,False,False
2455235,gate_40,32,True,False
2455434,gate_40,53,True,True
2456019,gate_40,116,True,True
2456289,gate_40,6,False,False
2456438,gate_30,16,False,True
2456494,gate_30,343,True,False
2456728,gate_40,19,False,False
2456792,gate_40,35,False,False
2456819,gate_30,91,True,True
2456913,gate_40,36,True,False
2456932,gate_40,46,False,False
2457217,gate_30,47,True,False
2457360,gate_30,47,False,False
2457830,gate_30,36,False,True
2457840,gate_40,2,False,False
2458036,gate_30,6,False,False
2458183,gate_40,14,True,False
2458425,gate_40,9,False,False
2458818,gate_30,5,False,False
2459005,gate_30,9,False,False
2459037,gate_30,15,False,False
2459128,gate_40,3,False,False
2459244,gate_30,6,False,False
2459270,gate_30,21,True,False
2459437,gate_40,14,True,False
2459713,gate_40,2,False,False
2459962,gate_40,59,True,True
2460239,gate_40,219,True,True
2460456,gate_40,12,False,True
2460888,gate_40,2,False,False
2461076,gate_40,12,False,False
2461195,gate_40,3,False,False
2461568,gate_30,6,False,False
2461573,gate_30,8,False,False
2461609,gate_40,33,True,False
2461623,gate_30,24,False,False
2461656,gate_30,14,True,False
2462060,gate_30,96,False,False
2462425,gate_30,34,True,True
2462441,gate_30,21,False,True
2462472,gate_40,14,False,False
2462961,gate_40,28,True,False
2463098,gate_40,104,True,True
2463291,gate_40,0,False,False
2463298,gate_40,64,True,False
2463420,gate_40,50,False,False
2463640,gate_30,2,False,False
2463701,gate_30,15,False,False
2463881,gate_40,2,False,False
2463939,gate_40,23,False,True
2464077,gate_30,98,True,True
2464174,gate_40,2,False,False
2464294,gate_30,1,False,True
2464572,gate_40,22,True,False
2464691,gate_30,61,True,False
2464781,gate_30,115,True,True
2464814,gate_30,112,True,True
2464879,gate_30,27,True,False
2465124,gate_40,18,True,False
2465354,gate_30,0,False,False
2465473,gate_40,27,True,False
2465572,gate_30,12,True,False
2465666,gate_30,2,False,False
2465803,gate_30,30,True,False
2465919,gate_30,60,True,False
2465939,gate_40,9,False,False
2466075,gate_40,146,True,False
2466205,gate_30,106,True,False
2466227,gate_30,0,False,False
2466309,gate_30,46,False,True
2466351,gate_40,61,True,True
2466364,gate_40,1,False,False
2466408,gate_40,21,False,False
2466729,gate_40,0,False,False
2466775,gate_40,8,False,False
2466807,gate_30,28,True,False
2467016,gate_30,8,False,False
2467019,gate_30,15,False,False
2467079,gate_40,17,True,False
2467086,gate_40,52,True,True
2467095,gate_30,20,False,True
2467159,gate_30,48,True,False
2467190,gate_30,2,False,False
2467203,gate_30,11,False,False
2467214,gate_30,20,True,False
2467223,gate_40,1,False,False
2467237,gate_40,4,False,False
2467265,gate_30,52,False,False
2467308,gate_40,66,False,True
2467672,gate_40,73,True,False
2467743,gate_40,16,False,False
2467813,gate_40,148,True,False
2467890,gate_40,36,True,False
2468021,gate_30,41,True,False
2468306,gate_40,125,True,True
2468387,gate_40,63,True,False
2468430,gate_30,25,True,False
2468531,gate_40,6,False,False
2468551,gate_40,150,True,True
2468681,gate_40,27,True,False
2468688,gate_40,9,False,False
2468727,gate_40,8,False,False
2469027,gate_30,20,True,False
2469038,gate_30,1,False,False
2469090,gate_40,12,True,False
2469112,gate_30,3,False,False
2469121,gate_30,2,False,False
2469181,gate_30,5,False,False
2469546,gate_40,23,False,True
2469573,gate_30,0,False,False
2469644,gate_40,10,False,False
2470106,gate_30,3,False,False
2470144,gate_40,2,False,False
2470334,gate_30,142,True,False
2470338,gate_30,62,True,False
2470374,gate_40,379,True,True
2470426,gate_40,54,False,False
2470441,gate_30,192,True,True
2470572,gate_30,15,True,True
2470687,gate_40,33,True,False
2470689,gate_30,74,True,False
2470784,gate_30,3,False,False
2470913,gate_30,7,False,False
2470917,gate_30,39,True,False
2471097,gate_40,6,False,False
2471284,gate_30,18,False,False
2471315,gate_30,0,False,False
2471345,gate_30,0,False,False
2471454,gate_40,2,False,True
2471566,gate_40,0,False,False
2471595,gate_40,60,True,False
2471686,gate_40,0,False,False
2471690,gate_40,39,True,False
2471696,gate_40,11,False,False
2472031,gate_40,119,True,False
2472039,gate_30,0,False,False
2472093,gate_30,22,True,False
2472159,gate_40,12,False,False
2472162,gate_30,21,False,False
2472399,gate_40,80,True,False
2472529,gate_30,4,False,False
2472584,gate_40,101,True,True
2472693,gate_40,56,True,False
2473051,gate_40,132,True,True
2473135,gate_40,5,False,True
2473267,gate_40,3,False,False
2473334,gate_40,11,False,False
2473463,gate_40,29,True,False
2473541,gate_30,6,False,False
2473542,gate_30,6,True,False
2473744,gate_40,30,True,False
2473909,gate_30,19,False,False
2474303,gate_40,14,True,False
2474341,gate_30,158,True,True
2474445,gate_30,213,True,True
2474517,gate_30,8,False,False
2474759,gate_40,1,False,False
2474896,gate_30,2,False,False
2474901,gate_40,7,False,False
2475010,gate_30,377,True,True
2475026,gate_30,0,False,False
2475156,gate_30,3,False,False
2475210,gate_30,15,False,False
2475247,gate_40,226,False,False
2475384,gate_40,0,False,False
2475534,gate_40,1,False,False
2475611,gate_40,6,False,False
2475723,gate_30,532,True,True
2475759,gate_40,69,True,False
2475965,gate_40,20,False,False
2476048,gate_40,11,True,False
2476094,gate_40,3,False,False
2476142,gate_40,293,True,True
2476256,gate_40,6,False,False
2476292,gate_30,4,False,False
2476455,gate_40,1,False,False
2476526,gate_30,58,True,False
2476640,gate_40,126,False,False
2476803,gate_40,5,False,False
2476919,gate_30,4,False,False
2477104,gate_40,33,True,False
2477109,gate_40,15,True,False
2477312,gate_30,18,True,False
2477410,gate_40,7,True,False
2477413,gate_30,34,True,False
2477431,gate_40,5,False,False
2477551,gate_40,22,True,False
2477575,gate_40,37,True,False
2477823,gate_40,24,True,False
2477892,gate_30,3,False,False
2478008,gate_30,107,True,True
2478010,gate_40,17,False,False
2478132,gate_30,4,False,False
2478193,gate_30,18,True,False
2478204,gate_30,62,False,True
2478274,gate_40,21,True,False
2478562,gate_40,94,True,False
2478655,gate_30,8,False,False
2478828,gate_40,19,True,False
2478893,gate_30,2,False,False
2478906,gate_40,22,False,False
2478967,gate_30,29,False,False
2479125,gate_40,271,True,True
2479357,gate_40,4,False,False
2479419,gate_30,31,True,False
2479532,gate_40,14,False,False
2479610,gate_40,54,False,False
2479736,gate_30,3,False,False
2479755,gate_40,8,False,False
2479801,gate_40,163,True,True
2479806,gate_30,2,False,False
2479809,gate_30,8,False,False
2479819,gate_30,0,False,False
2479853,gate_40,0,False,False
2479958,gate_30,128,True,True
2480059,gate_40,14,False,True
2480091,gate_40,1,False,False
2480226,gate_40,18,False,False
2480272,gate_30,9,True,False
2480393,gate_30,70,False,False
2480535,gate_30,55,True,False
2480701,gate_30,0,False,False
2480797,gate_30,39,True,False
2480821,gate_40,6,False,False
2480890,gate_30,77,True,False
2481103,gate_30,1,False,False
2481587,gate_40,21,True,False
2481700,gate_40,0,False,False
2481707,gate_40,5,False,False
2482094,gate_40,2,False,False
2482160,gate_30,18,True,False
2482207,gate_30,13,False,False
2482249,gate_40,8,False,False
2482268,gate_40,3,False,False
2482454,gate_40,3,False,False
2482474,gate_40,70,False,False
2482484,gate_40,15,True,False
2482648,gate_40,43,True,False
2483104,gate_40,1,False,False
2483271,gate_40,31,False,False
2483344,gate_40,13,False,False
2483416,gate_40,25,False,False
2483501,gate_30,114,True,True
2483690,gate_40,36,True,True
2483774,gate_30,52,True,True
2483948,gate_40,78,True,True
2484099,gate_40,147,True,True
2484187,gate_30,7,False,False
2484401,gate_40,4,False,False
2484457,gate_30,216,True,True
2484506,gate_30,0,False,False
2484665,gate_40,10,False,False
2484735,gate_40,30,True,False
2484885,gate_30,40,True,False
2484927,gate_40,1,False,False
2484992,gate_30,76,True,False
2485113,gate_40,102,True,False
2485121,gate_40,130,True,True
2485151,gate_40,104,False,True
2485295,gate_40,26,False,False
2485408,gate_40,16,False,False
2485450,gate_40,14,False,False
2485601,gate_40,10,False,False
2485726,gate_40,5,False,False
2485929,gate_30,99,True,False
2486076,gate_30,34,True,False
2486559,gate_40,33,False,False
2486909,gate_30,2,True,False
2486926,gate_30,33,True,False
2486992,gate_40,712,True,True
2487006,gate_30,15,False,False
2487519,gate_30,116,True,True
2487622,gate_40,68,False,False
2487712,gate_30,7,False,False
2487900,gate_30,13,False,False
2487923,gate_30,0,False,False
2488002,gate_40,6,False,False
2488008,gate_30,20,False,False
2488079,gate_30,5,False,False
2488169,gate_40,337,True,True
2488217,gate_40,20,True,False
2488253,gate_30,3,False,False
2488363,gate_40,11,False,False
2488435,gate_30,3,False,False
2488443,gate_40,3,False,False
2488623,gate_40,36,False,False
2488688,gate_40,12,True,False
2488763,gate_40,425,True,True
2488815,gate_30,26,True,False
2489247,gate_40,16,True,False
2489430,gate_30,1,False,False
2489498,gate_30,8,False,False
2489538,gate_30,56,True,True
2489587,gate_40,33,True,False
2489641,gate_40,14,False,False
2489800,gate_30,1,False,False
2489869,gate_40,74,True,False
2489995,gate_40,128,True,False
2490070,gate_40,29,False,False
2490260,gate_30,3,False,False
2490637,gate_40,19,True,False
2490663,gate_40,1,False,False
2490735,gate_40,49,True,True
2490847,gate_40,87,True,False
2490874,gate_40,6,False,False
2491064,gate_30,196,True,False
2491575,gate_30,22,False,False
2491792,gate_30,31,False,False
2491795,gate_40,114,True,False
2491892,gate_40,7,False,False
2491985,gate_40,63,True,False
2492052,gate_30,10,True,False
2492376,gate_30,18,False,False
2492392,gate_30,2,False,False
2492399,gate_30,1,False,False
2492585,gate_40,42,True,False
2492702,gate_40,16,True,True
2493016,gate_30,28,False,True
2493021,gate_40,9,False,False
2493088,gate_30,23,False,False
2493109,gate_30,0,False,False
2493172,gate_30,47,False,False
2493314,gate_30,22,False,False
2493327,gate_30,203,True,True
2493348,gate_30,6,False,False
2493578,gate_40,29,True,True
2493949,gate_40,118,True,True
2494119,gate_30,0,False,False
2494168,gate_30,13,False,False
2494248,gate_40,8,False,False
2494284,gate_40,2,False,False
2494362,gate_40,116,True,False
2494405,gate_40,1,False,False
2494533,gate_40,29,True,False
2494610,gate_40,21,False,False
2494723,gate_40,6,False,False
2494853,gate_30,215,True,True
2494927,gate_40,8,False,False
2495041,gate_30,2,False,False
2495587,gate_30,32,True,False
2495699,gate_40,5,False,False
2495745,gate_40,7,True,True
2495748,gate_30,109,True,False
2495957,gate_40,14,False,False
2496024,gate_40,29,True,False
2496160,gate_30,7,False,False
2496173,gate_40,18,True,False
2496199,gate_40,1,False,False
2496368,gate_40,167,True,True
2496379,gate_30,3,False,False
2496389,gate_30,153,True,True
2496830,gate_40,214,True,True
2496864,gate_40,7,False,False
2497047,gate_40,28,True,False
2497274,gate_40,166,True,True
2497323,gate_40,290,True,True
2497414,gate_40,15,False,True
2497512,gate_40,116,True,True
2497698,gate_30,1,False,False
2497827,gate_30,31,True,False
2497930,gate_30,203,True,True
2498014,gate_40,2,False,False
2498138,gate_40,61,True,True
2498167,gate_40,34,True,True
2498338,gate_30,51,True,False
2498465,gate_40,33,True,True
2498493,gate_30,12,False,False
2498602,gate_30,69,False,False
2498606,gate_40,19,False,False
2498635,gate_30,1,False,False
2498683,gate_30,2,False,False
2499056,gate_30,33,True,False
2499178,gate_40,238,False,False
2499229,gate_30,61,True,False
2499329,gate_30,4,True,False
2499420,gate_40,30,True,False
2499484,gate_30,39,True,False
2499505,gate_30,16,False,False
2499582,gate_30,206,True,True
2499589,gate_40,2,False,False
2499655,gate_40,21,False,False
2499723,gate_40,44,True,True
2499771,gate_40,82,True,True
2499775,gate_30,58,False,True
2500115,gate_40,29,False,False
2500172,gate_40,4,False,False
2500208,gate_30,14,True,False
2500235,gate_40,114,True,True
2500281,gate_30,9,False,False
2500294,gate_40,9,True,False
2500792,gate_30,0,False,False
2500867,gate_40,228,True,True
2501142,gate_40,92,True,False
2501157,gate_30,36,True,False
2501167,gate_40,363,False,True
2501177,gate_30,7,True,False
2501319,gate_30,607,True,True
2501583,gate_40,44,True,False
2501668,gate_40,98,True,False
2501806,gate_30,56,True,True
2502110,gate_40,25,True,True
2502130,gate_30,23,False,False
2502253,gate_40,4,False,False
2502368,gate_30,15,False,False
2502590,gate_30,46,True,False
2502778,gate_30,1,False,False
2502828,gate_30,42,False,False
2502883,gate_30,9,True,False
2502896,gate_40,2,False,False
2502919,gate_40,4,False,False
2502985,gate_30,19,True,False
2503103,gate_40,52,True,False
2503147,gate_40,78,True,True
2503245,gate_30,6,False,False
2503512,gate_30,41,True,True
2503525,gate_40,4,True,False
2503755,gate_30,39,False,False
2503905,gate_30,59,True,False
2504050,gate_40,50,False,True
2504153,gate_40,203,True,False
2504186,gate_40,111,True,True
2504270,gate_30,88,True,True
2504332,gate_40,201,True,True
2504439,gate_40,8,True,False
2504485,gate_30,62,True,True
2504501,gate_40,14,False,False
2504599,gate_40,3,False,False
2504779,gate_40,36,True,False
2504856,gate_30,10,False,False
2504955,gate_30,54,True,False
2505019,gate_40,392,False,True
2505451,gate_30,5,False,False
2505475,gate_30,13,True,False
2505518,gate_40,65,True,False
2505526,gate_40,40,True,False
2505535,gate_30,3,False,False
2505555,gate_30,51,True,True
2505715,gate_40,0,False,False
2505726,gate_30,0,False,False
2505919,gate_30,0,False,False
2506059,gate_30,1,False,False
2506064,gate_30,5,False,False
2506462,gate_40,37,True,False
2506590,gate_30,26,True,False
2506668,gate_40,4,False,False
2506772,gate_40,4,False,False
2506889,gate_30,92,True,True
2506902,gate_30,11,False,False
2507004,gate_40,15,False,True
2507070,gate_40,37,True,False
2507077,gate_30,4,False,False
2507120,gate_40,601,True,True
2507264,gate_40,12,True,False
2507630,gate_40,467,True,True
2507636,gate_40,6,False,False
2507794,gate_40,63,True,False
2507860,gate_40,28,True,False
2507999,gate_40,56,False,False
2508039,gate_40,21,False,False
2508372,gate_30,307,False,True
2508463,gate_30,3,False,False
2508942,gate_40,15,True,False
2509018,gate_30,30,True,False
2509099,gate_40,7,False,False
2509120,gate_30,11,False,False
2509210,gate_40,1,False,False
2509380,gate_30,2,False,False
2509568,gate_40,12,True,True
2509754,gate_40,0,False,False
2509854,gate_30,6,False,False
2509987,gate_40,10,False,False
2509993,gate_40,5,False,False
2510090,gate_30,8,False,False
2510226,gate_40,74,True,True
2510352,gate_30,27,False,False
2510396,gate_40,6,False,False
2510444,gate_40,113,True,False
2510478,gate_30,4,False,False
2510499,gate_40,30,True,False
2510566,gate_40,9,True,False
2510618,gate_40,19,False,False
2510619,gate_30,2,False,False
2510624,gate_40,22,True,False
2510859,gate_30,11,False,False
2511145,gate_30,7,False,False
2511234,gate_30,18,False,False
2511259,gate_40,150,False,True
2511333,gate_30,35,False,False
2511374,gate_40,19,False,False
2511408,gate_40,1,False,False
2511497,gate_40,59,True,False
2511610,gate_30,5,False,False
2511707,gate_30,4,False,False
2511899,gate_30,95,True,False
2512037,gate_30,13,False,False
2512155,gate_40,269,True,False
2512230,gate_40,22,True,False
2512358,gate_40,121,True,False
2512361,gate_30,80,True,True
2512410,gate_40,97,True,True
2512423,gate_40,0,False,False
2512433,gate_30,5,False,False
2512488,gate_30,1,False,False
2512535,gate_30,42,True,False
2512697,gate_30,9,False,False
2512708,gate_40,85,True,False
2512737,gate_30,14,False,False
2513039,gate_40,4,False,False
2513129,gate_30,16,False,False
2513183,gate_40,11,True,True
2513193,gate_40,0,False,False
2513227,gate_40,11,True,False
2513340,gate_30,10,False,False
2513404,gate_40,8,False,False
2513433,gate_40,8,False,False
2513460,gate_30,8,False,False
2513482,gate_40,18,False,False
2513483,gate_30,64,True,True
2513531,gate_30,3,False,False
2513650,gate_30,84,True,True
2513753,gate_40,116,False,True
2513818,gate_40,1,True,False
2513861,gate_40,0,False,False
2513873,gate_40,21,False,False
2513933,gate_30,20,True,False
2513984,gate_30,18,True,False
2514020,gate_30,1,True,False
2514090,gate_40,27,True,False
2514181,gate_30,2,False,False
2514422,gate_40,1,False,False
2514475,gate_30,55,True,True
2514520,gate_40,17,False,False
2514528,gate_30,254,True,True
2514750,gate_40,45,False,False
2515221,gate_40,1013,True,True
2515227,gate_40,14,True,False
2515400,gate_40,22,False,False
2515564,gate_40,69,True,True
2516047,gate_40,12,True,False
2516069,gate_30,222,True,False
2516352,gate_40,0,True,False
2516377,gate_30,14,False,False
2516442,gate_30,25,False,False
2516490,gate_30,41,True,False
2516642,gate_40,3,False,False
2516715,gate_40,5,False,False
2516781,gate_30,15,False,False
2516839,gate_30,17,True,False
2517071,gate_40,1,False,False
2517082,gate_30,6,False,False
2517168,gate_30,29,True,True
2517171,gate_40,90,True,True
2517273,gate_30,16,True,False
2517281,gate_40,9,False,False
2517367,gate_40,15,True,False
2517414,gate_30,1,False,False
2517585,gate_40,700,True,True
2517620,gate_30,18,False,False
2517668,gate_40,13,False,False
2517935,gate_40,84,True,False
2518021,gate_30,2,False,False
2518075,gate_30,24,True,False
2518219,gate_30,54,True,False
2518265,gate_30,138,True,False
2518407,gate_40,3,True,False
2518442,gate_40,216,True,True
2518569,gate_40,67,True,True
2518622,gate_30,8,False,False
2518997,gate_30,3,False,False
2519023,gate_30,47,False,True
2519091,gate_40,1,False,False
2519290,gate_40,2,False,False
2519468,gate_30,6,False,True
2519850,gate_40,3,False,False
2520111,gate_40,140,True,False
2520218,gate_30,176,True,True
2520278,gate_40,54,False,False
2520590,gate_30,1,False,False
2520719,gate_30,8,False,False
2520757,gate_30,48,True,False
2521248,gate_40,1,False,False
2521309,gate_30,786,True,True
2521310,gate_40,299,True,False
2521322,gate_40,48,True,False
2521370,gate_40,42,False,False
2521412,gate_30,260,True,True
2521493,gate_40,14,True,False
2521616,gate_30,96,True,False
2521738,gate_30,2,False,False
2521836,gate_30,40,True,True
2521927,gate_30,4,False,False
2522011,gate_40,10,False,False
2522258,gate_30,2,False,False
2522305,gate_30,19,False,False
2522313,gate_30,0,False,False
2522321,gate_30,77,True,False
2522458,gate_30,9,False,False
2522597,gate_30,4,True,False
2522602,gate_40,15,True,False
2522618,gate_40,1,False,False
2522624,gate_40,6,False,False
2522703,gate_30,12,True,False
2522765,gate_40,163,True,True
2522767,gate_40,166,True,True
2522774,gate_40,22,True,False
2522894,gate_40,60,True,False
2522899,gate_30,120,True,False
2523049,gate_40,3,False,False
2523241,gate_40,278,True,True
2523288,gate_40,46,True,True
2523296,gate_40,21,False,False
2523309,gate_30,72,True,True
2523315,gate_40,87,True,False
2523377,gate_40,17,True,False
2523543,gate_30,75,True,True
2523915,gate_40,0,False,False
2524034,gate_30,49,True,True
2524137,gate_40,31,True,False
2524377,gate_40,655,True,True
2524611,gate_40,32,True,False
2524860,gate_40,9,False,False
2524885,gate_30,0,False,False
2524926,gate_30,43,True,False
2524942,gate_40,9,False,False
2524997,gate_30,11,False,False
2525309,gate_40,25,False,False
2525368,gate_40,31,False,True
2525429,gate_30,33,True,False
2525480,gate_30,54,True,False
2525663,gate_40,51,True,False
2525672,gate_30,10,False,True
2525682,gate_30,441,True,True
2525779,gate_30,1,False,False
2526117,gate_40,538,True,True
2526136,gate_30,13,False,False
2526170,gate_40,139,True,True
2526249,gate_30,33,False,False
2526446,gate_40,181,True,True
2526610,gate_40,2,False,False
2526665,gate_30,3,False,False
2526933,gate_40,11,True,False
2526962,gate_30,52,False,False
2527019,gate_40,39,True,False
2527065,gate_40,28,True,False
2527221,gate_30,236,True,False
2527307,gate_40,18,True,False
2527363,gate_30,17,False,False
2527612,gate_40,14,True,False
2527626,gate_40,6,False,False
2527644,gate_30,126,True,True
2527740,gate_40,0,False,False
2527870,gate_40,3,False,False
2528139,gate_40,50,True,False
2528281,gate_30,27,False,False
2528342,gate_40,52,True,False
2528409,gate_40,58,True,False
2528421,gate_40,11,False,True
2528660,gate_30,2,False,False
2528748,gate_40,121,True,True
2528875,gate_40,116,True,True
2528916,gate_30,6,False,False
2529135,gate_30,6,False,False
2529255,gate_40,44,True,False
2529326,gate_40,25,True,False
2529359,gate_40,1,False,False
2529414,gate_30,28,True,False
2529421,gate_40,27,False,False
2529571,gate_30,1,False,False
2529935,gate_30,577,True,True
2530002,gate_40,17,True,False
2530113,gate_40,7,False,False
2530236,gate_40,14,True,False
2530253,gate_40,1,False,False
2530257,gate_30,51,True,False
2530741,gate_40,8,True,False
2530961,gate_40,3,False,False
2531156,gate_40,33,True,False
2531415,gate_30,799,True,True
2531561,gate_30,26,True,False
2531563,gate_30,2,False,True
2531586,gate_30,9,True,False
2531654,gate_40,27,False,True
2531658,gate_30,44,True,False
2531667,gate_30,18,True,False
2531927,gate_30,96,True,True
2532031,gate_30,277,True,True
2532052,gate_30,16,False,False
2532108,gate_40,47,True,False
2532182,gate_30,35,False,False
2532362,gate_40,29,True,True
2532398,gate_30,22,True,False
2532876,gate_30,67,True,False
2533129,gate_40,7,False,False
2533252,gate_40,60,True,False
2533356,gate_40,17,False,False
2533378,gate_40,32,True,False
2533407,gate_30,37,True,True
2533434,gate_30,143,True,False
2533490,gate_40,1,False,False
2533545,gate_30,6,True,False
2533572,gate_30,117,True,True
2533595,gate_40,14,True,True
2533715,gate_40,81,True,True
2533848,gate_40,10,True,False
2533988,gate_30,545,True,True
2534201,gate_30,45,True,False
2534210,gate_40,15,True,False
2534305,gate_40,67,False,True
2534461,gate_30,27,False,False
2534884,gate_30,2,False,False
2534958,gate_40,11,False,False
2535081,gate_40,2,False,False
2535133,gate_30,1,False,False
2535405,gate_40,14,True,False
2535430,gate_40,1,False,False
2535502,gate_40,257,True,True
2535729,gate_40,25,True,False
2535836,gate_40,154,True,True
2535928,gate_30,1,False,False
2536197,gate_30,9,False,False
2536237,gate_40,18,False,True
2536318,gate_40,12,False,False
2536635,gate_30,70,True,False
2536890,gate_40,25,True,True
2536949,gate_40,11,True,False
2537014,gate_40,72,True,False
2537059,gate_40,3,True,False
2537141,gate_30,1,False,False
2537214,gate_30,4,False,False
2537405,gate_30,20,True,False
2537699,gate_30,1,False,False
2537830,gate_30,12,True,False
2537839,gate_40,18,True,False
2537923,gate_30,2,False,False
2538014,gate_30,108,True,True
2538027,gate_30,37,False,False
2538030,gate_40,10,False,False
2538355,gate_40,2,False,False
2538485,gate_30,1,False,False
2538978,gate_40,594,True,True
2538997,gate_40,2,False,False
2539295,gate_30,12,False,False
2539323,gate_40,4,False,False
2539357,gate_40,45,True,True
2539416,gate_40,89,True,False
2539460,gate_40,489,False,True
2539669,gate_40,35,False,False
2539690,gate_30,23,True,False
2539781,gate_40,4,False,False
2539836,gate_30,8,False,False
2539900,gate_40,86,True,False
2540079,gate_40,21,False,False
2540113,gate_40,97,True,True
2540219,gate_30,23,True,False
2540285,gate_30,1,False,False
2540485,gate_40,2,False,False
2540540,gate_40,4,False,False
2540609,gate_40,170,True,True
2540704,gate_30,70,True,True
2540713,gate_30,115,False,False
2540720,gate_30,27,True,False
2541018,gate_30,22,True,False
2541479,gate_30,7,False,False
2541534,gate_40,243,True,True
2541583,gate_30,4,False,False
2541612,gate_30,86,True,False
2541614,gate_30,28,True,False
2541741,gate_30,10,False,False
2541813,gate_30,386,True,True
2541891,gate_30,6,False,False
2541923,gate_30,2,True,False
2542167,gate_40,49,False,False
2542285,gate_40,170,False,True
2542310,gate_40,55,True,False
2542333,gate_30,37,False,False
2542541,gate_30,1,False,False
2542963,gate_30,17,True,False
2543138,gate_30,16,False,False
2543151,gate_30,62,True,False
2543344,gate_30,1,False,False
2543394,gate_30,80,True,False
2543455,gate_30,19,False,False
2543989,gate_40,0,False,False
2544063,gate_40,5,True,False
2544230,gate_30,0,False,False
2544283,gate_30,0,False,False
2544329,gate_40,68,False,False
2544379,gate_30,57,True,False
2544728,gate_30,48,True,False
2544738,gate_30,3,False,False
2544823,gate_30,35,True,False
2544842,gate_30,2,False,False
2544862,gate_30,39,False,False
2545524,gate_40,7,True,True
2545791,gate_30,27,True,False
2545933,gate_30,6,False,False
2545958,gate_40,97,False,True
2545995,gate_40,18,True,False
2546046,gate_30,290,True,True
2546048,gate_40,3,False,False
2546168,gate_30,59,True,False
2546255,gate_30,58,True,True
2546284,gate_30,146,True,True
2546400,gate_40,11,True,False
2546492,gate_30,17,False,False
2546542,gate_30,0,False,False
2546595,gate_40,275,True,True
2546777,gate_40,22,True,False
2546807,gate_40,17,False,False
2546851,gate_30,66,True,False
2547125,gate_30,33,False,False
2547256,gate_40,18,True,True
2547439,gate_40,7,False,False
2547747,gate_30,185,True,True
2547998,gate_40,0,False,False
2548004,gate_30,7,False,False
2548117,gate_40,32,True,False
2548383,gate_40,31,False,True
2548450,gate_40,13,False,False
2548530,gate_30,14,False,True
2548615,gate_30,81,True,False
2548715,gate_40,2,False,False
2548849,gate_40,165,True,False
2549091,gate_30,6,False,False
2549167,gate_40,69,True,True
2549370,gate_30,22,True,False
2549408,gate_30,159,True,True
2549438,gate_30,0,False,False
2549609,gate_40,96,True,False
2549700,gate_30,7,False,False
2550009,gate_40,4,False,False
2550016,gate_40,10,False,False
2550123,gate_40,4,False,False
2550291,gate_40,10,True,False
2550371,gate_30,10,False,False
2550430,gate_40,68,False,True
2550499,gate_40,65,True,False
2550559,gate_30,40,True,False
2550692,gate_40,32,True,False
2550717,gate_30,11,False,False
2550728,gate_40,204,True,False
2550884,gate_40,16,False,False
2550906,gate_30,64,True,True
2551012,gate_40,5,True,False
2551260,gate_30,12,True,False
2551306,gate_30,0,False,False
2551466,gate_30,7,False,False
2551565,gate_30,23,True,False
2551777,gate_40,1,False,False
2551866,gate_30,1,False,False
2551887,gate_40,109,True,False
2551970,gate_40,5,False,False
2552520,gate_30,25,True,False
2552607,gate_40,13,False,False
2552673,gate_30,4,False,False
2552695,gate_30,1,False,False
2552750,gate_30,42,True,True
2552835,gate_30,15,False,False
2552880,gate_30,87,True,False
2552950,gate_40,90,True,True
2553025,gate_40,875,True,True
2553529,gate_40,27,False,False
2553580,gate_40,30,True,False
2553718,gate_40,1,False,False
2553747,gate_40,30,True,False
2553816,gate_30,271,True,True
2553887,gate_30,47,False,False
2553900,gate_30,8,False,False
2553999,gate_30,16,False,False
2554127,gate_30,68,False,False
2554269,gate_40,18,False,False
2554373,gate_30,18,False,False
2554473,gate_40,1,False,False
2554507,gate_30,20,True,False
2554642,gate_40,3,False,False
2554700,gate_40,57,True,False
2554754,gate_30,42,False,False
2554764,gate_40,0,False,False
2554874,gate_40,11,False,False
2554905,gate_30,117,True,True
2555054,gate_40,25,True,True
2555256,gate_40,0,False,False
2555316,gate_40,25,True,False
2555350,gate_40,7,False,False
2555381,gate_30,0,False,False
2555433,gate_30,23,True,False
2555444,gate_30,202,True,True
2555449,gate_30,26,False,False
2555475,gate_40,46,True,False
2555677,gate_40,8,False,False
2556070,gate_40,7,False,False
2556128,gate_40,49,False,False
2556251,gate_40,13,False,False
2556258,gate_40,3,False,False
2556353,gate_40,116,True,False
2556462,gate_40,9,True,False
2556758,gate_30,159,True,True
2556838,gate_40,163,True,True
2557548,gate_40,2,True,False
2557581,gate_30,1,False,False
2557657,gate_40,0,False,True
2557785,gate_30,68,True,False
2557892,gate_30,38,True,False
2557923,gate_40,1,False,False
2557966,gate_40,43,True,True
2558012,gate_30,35,True,False
2558158,gate_40,9,False,False
2558192,gate_30,51,True,True
2558335,gate_40,0,False,False
2558340,gate_30,37,True,True
2558374,gate_40,0,False,False
2558402,gate_40,8,False,False
2558704,gate_30,99,True,True
2559072,gate_40,3,False,False
2559080,gate_30,11,False,False
2559122,gate_40,62,True,True
2559168,gate_30,81,False,False
2559445,gate_40,20,False,False
2559453,gate_40,43,False,False
2559701,gate_30,8,False,False
2559822,gate_30,20,True,False
2559880,gate_40,5,False,False
2559912,gate_40,110,True,True
2559925,gate_40,21,False,False
2559983,gate_40,0,False,False
2560162,gate_40,2,False,False
2560167,gate_30,8,False,False
2560394,gate_40,43,True,False
2560575,gate_40,287,True,True
2560635,gate_30,26,True,False
2560783,gate_40,3,False,False
2560789,gate_40,34,True,False
2560809,gate_40,33,False,True
2561044,gate_40,47,True,False
2561245,gate_30,23,False,False
2561299,gate_40,7,True,False
2561489,gate_30,2,False,False
2561537,gate_40,2,False,False
2561787,gate_30,67,True,True
2561891,gate_30,5,False,False
2561907,gate_40,2,False,False
2562017,gate_30,4,False,False
2562119,gate_40,12,True,False
2562214,gate_30,17,True,False
2562323,gate_30,4,True,False
2562349,gate_40,3,False,False
2562364,gate_30,37,False,False
2562462,gate_30,3,True,False
2562507,gate_30,149,True,True
2562508,gate_40,171,True,True
2562915,gate_30,14,False,False
2562952,gate_40,2,False,False
2562983,gate_40,20,False,True
2563034,gate_40,14,True,False
2563073,gate_40,6,True,False
2563150,gate_30,157,True,False
2563155,gate_40,13,False,False
2563259,gate_40,15,False,False
2563319,gate_30,24,False,False
2563451,gate_30,45,True,False
2563474,gate_40,0,False,False
2563495,gate_40,128,False,True
2563735,gate_30,37,True,False
2563775,gate_40,4,False,False
2563787,gate_40,26,True,False
2564005,gate_30,13,True,False
2564072,gate_40,108,True,False
2564209,gate_40,7,True,False
2564315,gate_40,4,False,False
2564521,gate_30,183,True,True
2564558,gate_40,0,False,False
2564629,gate_40,6,False,False
2564816,gate_30,15,False,False
2565026,gate_30,6,False,False
2565256,gate_40,51,True,False
2565272,gate_30,8,True,False
2565295,gate_40,8,False,False
2565547,gate_30,21,True,False
2565639,gate_30,17,False,False
2565850,gate_30,13,True,False
2565920,gate_40,9,False,False
2566006,gate_30,9,True,False
2566071,gate_30,286,True,True
2566121,gate_40,4,False,False
2566195,gate_40,2,False,False
2566367,gate_30,15,True,False
2566372,gate_40,219,True,True
2566397,gate_40,12,True,False
2566638,gate_30,19,False,False
2566728,gate_40,5,False,False
2566747,gate_40,20,False,False
2566914,gate_40,31,True,False
2567004,gate_30,336,True,True
2567079,gate_30,17,False,False
2567146,gate_30,16,False,False
2567178,gate_30,1,True,False
2567359,gate_30,1,False,False
2567718,gate_30,21,True,True
2568041,gate_40,3,False,False
2568089,gate_30,5,False,False
2568105,gate_40,819,True,True
2568161,gate_30,27,True,False
2568234,gate_30,245,True,False
2568287,gate_40,23,False,False
2568596,gate_40,1,True,False
2568626,gate_30,6,False,False
2568728,gate_40,39,True,False
2568761,gate_30,11,True,False
2568850,gate_30,10,False,False
2569001,gate_40,31,True,False
2569027,gate_30,47,True,False
2569105,gate_30,21,True,False
2569305,gate_40,6,False,True
2569473,gate_40,21,True,False
2569485,gate_40,23,False,False
2569525,gate_30,2,False,False
2569561,gate_40,35,False,False
2569585,gate_40,8,False,False
2569838,gate_40,2,False,False
2569993,gate_40,8,False,False
2570134,gate_30,3,False,False
2570438,gate_30,8,True,False
2570854,gate_40,48,False,True
2570894,gate_30,7,True,False
2571033,gate_30,28,True,False
2571190,gate_40,4,False,False
2571476,gate_30,5,False,False
2571542,gate_40,182,True,True
2571621,gate_40,25,True,False
2571648,gate_40,7,False,False
2571705,gate_40,93,True,False
2571828,gate_30,5,False,False
2571855,gate_30,252,True,True
2571915,gate_40,7,False,False
2571942,gate_40,720,True,True
2571968,gate_40,14,False,False
2572124,gate_30,15,False,False
2572274,gate_30,4,False,False
2572426,gate_30,3,False,False
2572479,gate_40,3,False,False
2572500,gate_40,22,True,False
2572549,gate_40,1,False,False
2572555,gate_40,13,False,False
2572625,gate_30,0,False,False
2572712,gate_40,97,True,False
2572857,gate_30,17,True,False
2572897,gate_40,13,False,False
2572926,gate_30,52,True,False
2573420,gate_40,23,True,False
2573535,gate_30,17,False,False
2573761,gate_40,12,False,False
2573848,gate_30,0,False,False
2573893,gate_30,25,False,False
2574005,gate_30,1159,True,True
2574054,gate_40,31,True,False
2574262,gate_30,124,True,True
2574292,gate_30,2,False,False
2574385,gate_30,20,False,False
2574431,gate_40,5,False,False
2574669,gate_30,1,False,False
2574681,gate_40,10,True,False
2574686,gate_40,9,True,False
2574927,gate_30,68,False,False
2575051,gate_40,59,True,False
2575140,gate_30,11,True,False
2575320,gate_40,12,True,False
2575347,gate_40,14,True,False
2575471,gate_30,69,True,True
2575492,gate_30,61,True,False
2575513,gate_30,84,True,False
2575551,gate_40,10,False,False
2575638,gate_40,25,False,False
2575661,gate_40,3,False,False
2575838,gate_30,5,False,False
2575973,gate_40,27,False,True
2576148,gate_30,2,False,False
2576170,gate_40,9,False,False
2576298,gate_40,8,False,False
2576363,gate_30,129,True,True
2576513,gate_40,31,True,False
2576990,gate_40,11,True,False
2577015,gate_30,10,False,False
2577120,gate_30,62,True,True
2577252,gate_30,49,True,False
2577384,gate_30,102,True,False
2577434,gate_30,4,False,False
2577655,gate_30,21,True,False
2577777,gate_30,39,True,False
2577857,gate_30,36,True,True
2577927,gate_30,1,False,False
2577949,gate_30,4,False,False
2577997,gate_30,48,True,True
2578119,gate_40,9,True,False
2578148,gate_40,27,True,False
2578174,gate_30,199,True,True
2578279,gate_30,3,False,False
2578316,gate_40,5,False,False
2578353,gate_30,13,True,True
2578372,gate_40,3,False,False
2578500,gate_40,5,True,False
2578553,gate_40,32,True,False
2578555,gate_40,45,True,True
2578609,gate_30,18,False,False
2578751,gate_40,1,False,False
2578758,gate_30,1,False,False
2578838,gate_30,5,False,False
2578855,gate_30,17,True,True
2578870,gate_40,59,False,True
2578915,gate_30,82,False,True
2578941,gate_30,15,True,True
2579119,gate_30,42,False,True
2579169,gate_30,153,True,True
2579261,gate_30,99,True,True
2579279,gate_30,5,False,False
2579442,gate_30,0,False,False
2579446,gate_30,0,False,False
2579458,gate_40,104,True,True
2579460,gate_30,13,False,False
2579513,gate_40,4,False,False
2580017,gate_30,10,True,False
2580068,gate_40,3,False,False
2580072,gate_30,231,True,True
2580078,gate_40,28,False,False
2580434,gate_40,55,False,False
2580799,gate_40,124,True,True
2580806,gate_30,15,True,False
2580946,gate_30,2,False,False
2580950,gate_30,9,False,False
2580999,gate_30,51,False,False
2581034,gate_30,7,False,False
2581077,gate_30,9,False,True
2581142,gate_40,21,True,False
2581184,gate_40,54,True,False
2581485,gate_40,7,False,False
2581652,gate_40,23,False,False
2581756,gate_40,16,True,True
2581857,gate_30,377,True,True
2581877,gate_40,4,False,False
2582095,gate_40,342,True,True
2582256,gate_40,88,True,False
2582418,gate_30,2,False,False
2582729,gate_30,79,False,False
2582876,gate_40,1,False,False
2583039,gate_30,49,True,False
2583114,gate_30,16,False,False
2583149,gate_40,3,False,False
2583238,gate_40,20,True,False
2583269,gate_30,1,False,False
2583328,gate_40,14,False,False
2583363,gate_30,30,True,False
2583645,gate_30,1,False,False
2583646,gate_30,96,True,True
2583707,gate_30,141,True,True
2583740,gate_40,12,False,False
2583890,gate_30,3,False,False
2584377,gate_40,17,True,False
2584380,gate_40,107,True,True
2584449,gate_30,6,False,False
2584632,gate_30,27,False,False
2584708,gate_30,0,False,False
2584724,gate_30,65,False,False
2584820,gate_40,14,False,False
2584933,gate_30,34,True,False
2584959,gate_30,5,False,False
2584968,gate_30,15,True,False
2585047,gate_30,19,False,False
2585075,gate_40,7,False,False
2585121,gate_40,2,False,False
2585151,gate_40,8,False,False
2585260,gate_30,28,True,False
2585307,gate_40,11,False,False
2585355,gate_30,4,False,False
2585437,gate_40,6,False,False
2585461,gate_30,26,False,False
2585695,gate_40,20,True,True
2585813,gate_30,32,True,False
2585941,gate_40,5,False,False
2586045,gate_30,90,True,False
2586408,gate_30,1,False,False
2586987,gate_40,90,True,False
2587004,gate_40,2,False,False
2587076,gate_30,33,False,False
2587161,gate_30,45,True,True
2587342,gate_40,7,False,True
2587508,gate_30,35,True,False
2587640,gate_30,15,True,False
2587775,gate_40,1,False,False
2587935,gate_40,13,False,False
2588303,gate_40,128,True,True
2588380,gate_30,39,False,False
2588393,gate_30,21,True,True
2588514,gate_40,2,False,False
2588665,gate_30,0,False,False
2588695,gate_30,42,True,True
2588764,gate_30,316,True,True
2588782,gate_40,455,True,False
2588960,gate_40,13,False,False
2589004,gate_30,8,False,False
2589067,gate_40,8,False,False
2589109,gate_30,3,False,False
2589347,gate_40,256,True,True
2589365,gate_40,58,True,False
2589485,gate_30,48,False,True
2589579,gate_30,3,False,False
2589798,gate_40,7,False,False
2590042,gate_30,2,False,False
2590146,gate_30,37,True,False
2590169,gate_30,17,False,True
2590353,gate_30,47,True,False
2590407,gate_30,32,True,True
2590445,gate_40,17,False,False
2590651,gate_40,20,True,False
2590685,gate_40,5,True,False
2590758,gate_40,65,True,False
2590972,gate_40,12,False,False
2590977,gate_40,2,False,False
2590995,gate_40,6,True,False
2591245,gate_40,13,False,False
2591262,gate_40,8,False,False
2591369,gate_30,20,True,False
2591730,gate_40,7,False,False
2591764,gate_40,1,False,False
2591863,gate_40,54,True,False
2591909,gate_40,21,True,False
2592135,gate_40,188,True,True
2592194,gate_30,1,False,False
2592210,gate_30,6,False,False
2592293,gate_40,6,False,False
2592309,gate_40,149,True,True
2592548,gate_30,15,False,False
2592559,gate_30,63,True,False
2592586,gate_40,30,True,False
2592595,gate_30,17,True,False
2592671,gate_30,2,False,False
2592782,gate_40,44,True,True
2592816,gate_30,395,True,True
2592969,gate_40,0,False,False
2593000,gate_40,11,False,False
2593463,gate_40,36,True,False
2593484,gate_30,1,False,False
2593555,gate_40,8,False,False
2593735,gate_30,14,True,False
2593806,gate_40,13,True,False
2593888,gate_40,33,True,False
2593940,gate_30,1,False,False
2593946,gate_30,0,False,False
2594004,gate_40,26,True,True
2594089,gate_30,3,False,False
2594342,gate_30,24,False,False
2594646,gate_40,3,False,False
2594812,gate_30,1,False,False
2594860,gate_30,3,False,False
2594890,gate_40,9,False,False
2594923,gate_40,500,True,True
2594959,gate_30,26,True,False
2594961,gate_30,32,True,True
2595334,gate_30,35,True,False
2595340,gate_30,1,False,False
2595361,gate_30,150,True,False
2595381,gate_40,76,True,False
2595464,gate_30,49,False,False
2595559,gate_40,39,True,True
2595626,gate_30,68,True,False
2595899,gate_30,5,False,False
2596036,gate_40,13,False,False
2596069,gate_40,8,False,False
2596509,gate_30,9,True,False
2596554,gate_30,97,True,False
2596572,gate_30,4,False,False
2596583,gate_40,13,False,False
2596603,gate_40,17,True,True
2596615,gate_40,57,True,True
2596705,gate_40,43,True,False
2596738,gate_30,131,True,True
2596809,gate_40,10,False,False
2596994,gate_30,7,False,False
2597242,gate_30,16,True,False
2597300,gate_30,55,True,False
2597488,gate_30,4,False,False
2597533,gate_40,50,True,True
2597563,gate_30,4,False,False
2597912,gate_30,0,False,False
2597932,gate_40,15,True,False
2597968,gate_40,33,False,False
2597991,gate_30,2,False,False
2598063,gate_40,31,True,False
2598091,gate_40,30,True,False
2598392,gate_30,7,False,False
2598523,gate_40,25,False,False
2598653,gate_30,202,True,False
2598698,gate_40,13,True,False
2598804,gate_30,27,True,False
2598973,gate_40,17,False,True
2599071,gate_30,6,False,False
2599094,gate_40,424,True,True
2599121,gate_30,70,True,False
2599154,gate_30,11,False,False
2599196,gate_30,26,True,False
2599320,gate_40,8,True,False
2599453,gate_40,32,False,True
2599518,gate_40,11,False,False
2599639,gate_30,20,False,False
2599735,gate_30,22,True,False
2600199,gate_30,12,False,False
2600459,gate_40,40,False,False
2600627,gate_40,4,False,False
2600708,gate_40,0,False,False
2600716,gate_30,29,True,False
2600726,gate_40,117,True,False
2600757,gate_40,37,False,False
2600806,gate_40,39,True,False
2600853,gate_40,8,False,False
2600995,gate_30,4,False,False
2601138,gate_40,9,False,False
2601151,gate_40,25,False,False
2601310,gate_30,19,False,False
2601342,gate_40,86,True,False
2601474,gate_40,41,True,False
2601477,gate_40,0,False,False
2601480,gate_40,8,False,False
2601492,gate_30,62,True,True
2601755,gate_30,15,False,False
2601999,gate_30,1,False,False
2602106,gate_40,56,True,False
2602255,gate_40,24,True,False
2602291,gate_40,290,True,True
2602759,gate_40,8,False,False
2602797,gate_40,4,False,False
2603695,gate_40,2,False,False
2603699,gate_40,96,False,False
2603700,gate_40,35,True,False
2603739,gate_40,38,True,False
2603747,gate_40,25,True,False
2603770,gate_30,10,True,False
2604020,gate_30,14,False,False
2604655,gate_40,226,False,False
2604723,gate_40,2,False,False
2604892,gate_30,112,True,False
2604918,gate_40,13,True,False
2605046,gate_40,3,False,False
2605113,gate_30,78,False,False
2605135,gate_30,72,True,False
2605242,gate_30,15,False,False
2605425,gate_30,12,False,True
2605541,gate_30,23,False,False
2605900,gate_30,18,True,False
2605939,gate_40,16,False,False
2606150,gate_30,17,True,False
2606180,gate_30,2,False,False
2606507,gate_40,26,True,False
2606748,gate_30,2,False,False
2606776,gate_40,27,False,False
2606802,gate_30,6,False,False
2606818,gate_40,173,False,False
2607121,gate_40,5,False,False
2607224,gate_30,0,False,False
2607287,gate_30,50,True,False
2607534,gate_30,109,True,True
2607631,gate_40,20,False,False
2607920,gate_30,0,False,False
2608195,gate_30,14,False,False
2608199,gate_40,57,True,False
2608285,gate_40,18,False,False
2608346,gate_30,261,True,True
2608363,gate_30,216,True,True
2608412,gate_30,0,False,False
2608539,gate_30,29,True,False
2608623,gate_30,2,False,False
2608789,gate_40,2,False,False
2608980,gate_30,66,True,False
2609021,gate_30,221,True,True
2609169,gate_40,9,False,False
2609324,gate_30,1,False,False
2609380,gate_40,6,True,False
2609595,gate_30,36,False,False
2609611,gate_30,8,True,False
2609652,gate_40,1,False,False
2609711,gate_40,4,False,False
2609843,gate_40,3,False,False
2609901,gate_40,40,True,False
2609912,gate_30,8,True,False
2610056,gate_30,172,True,True
2610386,gate_30,17,False,False
2610543,gate_30,1,False,False
2610635,gate_30,9,False,False
2610667,gate_30,10,False,False
2610697,gate_40,27,False,False
2610768,gate_40,280,False,True
2610811,gate_40,129,True,False
2610855,gate_30,32,False,False
2610860,gate_30,3,False,False
2610918,gate_40,78,True,False
2611157,gate_30,6,False,False
2611174,gate_30,22,True,False
2611185,gate_30,2,False,False
2611351,gate_40,106,True,True
2611392,gate_30,134,True,False
2611404,gate_40,297,True,True
2611505,gate_40,1,False,False
2611562,gate_30,2,False,False
2611689,gate_30,72,False,False
2611713,gate_30,1,False,False
2611792,gate_30,485,True,True
2611919,gate_30,7,True,False
2611941,gate_30,8,False,False
2612014,gate_40,46,False,True
2612072,gate_30,1,False,False
2612093,gate_40,5,False,False
2612112,gate_40,5,False,False
2612141,gate_40,24,True,False
2612165,gate_40,160,True,True
2612457,gate_40,20,True,False
2612670,gate_40,82,True,False
2612799,gate_40,96,True,False
2612848,gate_30,39,True,False
2612854,gate_40,11,True,False
2612869,gate_40,85,True,False
2613093,gate_40,95,True,False
2613115,gate_30,4,False,False
2613145,gate_30,42,True,False
2613158,gate_40,121,True,True
2613386,gate_30,108,True,False
2613518,gate_40,12,False,False
2613627,gate_40,4,False,False
2613846,gate_30,65,True,False
2613881,gate_40,4,False,False
2614002,gate_30,15,False,False
2614283,gate_30,11,False,False
2614367,gate_40,78,True,True
2614477,gate_30,50,True,False
2614561,gate_30,14,True,False
2614573,gate_40,15,False,False
2614679,gate_40,18,True,False
2614729,gate_40,49,False,False
2614733,gate_40,6,False,False
2614910,gate_40,7,False,False
2615167,gate_40,1,True,False
2615275,gate_40,2,False,False
2615360,gate_30,32,False,False
2615417,gate_30,1,False,False
2615479,gate_30,25,False,False
2615709,gate_30,18,False,False
2615742,gate_30,3,False,False
2615840,gate_30,494,True,True
2615959,gate_40,16,False,False
2615976,gate_30,15,False,False
2616046,gate_30,6,False,False
2616082,gate_40,56,True,False
2616131,gate_30,21,True,False
2616132,gate_40,1,False,False
2616134,gate_30,4,False,False
2616152,gate_30,603,True,True
2616257,gate_40,11,False,False
2616332,gate_40,63,True,True
2616535,gate_30,50,True,False
2616753,gate_30,43,True,False
2616937,gate_30,12,False,False
2616964,gate_40,12,False,False
2617191,gate_30,69,True,False
2617203,gate_30,2,False,False
2617222,gate_40,1,False,False
2617299,gate_40,82,False,True
2617973,gate_30,22,True,False
2617976,gate_30,154,True,True
2618086,gate_30,569,True,True
2618306,gate_40,9,True,False
2618435,gate_30,2,False,False
2618439,gate_40,5,False,False
2618471,gate_30,9,False,False
2618543,gate_30,8,False,False
2618855,gate_40,1,False,True
2619134,gate_40,26,True,False
2619271,gate_30,1,False,False
2619280,gate_30,6,True,False
2619311,gate_30,3,False,False
2619326,gate_30,14,False,False
2619369,gate_40,119,True,False
2619637,gate_30,20,False,False
2619815,gate_30,14,True,True
2619840,gate_30,7,False,False
2619842,gate_30,15,True,False
2619917,gate_40,5,False,False
2619997,gate_40,0,False,False
2620016,gate_40,29,True,False
2620052,gate_30,928,True,True
2620354,gate_30,9,False,True
2620406,gate_30,17,False,False
2620469,gate_30,16,False,False
2620545,gate_30,174,True,True
2620991,gate_40,1,False,False
2621117,gate_40,19,False,True
2621202,gate_30,1,False,False
2621209,gate_30,1,False,False
2621247,gate_30,49,True,False
2621522,gate_40,25,True,False
2621533,gate_30,4,False,False
2621550,gate_40,74,False,False
2621611,gate_30,1,False,False
2621741,gate_30,50,True,False
2621949,gate_40,264,True,True
2622017,gate_40,228,True,True
2622360,gate_30,30,False,False
2622400,gate_30,193,True,True
2622576,gate_30,149,True,True
2622610,gate_40,81,True,False
2622697,gate_40,0,False,False
2622732,gate_30,8,False,False
2622747,gate_40,37,False,False
2622793,gate_40,58,True,True
2622807,gate_40,1,False,False
2622826,gate_30,0,False,False
2622887,gate_30,6,False,False
2622972,gate_30,13,False,False
2622979,gate_40,4,False,False
2623026,gate_40,0,False,False
2623186,gate_30,5,False,False
2623192,gate_40,10,False,False
2623381,gate_30,1,False,False
2623450,gate_30,15,False,False
2623466,gate_40,51,True,False
2623515,gate_30,36,True,False
2623647,gate_40,17,False,False
2623701,gate_30,80,True,False
2623889,gate_40,72,True,False
2624022,gate_30,0,False,False
2624054,gate_30,58,True,False
2624086,gate_30,4,False,False
2624131,gate_30,281,True,False
2624220,gate_30,16,False,False
2624277,gate_40,8,False,False
2624293,gate_30,3,False,False
2624365,gate_30,0,False,False
2624566,gate_30,89,True,True
2624596,gate_30,70,True,True
2624610,gate_30,3,False,False
2624632,gate_30,44,True,False
2624932,gate_30,53,False,True
2625140,gate_30,17,False,False
2625199,gate_40,101,True,False
2625305,gate_30,2,False,False
2625524,gate_40,1079,True,True
2625544,gate_40,6,False,False
2625832,gate_30,5,False,False
2625959,gate_40,23,True,False
2626200,gate_30,72,True,False
2626424,gate_30,5,False,False
2626649,gate_40,27,False,False
2626757,gate_30,23,True,False
2626847,gate_40,29,True,False
2626932,gate_40,10,False,False
2626952,gate_30,74,True,False
2627210,gate_40,1,False,False
2627374,gate_40,2,False,False
2627517,gate_30,4,True,False
2627549,gate_40,6,False,False
2627753,gate_40,41,False,False
2627851,gate_40,238,True,True
2628215,gate_40,36,False,False
2628491,gate_40,5,False,False
2628590,gate_30,245,True,False
2628597,gate_40,16,False,False
2628714,gate_40,0,False,False
2628823,gate_30,5,False,False
2628937,gate_30,2,False,False
2628952,gate_40,82,False,False
2629021,gate_40,14,False,False
2629292,gate_30,69,True,False
2629298,gate_40,57,True,True
2629409,gate_40,18,False,False
2629454,gate_40,37,False,False
2629496,gate_40,68,True,False
2629544,gate_30,2,False,False
2629565,gate_40,117,False,True
2629670,gate_30,21,False,False
2629673,gate_30,4,False,False
2629730,gate_40,2,False,False
2629945,gate_40,2,False,False
2630143,gate_30,73,False,False
2630150,gate_40,28,False,False
2630190,gate_30,13,False,False
2630222,gate_30,5,True,False
2630223,gate_30,6,False,False
2630336,gate_40,4,False,False
2630397,gate_30,39,True,False
2630613,gate_40,125,True,True
2630652,gate_30,4,False,False
2631049,gate_30,7,False,False
2631102,gate_30,1,True,False
2631326,gate_40,3,False,False
2631369,gate_40,2,False,False
2631688,gate_30,11,False,False
2631858,gate_30,36,True,True
2631984,gate_40,2,False,False
2631999,gate_30,1,False,False
2632267,gate_30,7,False,False
2632330,gate_30,66,True,False
2632512,gate_40,2,False,False
2632533,gate_30,11,False,False
2632666,gate_30,42,True,False
2632889,gate_30,256,True,False
2632896,gate_30,4,False,False
2632900,gate_30,1,False,False
2633047,gate_30,1,False,False
2633115,gate_40,11,False,False
2633151,gate_30,1,False,False
2633263,gate_40,391,True,True
2633691,gate_30,26,False,False
2633975,gate_30,57,True,False
2633988,gate_40,156,True,True
2634065,gate_40,1,False,False
2634131,gate_40,204,True,False
2634294,gate_30,175,True,True
2634371,gate_40,8,False,False
2634400,gate_40,70,False,True
2634407,gate_30,0,False,False
2634899,gate_30,97,False,False
2634909,gate_30,45,True,False
2634935,gate_40,38,False,True
2634992,gate_30,7,False,False
2635049,gate_30,8,False,False
2635072,gate_30,355,True,False
2635144,gate_30,90,True,False
2635182,gate_30,23,True,True
2635197,gate_40,73,True,False
2635206,gate_40,7,False,True
2635311,gate_30,27,True,False
2635333,gate_30,28,False,False
2635513,gate_40,39,True,True
2635535,gate_40,21,True,False
2635539,gate_30,15,False,False
2635626,gate_40,34,False,True
2635818,gate_40,9,False,False
2635965,gate_30,4,True,False
2636209,gate_40,3,False,False
2636221,gate_40,49,False,False
2636242,gate_40,96,True,False
2636254,gate_30,8,True,False
2636369,gate_40,18,True,False
2636377,gate_40,37,False,True
2636382,gate_30,9,True,False
2636527,gate_40,3,False,False
2636879,gate_40,11,True,True
2637166,gate_40,2,False,False
2637184,gate_40,11,True,False
2637210,gate_40,16,True,False
2637368,gate_30,9,True,False
2637526,gate_30,17,True,False
2637770,gate_30,212,False,True
2638144,gate_40,17,False,False
2638403,gate_30,0,False,False
2638474,gate_40,9,True,False
2638655,gate_40,19,False,False
2638699,gate_30,2,False,False
2638875,gate_30,19,True,False
2638915,gate_30,42,True,False
2639164,gate_40,174,True,True
2639282,gate_40,0,False,False
2639674,gate_40,73,True,False
2639839,gate_30,187,True,False
2640111,gate_40,23,False,False
2640179,gate_30,5,False,False
2640287,gate_40,7,True,False
2640338,gate_30,4,False,False
2640339,gate_40,24,True,False
2640352,gate_40,11,True,False
2640394,gate_30,26,False,False
2640408,gate_40,3,False,False
2640440,gate_30,554,True,True
2640587,gate_40,27,True,False
2640659,gate_30,19,False,False
2640676,gate_40,180,True,True
2640747,gate_40,280,True,False
2640837,gate_40,3,False,False
2640984,gate_30,6,False,False
2640987,gate_40,13,True,False
2641071,gate_40,5,False,False
2641083,gate_30,18,False,False
2641165,gate_40,20,True,False
2641518,gate_40,2,False,False
2641812,gate_30,10,False,False
2641958,gate_30,22,True,False
2642025,gate_30,231,True,True
2642088,gate_40,56,False,False
2642096,gate_40,17,False,False
2642139,gate_30,1,False,False
2642305,gate_30,9,False,False
2642386,gate_40,321,True,True
2642460,gate_40,57,True,False
2642502,gate_30,8,True,False
2642566,gate_40,9,False,False
2642604,gate_40,5,True,False
2642833,gate_30,3,False,False
2642861,gate_40,38,False,False
2642870,gate_30,43,False,False
2643024,gate_30,5,False,False
2643091,gate_40,74,True,False
2643168,gate_30,31,False,False
2643259,gate_30,32,True,False
2643352,gate_30,121,False,True
2643415,gate_30,2,False,False
2643493,gate_40,146,True,True
2643533,gate_30,0,False,False
2643830,gate_30,133,True,False
2644079,gate_40,28,False,False
2644128,gate_40,16,False,True
2644151,gate_40,34,True,False
2644180,gate_40,0,False,False
2644204,gate_40,344,True,True
2644229,gate_30,44,False,True
2644429,gate_30,168,True,False
2644461,gate_30,67,True,False
2644847,gate_30,3,False,False
2645003,gate_40,6,False,False
2645191,gate_30,14,True,False
2645351,gate_30,55,True,False
2645427,gate_30,3,False,False
2645696,gate_40,2,False,False
2645731,gate_40,4,False,False
2645861,gate_30,16,True,False
2645890,gate_40,105,True,False
2645919,gate_40,26,False,False
2646075,gate_30,0,False,False
2646312,gate_40,12,False,False
2646444,gate_30,115,True,True
2646505,gate_40,66,True,True
2646528,gate_40,35,False,True
2646553,gate_30,9,False,True
2646779,gate_40,459,True,True
2646893,gate_30,42,True,False
2647200,gate_30,3,False,False
2647277,gate_30,0,False,False
2647438,gate_30,3,False,False
2647474,gate_30,35,False,False
2647662,gate_40,14,False,False
2647739,gate_40,0,False,False
2647846,gate_30,39,False,False
2647964,gate_30,491,True,True
2648313,gate_30,0,False,False
2648347,gate_30,15,True,False
2648601,gate_40,80,True,False
2648644,gate_30,3,True,False
2648654,gate_30,3,False,False
2648905,gate_30,1,False,False
2649020,gate_40,13,False,False
2649127,gate_40,8,True,False
2649141,gate_40,105,True,False
2649150,gate_40,50,False,True
2649300,gate_40,15,False,False
2649383,gate_40,24,True,False
2649810,gate_40,23,False,False
2649836,gate_30,5,False,False
2650146,gate_30,18,False,False
2650165,gate_40,735,True,True
2650190,gate_40,22,True,False
2650232,gate_30,0,False,False
2650370,gate_40,18,True,False
2650452,gate_40,10,True,True
2650876,gate_40,81,True,True
2651073,gate_30,8,True,False
2651101,gate_30,184,False,True
2651252,gate_40,38,True,False
2651347,gate_40,71,False,False
2651445,gate_30,64,False,True
2651704,gate_40,3,False,False
2651792,gate_40,2,False,False
2651794,gate_30,0,False,False
2651975,gate_40,131,True,False
2652116,gate_30,0,False,False
2652206,gate_30,7,False,False
2652594,gate_40,105,True,False
2652652,gate_40,30,True,False
2652655,gate_30,295,True,False
2652679,gate_30,99,True,False
2652687,gate_30,31,False,False
2652720,gate_40,8,True,True
2652727,gate_30,599,True,True
2652797,gate_30,2,False,False
2652891,gate_40,16,False,False
2652950,gate_40,54,True,True
2653265,gate_40,23,False,True
2653418,gate_30,7,False,False
2653557,gate_40,28,False,False
2653702,gate_30,1,False,False
2653851,gate_30,21,False,False
2654023,gate_40,1,False,False
2654101,gate_40,38,False,False
2654315,gate_40,18,True,False
2654337,gate_40,27,True,False
2654561,gate_40,0,False,False
2655237,gate_30,1,False,False
2655489,gate_40,1,False,False
2655490,gate_30,40,True,True
2655538,gate_40,4,False,False
2655616,gate_30,9,False,False
2655628,gate_30,0,False,False
2655691,gate_30,21,True,False
2655726,gate_30,65,True,True
2655740,gate_40,256,True,True
2655833,gate_30,52,True,False
2655855,gate_40,227,True,True
2655903,gate_30,94,False,False
2655977,gate_40,6,False,False
2656011,gate_40,108,True,True
2656212,gate_40,1,False,False
2656297,gate_40,11,True,False
2656326,gate_40,34,False,False
2656379,gate_30,6,True,False
2656411,gate_40,63,True,True
2656639,gate_40,22,False,False
2657001,gate_30,0,False,False
2657016,gate_30,499,True,True
2657214,gate_40,5,True,False
2657294,gate_30,6,True,False
2657325,gate_30,3,False,False
2657361,gate_30,167,True,False
2657362,gate_30,1,False,False
2657390,gate_40,6,False,False
2657419,gate_30,7,True,False
2657481,gate_40,14,False,False
2657529,gate_30,38,True,False
2657627,gate_30,2,False,False
2657682,gate_40,6,False,False
2657876,gate_40,28,True,False
2657903,gate_30,58,False,True
2657952,gate_40,2,False,False
2658134,gate_30,0,False,True
2658161,gate_30,118,True,True
2658369,gate_30,44,False,False
2658480,gate_40,26,False,False
2658491,gate_30,1,False,False
2658541,gate_30,9,False,False
2658562,gate_30,8,False,False
2658707,gate_30,96,True,True
2658941,gate_30,67,True,False
2658954,gate_40,1,True,False
2658962,gate_30,17,False,False
2658998,gate_30,8,False,False
2659350,gate_30,52,True,True
2659386,gate_30,206,True,True
2659507,gate_30,102,False,True
2659840,gate_40,34,True,False
2660109,gate_30,5,False,False
2660482,gate_30,12,True,False
2660494,gate_30,4,False,False
2660607,gate_40,8,False,False
2660710,gate_40,5,False,False
2660803,gate_30,6,False,False
2660877,gate_40,1,False,False
2660881,gate_40,66,False,True
2660958,gate_40,91,True,True
2660988,gate_30,191,True,False
2661021,gate_40,65,True,True
2661034,gate_40,0,False,False
2661131,gate_30,14,False,False
2661144,gate_40,1,False,False
2661387,gate_40,28,True,False
2661468,gate_30,5,False,False
2661488,gate_40,3,False,False
2661692,gate_30,26,False,False
2661719,gate_30,2,False,False
2661729,gate_30,110,True,False
2662047,gate_30,541,True,True
2662498,gate_40,25,False,False
2662502,gate_30,32,True,False
2662564,gate_30,14,True,True
2662861,gate_40,8,False,False
2662945,gate_40,67,True,False
2662947,gate_30,6,False,False
2663063,gate_30,1,False,False
2663151,gate_30,168,False,True
2663162,gate_40,14,True,False
2663184,gate_40,260,True,True
2663214,gate_40,5,False,False
2663317,gate_40,62,True,True
2663373,gate_40,21,False,False
2663390,gate_30,130,True,True
2663420,gate_30,1,False,False
2663525,gate_40,2,False,False
2663598,gate_30,11,False,False
2663643,gate_30,242,True,False
2663889,gate_40,10,True,False
2663915,gate_40,5,False,False
2664337,gate_40,488,True,True
2664432,gate_30,3,False,False
2664451,gate_40,79,True,False
2664455,gate_40,21,True,False
2664534,gate_30,3,False,False
2664582,gate_40,7,False,False
2664684,gate_30,5,False,False
2664744,gate_40,37,True,True
2664954,gate_40,1,False,False
2664969,gate_40,18,False,False
2664992,gate_40,5,True,False
2665105,gate_40,8,False,False
2665146,gate_30,9,True,False
2665276,gate_40,126,True,True
2665404,gate_30,139,True,True
2665769,gate_30,8,True,False
2665783,gate_40,0,False,False
2665930,gate_30,4,False,False
2666045,gate_30,3,False,False
2666291,gate_30,19,True,False
2666337,gate_30,57,True,False
2666389,gate_40,62,True,False
2666463,gate_30,3,False,False
2666751,gate_30,162,False,True
2666848,gate_40,0,False,False
2666858,gate_40,6,False,False
2667079,gate_30,51,True,False
2667207,gate_40,5,False,False
2667249,gate_40,201,True,True
2667443,gate_30,15,False,False
2667450,gate_30,38,True,False
2667571,gate_30,8,False,False
2667668,gate_30,17,False,False
2668037,gate_40,34,True,True
2668051,gate_40,117,True,False
2668532,gate_30,4,False,False
2668533,gate_40,95,True,True
2668643,gate_30,2,False,False
2668734,gate_30,10,False,False
2668862,gate_30,49,True,False
2668965,gate_40,72,True,False
2669034,gate_30,45,False,False
2669103,gate_40,25,False,False
2669140,gate_40,14,False,False
2669165,gate_30,16,False,True
2669172,gate_30,3,False,False
2669224,gate_30,1,False,False
2669259,gate_40,3,False,False
2669299,gate_30,6,False,False
2669428,gate_40,8,False,False
2669814,gate_30,1,False,False
2669822,gate_30,8,False,False
2669875,gate_40,5,True,False
2669882,gate_40,2,False,False
2669967,gate_40,78,True,True
2670015,gate_30,17,False,False
2670099,gate_40,5,True,False
2670143,gate_30,4,False,False
2670213,gate_40,7,True,False
2670342,gate_40,5,False,False
2670417,gate_40,7,True,False
2670513,gate_30,34,True,False
2670545,gate_30,1,False,False
2670552,gate_40,71,True,False
2670793,gate_30,6,False,False
2670946,gate_40,5,False,False
2670992,gate_40,352,True,True
2671085,gate_30,16,True,False
2671324,gate_40,150,True,True
2671435,gate_40,38,True,False
2671448,gate_40,28,True,False
2671663,gate_40,7,False,False
2671723,gate_40,153,True,True
2671729,gate_40,220,False,True
2671799,gate_30,5,False,False
2671857,gate_40,14,False,False
2671882,gate_40,63,False,True
2671917,gate_30,0,False,False
2672061,gate_40,11,False,False
2672225,gate_30,84,True,True
2672287,gate_40,17,True,False
2672355,gate_40,19,False,False
2672418,gate_30,3,False,False
2672651,gate_30,53,True,False
2672697,gate_30,24,True,False
2672718,gate_30,10,True,False
2672818,gate_40,5,False,False
2672930,gate_40,98,False,True
2673060,gate_40,1,False,False
2673367,gate_30,194,True,True
2673381,gate_40,66,True,False
2673394,gate_40,25,True,False
2673540,gate_30,24,False,False
2673908,gate_40,65,True,False
2673994,gate_30,65,False,False
2674187,gate_30,47,True,False
2674211,gate_40,57,True,False
2674216,gate_30,11,False,True
2674314,gate_30,32,False,False
2674514,gate_40,32,False,False
2674589,gate_40,2,False,False
2674617,gate_30,2,False,False
2674620,gate_40,92,False,True
2674772,gate_40,25,False,False
2674895,gate_30,12,True,False
2675023,gate_30,63,False,False
2675480,gate_30,203,True,False
2675557,gate_40,12,True,False
2675627,gate_40,37,True,False
2675683,gate_30,1,False,False
2675793,gate_30,16,True,True
2675801,gate_30,1,False,False
2675872,gate_40,34,True,False
2676035,gate_40,14,False,False
2676186,gate_30,25,True,False
2676274,gate_40,0,False,False
2676346,gate_30,2,False,False
2676546,gate_40,13,True,False
2676601,gate_30,24,False,False
2676717,gate_40,464,True,True
2676744,gate_40,36,True,False
2676932,gate_30,15,True,False
2677015,gate_40,169,True,True
2677105,gate_40,0,False,False
2677289,gate_40,7,False,False
2677974,gate_40,1,False,False
2678046,gate_30,9,True,False
2678285,gate_40,88,True,False
2678605,gate_40,11,False,False
2678633,gate_40,13,True,False
2678645,gate_40,3,False,False
2678832,gate_30,4,False,False
2679024,gate_40,2,False,False
2679178,gate_30,69,False,False
2679224,gate_30,0,False,False
2679350,gate_40,14,False,False
2679699,gate_40,12,False,False
2679832,gate_40,13,False,False
2679871,gate_30,2,False,False
2680108,gate_40,19,False,False
2680223,gate_40,21,True,False
2680325,gate_40,10,False,True
2680454,gate_30,4,False,False
2680625,gate_30,29,True,False
2680805,gate_30,35,False,False
2680891,gate_40,47,False,True
2681033,gate_30,12,False,False
2681087,gate_40,0,False,False
2681149,gate_40,34,False,False
2681192,gate_40,0,False,False
2681288,gate_40,53,False,False
2681298,gate_40,7,False,False
2681329,gate_40,9,False,False
2681459,gate_40,10,False,False
2681546,gate_30,17,True,False
2681563,gate_40,63,False,False
2681576,gate_30,2,False,False
2681727,gate_30,96,True,False
2681787,gate_40,151,True,False
2681806,gate_40,13,False,False
2682036,gate_40,45,True,True
2682061,gate_30,4,False,False
2682472,gate_40,194,True,False
2682528,gate_30,14,False,False
2682548,gate_30,0,False,False
2682611,gate_40,6,False,False
2682711,gate_40,12,False,False
2682758,gate_40,15,False,False
2682910,gate_30,0,False,False
2683001,gate_30,0,False,False
2683177,gate_30,1,False,False
2683287,gate_40,22,True,False
2683434,gate_40,17,False,False
2683528,gate_40,1,False,False
2683674,gate_30,122,True,True
2683801,gate_40,5,False,False
2684008,gate_40,269,True,True
2684012,gate_40,124,False,False
2684014,gate_40,106,False,True
2684438,gate_30,1,False,False
2684609,gate_40,46,False,True
2684663,gate_30,10,False,False
2684797,gate_40,44,True,False
2684865,gate_40,145,True,True
2685002,gate_30,3,False,False
2685038,gate_30,0,False,False
2685049,gate_30,2,False,False
2685112,gate_40,0,False,False
2685221,gate_40,25,True,False
2685396,gate_30,21,False,False
2685460,gate_30,107,True,True
2685591,gate_30,17,False,False
2685695,gate_30,2,True,False
2685932,gate_30,0,False,False
2685973,gate_30,3,False,False
2685987,gate_40,28,True,False
2685994,gate_30,3,False,False
2686258,gate_40,2,False,False
2686343,gate_30,95,True,False
2686474,gate_40,40,True,False
2686483,gate_40,9,True,False
2686523,gate_30,7,False,False
2686622,gate_40,40,False,False
2686723,gate_40,33,True,False
2686817,gate_40,377,True,False
2686980,gate_40,16,True,False
2687043,gate_40,29,True,False
2687172,gate_40,311,True,True
2687242,gate_30,4,False,False
2687384,gate_30,4,False,False
2687538,gate_30,13,False,False
2687605,gate_40,9,False,False
2687747,gate_40,3,False,False
2688026,gate_40,4,False,False
2688031,gate_30,180,True,False
2688470,gate_30,119,True,True
2688545,gate_40,4,False,False
2688593,gate_30,51,False,False
2688713,gate_30,46,True,False
2688731,gate_30,8,False,False
2688744,gate_40,1,False,False
2688802,gate_30,1,False,False
2689204,gate_30,25,True,True
2689240,gate_30,50,True,False
2689267,gate_30,1,False,False
2689360,gate_30,306,True,True
2689399,gate_30,3,False,False
2689489,gate_30,9,False,False
2689725,gate_30,56,True,False
2689760,gate_40,174,True,True
2689829,gate_30,0,False,False
2689843,gate_40,9,False,False
2689862,gate_30,1,False,False
2689958,gate_30,77,True,True
2690074,gate_40,3,True,False
2690158,gate_30,6,False,False
2690205,gate_30,277,True,True
2690249,gate_30,9,False,False
2690416,gate_30,97,True,True
2690470,gate_40,14,False,False
2690543,gate_40,127,True,True
2690545,gate_40,3,False,False
2690561,gate_40,13,False,False
2690635,gate_30,66,True,False
2690718,gate_30,28,True,False
2690848,gate_40,11,False,False
2691469,gate_30,1,False,False
2691606,gate_40,2,False,False
2691752,gate_40,2,False,False
2691808,gate_30,140,True,False
2691851,gate_40,315,True,True
2691864,gate_40,86,True,False
2692150,gate_40,38,True,False
2692198,gate_40,23,True,False
2692214,gate_30,2,False,False
2692221,gate_40,134,True,True
2692250,gate_30,11,True,False
2692274,gate_30,31,False,False
2692291,gate_40,24,True,False
2692348,gate_40,16,False,False
2692379,gate_30,9,True,False
2692448,gate_40,1,False,False
2692810,gate_30,4,False,False
2692876,gate_30,3,False,False
2692963,gate_30,161,True,False
2693055,gate_30,4,False,False
2693266,gate_30,11,True,False
2693321,gate_30,234,True,True
2693377,gate_40,0,False,False
2693712,gate_40,15,True,False
2693753,gate_40,17,True,False
2693969,gate_40,6,False,True
2694173,gate_40,11,True,False
2694184,gate_30,10,False,False
2694280,gate_30,1,False,False
2694308,gate_30,4,False,False
2694409,gate_40,2,False,False
2694645,gate_40,15,False,False
2694842,gate_30,12,False,False
2694866,gate_30,68,False,False
2694930,gate_40,2,False,False
2694963,gate_40,13,False,False
2694990,gate_30,181,True,True
2695171,gate_30,69,False,False
2695191,gate_30,95,True,True
2695253,gate_30,64,True,True
2695395,gate_40,173,True,True
2695598,gate_40,1,False,False
2695632,gate_40,4,False,False
2695679,gate_30,196,True,False
2695713,gate_30,17,False,False
2695737,gate_40,16,True,False
2695785,gate_30,6,True,False
2695802,gate_40,4,False,False
2695816,gate_30,0,False,False
2695876,gate_30,2,False,False
2695986,gate_40,101,True,False
2696208,gate_30,19,False,False
2696215,gate_40,89,True,False
2696274,gate_30,4,False,False
2696307,gate_30,10,False,False
2696323,gate_40,748,True,True
2696451,gate_30,4,False,False
2696580,gate_30,60,True,False
2696645,gate_40,2,False,False
2696729,gate_30,14,False,False
2696826,gate_40,7,False,False
2696896,gate_30,13,False,False
2697012,gate_40,70,False,True
2697144,gate_30,16,True,False
2697267,gate_40,0,False,False
2697305,gate_30,112,True,False
2697326,gate_30,2,False,False
2697384,gate_30,172,True,False
2697404,gate_40,190,True,False
2697455,gate_30,24,True,False
2697487,gate_30,4,False,False
2697542,gate_30,2,False,False
2697715,gate_30,17,True,False
2697802,gate_40,1,False,False
2697809,gate_40,23,False,False
2697844,gate_40,27,True,False
2697915,gate_40,38,True,False
2697966,gate_30,25,True,True
2698048,gate_40,36,True,False
2698164,gate_40,10,False,False
2698168,gate_30,11,False,True
2698201,gate_40,2,False,False
2698210,gate_30,64,True,False
2698458,gate_30,4,False,False
2698507,gate_30,1,False,False
2698572,gate_30,35,True,False
2698606,gate_40,40,True,False
2698653,gate_30,43,True,False
2698858,gate_40,31,True,False
2698868,gate_30,33,False,False
2698947,gate_30,18,False,False
2698967,gate_40,4,False,False
2699059,gate_30,39,True,False
2699128,gate_40,19,False,False
2699171,gate_30,13,False,False
2699210,gate_30,2,False,False
2699211,gate_40,35,False,False
2699386,gate_30,9,False,False
2699397,gate_30,16,False,False
2699636,gate_30,5,False,False
2699670,gate_30,30,False,False
2699958,gate_30,2,False,False
2700083,gate_30,8,False,False
2700122,gate_40,50,False,False
2700150,gate_30,39,True,False
2700171,gate_30,28,True,False
2700198,gate_30,91,True,True
2700352,gate_40,330,True,True
2700563,gate_30,11,False,False
2700570,gate_40,8,True,False
2700789,gate_40,20,False,False
2700920,gate_40,48,False,False
2701097,gate_40,12,False,False
2701114,gate_40,11,True,False
2701286,gate_30,51,True,False
2701450,gate_30,3,False,False
2701618,gate_30,404,True,True
2701648,gate_30,13,True,False
2701664,gate_30,153,False,False
2701838,gate_40,10,True,False
2702480,gate_30,32,False,False
2702488,gate_40,3,False,False
2702495,gate_40,15,True,False
2702508,gate_40,112,True,True
2702686,gate_30,17,True,False
2702807,gate_40,70,True,False
2703048,gate_30,35,True,False
2703083,gate_30,87,True,False
2703192,gate_30,192,True,True
2703225,gate_40,2,False,False
2703363,gate_40,8,False,False
2703462,gate_30,220,True,True
2703607,gate_30,292,True,True
2703612,gate_40,36,True,False
2703664,gate_40,50,True,False
2703682,gate_30,2,False,False
2703975,gate_30,10,False,False
2704012,gate_30,30,False,False
2704319,gate_30,62,True,True
2704333,gate_30,0,False,False
2704476,gate_40,62,True,False
2704533,gate_40,94,True,False
2704545,gate_40,1,False,False
2704577,gate_40,1,False,False
2704589,gate_40,23,True,False
2704669,gate_30,274,True,True
2704820,gate_30,1,False,False
2704868,gate_40,167,True,True
2705104,gate_40,15,False,False
2705177,gate_40,44,False,False
2705285,gate_30,151,True,False
2705476,gate_40,72,True,True
2705508,gate_30,3,False,False
2705681,gate_30,15,False,True
2705784,gate_30,215,True,True
2705941,gate_40,31,False,False
2706049,gate_30,35,True,False
2706100,gate_40,2,False,False
2706114,gate_40,8,False,False
2706334,gate_40,1,False,False
2706377,gate_40,30,True,False
2707010,gate_40,35,True,False
2707131,gate_40,95,True,True
2707213,gate_40,10,False,False
2707678,gate_30,28,True,False
2707705,gate_30,367,True,True
2707818,gate_40,25,True,False
2708082,gate_40,251,True,False
2708281,gate_40,16,False,False
2708368,gate_30,0,False,False
2708378,gate_40,139,False,True
2708447,gate_40,25,False,False
2708510,gate_40,199,True,True
2708526,gate_30,43,True,False
2708745,gate_30,0,False,False
2708796,gate_40,5,False,False
2708809,gate_40,3,False,False
2708905,gate_30,81,True,True
2709129,gate_40,14,False,False
2709183,gate_40,163,True,True
2709237,gate_30,28,True,True
2709284,gate_40,0,False,False
2709386,gate_40,4,False,False
2709457,gate_30,2,False,False
2709499,gate_30,1,False,False
2709552,gate_30,176,True,True
2709563,gate_30,1,False,False
2709672,gate_40,150,True,True
2709759,gate_40,4,False,False
2710064,gate_30,1,False,False
2710125,gate_30,46,True,True
2710127,gate_40,3,False,False
2710585,gate_40,23,False,False
2710852,gate_30,7,False,False
2710973,gate_40,3,False,False
2711233,gate_40,41,True,False
2711344,gate_40,0,False,False
2711468,gate_30,3,False,False
2711556,gate_30,5,True,False
2711580,gate_40,139,True,False
2711584,gate_40,42,True,False
2711595,gate_40,20,True,False
2711742,gate_40,9,False,False
2711862,gate_30,49,True,False
2711882,gate_30,54,True,False
2711931,gate_30,332,True,True
2712103,gate_30,18,True,False
2712150,gate_40,65,True,False
2712257,gate_40,55,False,False
2712389,gate_30,25,True,False
2712786,gate_30,1,False,False
2712788,gate_40,93,False,True
2712862,gate_30,9,False,False
2713345,gate_40,3,False,False
2713453,gate_40,29,False,False
2713535,gate_30,1,False,False
2713620,gate_40,15,False,False
2713869,gate_40,7,False,False
2713992,gate_40,6,True,False
2714053,gate_40,83,True,False
2714264,gate_40,5,False,False
2714382,gate_40,46,True,False
2714604,gate_30,3,False,False
2714727,gate_40,65,True,False
2714732,gate_40,74,False,False
2715119,gate_30,342,True,True
2715203,gate_30,535,True,True
2715454,gate_40,306,True,True
2715651,gate_30,104,False,False
2715683,gate_30,4,False,False
2715760,gate_40,38,False,False
2715929,gate_30,6,False,False
2716051,gate_30,7,False,False
2716069,gate_30,36,True,False
2716124,gate_40,13,False,False
2716126,gate_40,0,False,False
2716159,gate_40,1,False,False
2716282,gate_30,20,True,False
2716306,gate_30,49,False,True
2716400,gate_30,66,True,False
2716434,gate_40,9,False,False
2716505,gate_40,7,False,False
2716720,gate_40,69,True,False
2716873,gate_40,336,True,True
2716874,gate_30,225,True,False
2716978,gate_40,4,False,False
2717070,gate_40,69,True,False
2717318,gate_40,59,True,False
2717328,gate_40,35,True,False
2717368,gate_40,2,False,False
2717395,gate_40,30,True,True
2717416,gate_40,9,True,False
2717619,gate_30,3,False,False
2717684,gate_30,88,True,False
2717715,gate_30,2,False,False
2717882,gate_30,77,False,False
2718140,gate_30,36,False,False
2718143,gate_40,8,False,False
2718236,gate_30,3,False,False
2718382,gate_40,2,False,False
2718426,gate_30,10,False,False
2718437,gate_30,1,False,False
2718564,gate_40,30,True,False
2718593,gate_40,12,False,False
2718615,gate_30,22,True,True
2718775,gate_40,15,False,False
2718931,gate_30,6,False,False
2719067,gate_30,53,True,False
2719381,gate_40,20,False,True
2719387,gate_40,8,False,False
2719554,gate_40,1,False,False
2719683,gate_40,30,True,False
2719793,gate_30,33,False,False
2719807,gate_30,10,False,False
2719913,gate_30,22,True,False
2719980,gate_30,6,False,True
2720063,gate_30,5,True,False
2720082,gate_40,11,False,False
2720325,gate_30,8,False,False
2720327,gate_40,2,False,False
2720443,gate_40,8,False,False
2720703,gate_40,3,False,False
2720798,gate_30,6,False,False
2721298,gate_30,6,False,False
2721323,gate_40,0,False,False
2721395,gate_40,13,False,False
2721489,gate_40,54,True,True
2721512,gate_30,2,False,False
2721710,gate_40,171,True,False
2721813,gate_40,3,False,False
2721860,gate_40,1,False,False
2721976,gate_30,6,False,False
2722001,gate_30,104,True,False
2722264,gate_30,15,False,False
2722466,gate_30,451,True,True
2722592,gate_30,49,True,True
2722739,gate_30,188,False,True
2723026,gate_40,35,False,True
2723166,gate_40,2,False,False
2723433,gate_30,15,True,False
2723521,gate_30,5,True,False
2723608,gate_30,51,True,True
2723624,gate_30,48,False,True
2723746,gate_30,6,False,False
2723771,gate_40,56,True,True
2723804,gate_30,3,False,False
2724196,gate_30,85,True,True
2724413,gate_40,7,False,False
2724536,gate_30,26,True,False
2724788,gate_30,34,True,False
2725026,gate_40,12,False,False
2725043,gate_30,61,True,True
2725086,gate_40,0,False,False
2725134,gate_30,24,False,True
2725352,gate_30,2,False,False
2725475,gate_30,3,False,False
2725517,gate_30,18,True,False
2725545,gate_40,18,True,False
2725707,gate_30,11,True,False
2725716,gate_30,2,False,False
2725815,gate_40,1,False,False
2725820,gate_30,146,True,True
2725894,gate_30,65,False,False
2725989,gate_40,4,True,False
2726158,gate_30,543,True,True
2726440,gate_30,27,True,False
2726610,gate_40,51,True,False
2726622,gate_30,6,True,False
2726772,gate_30,435,True,True
2727280,gate_30,10,False,False
2727388,gate_30,38,True,False
2727490,gate_30,277,True,False
2727641,gate_30,39,True,False
2727800,gate_30,47,True,False
2727891,gate_40,2,False,False
2728086,gate_30,7,False,False
2728139,gate_40,295,True,True
2728174,gate_40,19,False,False
2728184,gate_40,194,True,False
2728237,gate_40,4,False,False
2728519,gate_30,2,False,False
2728657,gate_40,104,True,True
2728716,gate_40,2,False,False
2728887,gate_40,82,False,True
2728903,gate_40,39,False,False
2728910,gate_40,30,True,False
2729145,gate_40,13,False,False
2729162,gate_30,0,False,False
2729184,gate_40,35,False,False
2729237,gate_40,0,False,False
2729306,gate_30,22,True,False
2729381,gate_30,0,False,False
2729503,gate_40,7,False,False
2729648,gate_40,29,True,False
2729811,gate_30,7,False,False
2729855,gate_30,0,False,False
2729865,gate_40,6,False,False
2730068,gate_40,178,True,True
2730227,gate_40,31,True,True
2730342,gate_30,281,True,True
2730588,gate_40,519,True,True
2730728,gate_30,11,False,False
2730844,gate_30,0,False,False
2730851,gate_30,34,True,True
2730916,gate_40,40,False,False
2730973,gate_40,41,True,False
2731028,gate_30,0,False,False
2731045,gate_40,6,False,False
2731122,gate_30,98,True,False
2731182,gate_40,0,False,False
2731347,gate_40,18,True,False
2731481,gate_30,9,False,False
2731631,gate_30,7,False,False
2731667,gate_30,0,False,False
2731859,gate_30,219,False,True
2731874,gate_40,2,False,False
2732536,gate_40,0,False,False
2732544,gate_40,12,False,False
2732743,gate_40,18,False,False
2732820,gate_40,0,False,False
2733141,gate_30,28,True,False
2733223,gate_30,28,False,True
2733465,gate_40,13,False,False
2733546,gate_40,92,True,False
2733706,gate_40,5,False,False
2733853,gate_30,259,True,True
2733859,gate_40,68,False,True
2733946,gate_40,3,False,False
2734338,gate_30,2,False,False
2734372,gate_40,213,True,True
2734582,gate_40,58,True,False
2734746,gate_40,12,False,False
2734770,gate_30,7,False,False
2734834,gate_30,37,True,False
2734845,gate_30,10,False,False
2735168,gate_40,133,True,False
2735190,gate_30,24,False,False
2735424,gate_30,36,False,False
2735507,gate_40,218,True,True
2735605,gate_30,37,True,False
2736103,gate_40,5,False,False
2736124,gate_40,8,False,False
2736240,gate_30,58,True,True
2736401,gate_40,5,False,False
2736549,gate_40,1,False,False
2736811,gate_40,5,False,False
2736872,gate_30,277,True,True
2737114,gate_30,0,False,False
2737163,gate_40,111,True,False
2737328,gate_30,1,False,False
2737359,gate_30,140,True,True
2737585,gate_30,14,False,False
2737652,gate_30,19,True,False
2737717,gate_40,19,True,False
2738033,gate_40,298,True,True
2738178,gate_40,1,False,False
2738179,gate_40,28,True,True
2738277,gate_40,21,True,True
2738338,gate_30,7,False,False
2738510,gate_40,8,False,False
2738560,gate_40,91,False,False
2738633,gate_40,2,False,False
2738764,gate_30,83,False,False
2738924,gate_40,10,False,False
2738940,gate_30,46,True,True
2739061,gate_30,54,True,False
2739160,gate_40,5,False,False
2739224,gate_40,29,True,False
2739322,gate_40,7,False,False
2739373,gate_30,17,True,False
2739378,gate_40,8,True,False
2739408,gate_30,144,True,False
2739521,gate_40,7,False,False
2739592,gate_40,0,False,False
2739651,gate_40,79,True,False
2739750,gate_40,2,False,False
2740195,gate_30,33,True,False
2740382,gate_40,40,True,False
2740386,gate_30,19,True,False
2740458,gate_40,2,False,False
2740520,gate_30,1,False,False
2740564,gate_30,34,True,False
2740620,gate_30,0,False,False
2740805,gate_40,5,False,False
2740806,gate_30,33,True,False
2740838,gate_40,5,False,False
2740844,gate_30,27,True,False
2740882,gate_40,1,False,False
2740917,gate_30,1,False,False
2741231,gate_30,10,True,True
2741353,gate_30,299,True,False
2741547,gate_30,26,True,False
2741718,gate_30,15,True,False
2741791,gate_30,6,False,False
2742026,gate_40,15,False,False
2742096,gate_40,44,True,True
2742201,gate_30,19,True,False
2742426,gate_30,147,True,True
2742436,gate_40,35,True,False
2742733,gate_30,2,False,False
2743030,gate_30,14,False,False
2743067,gate_40,0,False,False
2743188,gate_40,40,True,False
2743480,gate_30,11,False,False
2743594,gate_30,4,False,False
2743633,gate_30,9,True,False
2743769,gate_30,1,False,False
2743953,gate_30,74,True,False
2744074,gate_30,25,False,False
2744167,gate_40,4,False,False
2744221,gate_30,118,True,False
2744338,gate_40,3,True,False
2744418,gate_30,70,True,False
2744522,gate_40,15,False,False
2744590,gate_30,2,False,False
2744759,gate_30,5,False,False
2744823,gate_30,10,False,False
2745054,gate_40,51,True,True
2745117,gate_40,6,False,False
2745288,gate_30,12,True,False
2745477,gate_30,110,True,True
2745502,gate_40,3,False,False
2745932,gate_30,11,True,False
2745978,gate_30,7,False,False
2746054,gate_40,200,True,True
2746072,gate_30,17,True,False
2746221,gate_40,15,True,False
2746247,gate_30,6,False,False
2746252,gate_40,3,False,False
2746386,gate_30,48,True,True
2746863,gate_30,182,True,True
2746892,gate_30,1,False,False
2746984,gate_30,470,True,True
2747003,gate_30,10,False,False
2747071,gate_40,205,False,True
2747290,gate_30,2,False,False
2747312,gate_40,0,False,False
2747372,gate_40,26,True,True
2747509,gate_40,794,True,True
2747561,gate_30,27,True,False
2747768,gate_30,2,False,False
2747877,gate_30,118,True,True
2747951,gate_40,4,False,False
2747988,gate_30,100,True,True
2748221,gate_40,73,True,False
2748250,gate_40,4,False,False
2748372,gate_40,73,True,False
2748442,gate_40,17,False,False
2748485,gate_30,297,True,True
2748526,gate_30,3,False,False
2748550,gate_30,6,False,False
2748624,gate_40,17,False,False
2748807,gate_30,410,True,True
2748832,gate_40,32,True,True
2749009,gate_40,46,True,False
2749018,gate_40,23,False,False
2749408,gate_40,36,True,False
2749509,gate_30,48,True,False
2749512,gate_40,2,False,False
2749556,gate_40,3,False,False
2749577,gate_40,186,True,True
2749585,gate_40,12,False,False
2749631,gate_40,45,False,False
2749764,gate_30,892,True,True
2749807,gate_30,3,False,False
2749847,gate_30,25,False,False
2749949,gate_40,511,True,True
2750035,gate_40,49,True,False
2750064,gate_30,7,False,False
2750174,gate_40,223,True,True
2750227,gate_40,26,True,False
2750401,gate_30,47,True,True
2750402,gate_40,8,False,False
2750542,gate_30,1,False,False
2750703,gate_40,13,False,False
2750759,gate_30,8,False,False
2751115,gate_40,110,False,True
2751271,gate_30,226,True,True
2751349,gate_40,28,True,True
2751445,gate_30,21,True,False
2751717,gate_40,67,True,False
2751882,gate_40,6,False,False
2752002,gate_30,8,False,False
2752027,gate_30,25,True,False
2752038,gate_30,30,False,False
2752148,gate_30,7,False,False
2752322,gate_40,185,True,True
2752417,gate_30,6,False,False
2752453,gate_40,10,True,False
2752460,gate_30,9,False,False
2752607,gate_40,13,False,False
2753242,gate_40,3,False,False
2753400,gate_30,22,True,False
2753658,gate_40,1,False,False
2753982,gate_30,7,False,False
2754031,gate_30,3,False,False
2754041,gate_30,4,True,False
2754119,gate_30,10,True,False
2754131,gate_40,10,False,False
2754147,gate_30,150,True,False
2754162,gate_30,84,True,True
2754279,gate_40,18,True,False
2754441,gate_40,40,True,False
2754491,gate_30,86,True,False
2754678,gate_30,26,True,True
2754699,gate_30,79,True,False
2754732,gate_30,45,True,False
2754876,gate_40,194,True,True
2754884,gate_30,1,False,False
2754968,gate_40,2,False,False
2754970,gate_40,1,False,False
2754974,gate_30,5,True,False
2755125,gate_30,123,True,True
2755528,gate_40,36,True,True
2755581,gate_30,137,True,True
2755633,gate_40,4,False,False
2755668,gate_40,0,False,False
2755690,gate_30,230,True,True
2755916,gate_30,114,True,False
2756147,gate_40,1,False,False
2756183,gate_40,20,False,False
2756266,gate_40,27,True,True
2756271,gate_30,36,True,False
2756473,gate_40,2,False,False
2756523,gate_40,2,False,False
2756706,gate_40,6,False,False
2756741,gate_40,4,False,False
2756783,gate_30,15,False,False
2756796,gate_30,0,False,False
2756880,gate_30,45,True,False
2756924,gate_30,77,True,False
2757094,gate_30,103,True,True
2757217,gate_40,7,False,False
2757625,gate_30,2,False,False
2757657,gate_40,206,True,False
2757703,gate_30,1,True,False
2758081,gate_40,3,False,False
2758172,gate_40,22,True,False
2758245,gate_30,9,True,False
2758270,gate_30,8,False,False
2758405,gate_30,12,False,False
2758421,gate_30,1,False,False
2758458,gate_30,15,True,False
2758574,gate_30,0,False,False
2758665,gate_40,52,True,False
2758678,gate_30,2,False,False
2758768,gate_40,3,False,False
2758955,gate_30,7,False,False
2759124,gate_30,11,True,False
2759135,gate_30,6,False,False
2759362,gate_30,38,False,False
2759484,gate_30,15,False,True
2759519,gate_40,66,True,False
2759532,gate_40,55,False,False
2759575,gate_40,54,True,False
2759680,gate_40,23,True,False
2760290,gate_30,6,True,False
2760317,gate_30,160,False,False
2760352,gate_40,73,True,False
2760675,gate_40,24,True,False
2760684,gate_40,2,False,True
2760870,gate_40,6,False,False
2761083,gate_30,8,False,False
2761145,gate_40,128,True,True
2761460,gate_40,54,True,True
2761475,gate_40,89,True,True
2761499,gate_30,7,False,False
2761644,gate_30,2,False,False
2761782,gate_40,108,False,True
2761972,gate_40,1,False,False
2762010,gate_30,142,True,True
2762075,gate_40,5,True,False
2762209,gate_40,219,True,True
2762334,gate_30,9,False,False
2762403,gate_40,49,True,False
2762599,gate_30,225,True,True
2762670,gate_40,20,True,False
2762949,gate_30,109,True,True
2762975,gate_30,1,False,False
2762988,gate_40,10,True,False
2763301,gate_30,1,False,False
2763413,gate_40,155,True,False
2763423,gate_30,111,True,False
2763546,gate_30,13,False,False
2763659,gate_30,12,False,False
2763882,gate_30,145,True,True
2763915,gate_40,40,False,False
2764115,gate_30,1,False,False
2764343,gate_40,1,False,False
2764396,gate_30,18,True,False
2764415,gate_30,26,True,False
2764421,gate_40,1,False,False
2764434,gate_40,95,True,False
2764504,gate_40,29,True,True
2764506,gate_40,22,True,False
2764509,gate_40,4,False,False
2764534,gate_40,28,False,False
2764714,gate_40,2,False,False
2764724,gate_40,56,True,False
2764962,gate_30,46,True,True
2764996,gate_40,41,False,False
2765133,gate_30,8,False,False
2765491,gate_30,8,False,False
2765495,gate_40,13,False,False
2765572,gate_40,3,False,False
2765583,gate_40,5,False,False
2765645,gate_40,21,False,False
2765755,gate_30,20,False,False
2765865,gate_30,5,False,False
2766025,gate_40,9,False,False
2766053,gate_30,5,False,False
2766406,gate_40,82,True,True
2766455,gate_30,4,False,False
2766585,gate_30,188,False,True
2766601,gate_30,13,False,False
2766739,gate_30,73,True,False
2766919,gate_40,3,False,False
2767030,gate_30,42,True,False
2767280,gate_30,30,False,False
2767430,gate_40,4,False,False
2767440,gate_30,78,True,False
2767605,gate_30,0,False,False
2767700,gate_40,77,True,True
2767752,gate_30,1,False,False
2767958,gate_30,24,True,False
2768079,gate_30,3,False,False
2768106,gate_40,16,False,False
2768274,gate_30,21,False,False
2768303,gate_30,145,True,True
2768330,gate_40,41,True,False
2768591,gate_40,14,True,False
2768668,gate_30,339,True,True
2768715,gate_30,66,True,True
2768717,gate_30,1,False,False
2768728,gate_30,48,True,False
2768812,gate_30,10,False,False
2768835,gate_40,2,False,False
2769191,gate_40,4,False,False
2769313,gate_40,11,False,False
2769510,gate_40,1,False,False
2769512,gate_30,1,False,False
2769520,gate_30,184,True,True
2769594,gate_30,2,False,False
2769883,gate_40,91,True,False
2769983,gate_40,16,True,False
2770044,gate_30,33,True,False
2770104,gate_40,2,False,False
2770267,gate_30,47,True,False
2770299,gate_40,2,False,False
2770384,gate_40,56,True,True
2770385,gate_30,188,True,False
2770393,gate_30,15,True,False
2770532,gate_30,5,True,False
2770683,gate_40,5,False,False
2770784,gate_30,49,True,False
2770912,gate_30,13,False,False
2771292,gate_30,14,True,False
2771523,gate_40,1,False,False
2771552,gate_30,38,True,False
2771568,gate_40,106,True,True
2771647,gate_40,28,True,False
2771693,gate_30,32,True,False
2771779,gate_40,141,True,False
2771858,gate_40,16,True,False
2771873,gate_30,58,True,False
2772000,gate_30,40,False,False
2772139,gate_30,10,False,False
2772170,gate_40,1,False,False
2772185,gate_40,200,True,False
2772262,gate_40,7,False,False
2772358,gate_30,33,False,False
2772516,gate_40,9,False,False
2772578,gate_30,40,True,False
2772679,gate_40,63,True,True
2772913,gate_30,56,True,False
2772952,gate_30,15,False,False
2773043,gate_40,3,False,False
2773279,gate_30,11,False,False
2773418,gate_30,61,True,False
2773422,gate_40,78,True,True
2773455,gate_30,8,False,False
2773557,gate_30,30,True,False
2773818,gate_30,35,True,False
2773959,gate_40,35,True,False
2774187,gate_30,19,True,False
2774359,gate_30,51,True,False
2774524,gate_30,203,True,True
2774573,gate_40,97,False,True
2774688,gate_30,9,True,False
2774696,gate_30,78,True,False
2774797,gate_30,18,False,False
2774805,gate_30,4,False,False
2774830,gate_30,254,True,True
2774831,gate_40,7,False,False
2774842,gate_30,72,True,True
2774926,gate_40,55,False,False
2775174,gate_40,15,False,False
2775328,gate_30,120,False,True
2775448,gate_40,1,False,False
2775474,gate_30,267,True,True
2775732,gate_30,6,False,False
2775761,gate_40,44,True,False
2776009,gate_40,57,True,False
2776194,gate_40,4,True,False
2776263,gate_30,95,True,False
2776383,gate_30,2,False,False
2776664,gate_40,35,False,False
2776703,gate_30,14,False,False
2777181,gate_40,50,True,False
2777264,gate_40,21,True,False
2777473,gate_30,114,True,True
2777847,gate_30,272,True,False
2777855,gate_30,22,True,True
2778069,gate_40,2,False,False
2778333,gate_40,87,True,True
2778373,gate_30,1,False,False
2778427,gate_30,4,False,False
2778534,gate_40,16,True,False
2778736,gate_40,46,True,False
2779122,gate_30,41,True,False
2779190,gate_30,26,False,False
2779198,gate_40,0,False,False
2779223,gate_30,140,True,False
2779523,gate_40,82,True,True
2779627,gate_30,70,False,True
2779688,gate_30,15,True,True
2779763,gate_30,13,False,False
2779781,gate_40,61,False,False
2779980,gate_40,6,False,False
2780007,gate_30,4,False,False
2780113,gate_30,26,True,True
2780391,gate_40,2,False,False
2780404,gate_30,33,True,False
2780528,gate_40,34,True,False
2780738,gate_30,79,False,False
2780796,gate_30,4,True,False
2780813,gate_30,170,True,True
2780932,gate_30,22,True,False
2780939,gate_40,27,True,False
2780970,gate_40,12,False,False
2781094,gate_40,1,False,False
2781379,gate_40,17,False,False
2781735,gate_40,80,True,False
2781893,gate_40,3,False,False
2782055,gate_40,19,False,False
2782355,gate_40,7,False,True
2782388,gate_40,16,False,False
2782393,gate_40,1,False,False
2782768,gate_30,2,False,False
2782845,gate_40,7,False,False
2782871,gate_30,30,False,False
2783051,gate_40,0,False,False
2783152,gate_40,21,True,False
2783231,gate_40,51,True,False
2783315,gate_30,57,True,True
2783336,gate_30,85,False,False
2783352,gate_30,12,False,False
2783362,gate_40,44,True,False
2783427,gate_40,115,True,False
2783452,gate_30,68,False,True
2783462,gate_40,2,False,False
2783549,gate_40,16,False,False
2783590,gate_40,73,False,True
2783787,gate_30,14,False,False
2783865,gate_30,350,True,True
2783894,gate_40,43,True,False
2783902,gate_40,17,True,False
2783904,gate_40,25,False,False
2784005,gate_40,41,True,False
2784040,gate_40,4,False,False
2784306,gate_30,93,True,True
2784366,gate_30,84,True,False
2784388,gate_30,1,False,False
2784409,gate_40,242,True,False
2784595,gate_30,21,True,False
2784679,gate_30,42,True,False
2784681,gate_30,46,True,False
2784778,gate_30,116,True,True
2784876,gate_40,147,True,False
2785309,gate_30,2,False,False
2785434,gate_40,4,False,False
2785449,gate_30,31,True,False
2785533,gate_40,2,False,False
2785692,gate_30,40,False,False
2785889,gate_40,47,True,False
2785951,gate_30,59,True,True
2785979,gate_30,17,True,False
2786282,gate_40,14,False,False
2786314,gate_40,22,True,False
2786426,gate_40,34,True,False
2786539,gate_30,51,True,False
2786742,gate_40,3,False,False
2786977,gate_30,62,True,True
2787057,gate_40,5,False,False
2787135,gate_30,4,False,False
2787427,gate_30,18,False,False
2787694,gate_30,64,True,True
2787939,gate_40,15,True,False
2787977,gate_30,20,True,False
2788061,gate_40,9,True,False
2788134,gate_30,61,True,False
2788181,gate_30,12,False,False
2788188,gate_30,20,False,False
2788284,gate_40,10,True,False
2788520,gate_40,68,True,False
2788572,gate_30,37,False,False
2788746,gate_30,1,False,False
2788852,gate_30,61,True,False
2788906,gate_30,56,True,False
2788919,gate_40,6,True,False
2788943,gate_30,569,True,True
2788970,gate_40,2,False,False
2788983,gate_30,43,True,False
2788988,gate_40,55,True,True
2789057,gate_40,1,False,False
2789104,gate_40,40,False,False
2789105,gate_40,2,False,False
2789219,gate_40,21,False,False
2789223,gate_30,124,True,False
2789364,gate_40,9,False,False
2789367,gate_40,15,False,False
2789377,gate_40,4,False,False
2789431,gate_30,79,True,False
2789478,gate_40,16,False,False
2789551,gate_30,93,True,True
2789626,gate_30,4,False,False
2790482,gate_40,237,True,False
2790667,gate_30,89,True,False
2790912,gate_30,21,True,False
2790997,gate_30,14,True,False
2791089,gate_30,0,False,False
2791291,gate_40,17,False,False
2791490,gate_30,72,True,False
2791659,gate_40,15,False,False
2791708,gate_40,30,True,False
2791894,gate_30,14,False,False
2791950,gate_40,54,True,False
2792014,gate_30,28,True,False
2792061,gate_40,15,False,False
2792139,gate_30,16,False,False
2792276,gate_40,173,True,False
2792301,gate_40,9,False,False
2792348,gate_30,93,True,True
2792406,gate_30,36,True,False
2792532,gate_30,4,False,False
2792535,gate_30,0,False,False
2792583,gate_30,167,True,True
2792652,gate_30,5,False,False
2792702,gate_30,41,False,False
2792962,gate_40,11,False,False
2793195,gate_30,33,True,False
2793236,gate_30,20,True,False
2793276,gate_30,2,False,False
2793312,gate_30,82,False,True
2793393,gate_30,339,True,True
2793426,gate_30,281,True,True
2793971,gate_30,9,False,False
2794153,gate_30,16,True,False
2794247,gate_30,353,True,True
2794456,gate_40,83,True,True
2794820,gate_40,6,False,False
2794870,gate_40,16,False,False
2794888,gate_30,8,False,False
2795124,gate_40,29,True,False
2795139,gate_40,255,False,True
2795279,gate_30,13,True,False
2795707,gate_40,8,False,False
2795732,gate_40,8,False,False
2795762,gate_40,20,False,False
2795896,gate_30,39,False,False
2795922,gate_40,1,False,False
2796631,gate_30,7,False,False
2796771,gate_40,14,True,False
2796961,gate_30,345,True,True
2796981,gate_40,1,False,False
2797279,gate_40,5,False,False
2797323,gate_30,102,True,True
2797567,gate_30,2,False,False
2797587,gate_30,2,False,False
2797593,gate_30,10,True,False
2797601,gate_30,48,False,False
2797629,gate_40,31,False,False
2797658,gate_30,15,True,False
2797716,gate_30,0,False,False
2797795,gate_30,126,True,True
2797858,gate_40,68,True,False
2797887,gate_30,24,True,False
2798678,gate_30,47,True,False
2798864,gate_30,92,False,True
2798924,gate_30,11,False,False
2798965,gate_30,0,False,False
2799133,gate_40,43,True,False
2799134,gate_30,38,False,False
2799197,gate_40,36,True,True
2799248,gate_30,4,False,False
2799312,gate_30,6,False,False
2799463,gate_40,15,False,False
2799515,gate_40,61,False,False
2799555,gate_40,16,False,False
2799788,gate_30,12,False,False
2799914,gate_40,1,False,False
2799995,gate_30,3,False,False
2800143,gate_40,0,False,False
2800163,gate_40,13,False,False
2800184,gate_30,44,False,False
2800198,gate_30,13,True,False
2800322,gate_40,12,True,False
2800615,gate_40,13,True,False
2800839,gate_30,5,False,False
2801029,gate_30,7,False,False
2801371,gate_40,24,True,False
2801470,gate_30,5,False,False
2801557,gate_40,58,False,False
2801559,gate_30,128,False,True
2801626,gate_40,8,False,False
2801699,gate_30,28,True,False
2801823,gate_40,1,False,False
2801998,gate_30,0,False,False
2802013,gate_40,1,False,False
2802023,gate_40,267,False,False
2802216,gate_40,103,True,False
2802584,gate_30,0,False,False
2802689,gate_40,15,True,False
2802807,gate_40,73,True,True
2802902,gate_30,3,False,False
2803158,gate_30,1,False,False
2803185,gate_40,134,True,True
2803219,gate_40,4,False,False
2803417,gate_40,126,True,True
2803574,gate_40,19,False,False
2803642,gate_40,9,True,False
2803660,gate_30,124,True,True
2803716,gate_40,57,True,True
2803772,gate_40,69,True,False
2803818,gate_30,29,False,False
2803819,gate_30,1,False,False
2804028,gate_30,22,True,False
2804088,gate_30,70,True,False
2804114,gate_30,48,True,False
2804160,gate_30,3,True,False
2804339,gate_30,2,False,False
2804382,gate_40,91,False,False
2804502,gate_40,8,True,False
2804567,gate_30,17,False,False
2804658,gate_30,159,True,True
2804684,gate_40,15,False,False
2804697,gate_40,1,False,False
2804858,gate_30,13,False,False
2804932,gate_40,10,True,False
2804958,gate_40,36,False,False
2805093,gate_40,11,False,False
2805164,gate_30,46,True,True
2805320,gate_40,17,False,False
2805608,gate_30,28,False,False
2805883,gate_30,487,True,True
2805962,gate_30,87,True,True
2806017,gate_40,31,True,False
2806046,gate_40,52,True,False
2806153,gate_40,507,True,True
2806213,gate_30,6,False,False
2806305,gate_40,115,True,True
2806345,gate_30,34,True,False
2806473,gate_40,8,False,False
2806496,gate_40,86,True,False
2806511,gate_40,25,True,False
2806551,gate_30,148,True,True
2806821,gate_30,8,False,False
2806840,gate_30,2,False,False
2806844,gate_40,121,False,True
2806849,gate_40,80,True,False
2806932,gate_30,27,False,False
2806934,gate_30,282,True,True
2806992,gate_30,28,True,False
2807042,gate_40,2,False,False
2807176,gate_30,39,True,False
2807317,gate_40,7,False,False
2807379,gate_40,72,True,True
2807459,gate_30,13,True,False
2807510,gate_30,50,True,False
2807544,gate_30,52,True,False
2807863,gate_40,20,False,False
2807882,gate_40,9,False,False
2807902,gate_30,60,True,True
2807965,gate_30,12,False,False
2807983,gate_40,34,True,False
2808104,gate_40,96,True,True
2808156,gate_30,10,False,False
2808187,gate_40,3,False,False
2808321,gate_40,50,True,False
2808517,gate_30,1413,True,True
2808523,gate_40,73,True,False
2808583,gate_40,4,False,False
2808790,gate_30,13,True,False
2808821,gate_40,32,True,False
2808970,gate_40,112,True,True
2809225,gate_40,50,False,False
2809277,gate_40,8,True,False
2809303,gate_30,1,False,False
2809409,gate_40,1,True,False
2809417,gate_30,25,False,False
2809518,gate_30,28,True,False
2809559,gate_30,167,True,False
2809683,gate_30,30,True,False
2809685,gate_30,14,False,False
2809720,gate_40,30,False,False
2809953,gate_40,161,True,True
2810018,gate_40,44,True,True
2810055,gate_30,0,False,False
2810198,gate_30,28,True,False
2810203,gate_40,111,True,True
2810213,gate_30,37,True,False
2810240,gate_30,24,True,False
2810322,gate_30,25,True,False
2810855,gate_30,15,False,False
2810955,gate_30,299,True,True
2810967,gate_30,140,True,False
2811092,gate_30,13,False,False
2811124,gate_30,4,False,False
2811374,gate_30,5,False,False
2811492,gate_30,7,True,False
2811509,gate_40,27,True,False
2811567,gate_30,20,True,False
2811570,gate_40,9,True,False
2811695,gate_30,0,False,False
2811714,gate_40,4,False,False
2811879,gate_40,3,False,False
2811967,gate_30,3,False,False
2812098,gate_40,27,False,False
2812115,gate_30,65,True,False
2812129,gate_40,53,True,False
2812684,gate_40,158,True,True
2812893,gate_30,18,False,False
2812968,gate_40,10,False,False
2813027,gate_40,2,False,False
2813051,gate_30,55,True,True
2813101,gate_40,93,True,True
2813145,gate_40,54,True,True
2813157,gate_40,25,True,True
2813227,gate_30,38,False,False
2813278,gate_40,8,False,False
2813423,gate_30,18,True,False
2813456,gate_40,9,False,False
2813504,gate_30,4,False,False
2813521,gate_40,77,False,False
2813879,gate_30,31,False,True
2813950,gate_40,31,True,False
2814073,gate_40,3,False,False
2814140,gate_30,13,False,False
2814307,gate_30,1,False,False
2814371,gate_30,16,False,False
2814483,gate_30,364,True,True
2814851,gate_30,2,False,False
2814852,gate_40,3,False,False
2814986,gate_40,5,False,False
2815139,gate_30,509,True,True
2815172,gate_30,8,True,False
2815309,gate_40,74,True,False
2815580,gate_30,3,False,False
2815744,gate_40,49,True,False
2815747,gate_40,0,False,False
2815866,gate_30,9,False,False
2815904,gate_40,18,False,False
2816096,gate_40,11,True,False
2816610,gate_30,35,True,False
2816657,gate_40,159,True,True
2816720,gate_40,7,False,False
2816736,gate_30,19,True,False
2816761,gate_40,48,False,False
2816807,gate_30,22,True,False
2816939,gate_40,59,True,True
2817179,gate_40,22,False,False
2817288,gate_30,5,False,False
2817295,gate_30,144,True,True
2817435,gate_40,4,False,False
2817553,gate_40,82,True,True
2817622,gate_40,0,False,False
2817654,gate_40,6,False,False
2817782,gate_40,191,False,True
2817791,gate_40,85,True,False
2817819,gate_40,0,False,False
2817879,gate_30,9,False,False
2817966,gate_40,223,True,True
2818014,gate_30,4,True,False
2818069,gate_30,51,True,False
2818086,gate_40,23,True,False
2818185,gate_40,0,False,False
2818365,gate_30,2,False,False
2818429,gate_40,52,True,False
2818454,gate_30,6,True,False
2818762,gate_40,142,True,True
2818959,gate_30,58,True,True
2818979,gate_40,93,True,False
2819108,gate_40,0,False,False
2819149,gate_30,38,True,False
2819326,gate_30,28,True,False
2819398,gate_40,20,False,False
2819572,gate_40,34,True,False
2819749,gate_40,3,False,False
2819963,gate_40,5,False,False
2820073,gate_40,87,False,True
2820124,gate_40,29,False,False
2820198,gate_30,46,False,False
2820264,gate_40,81,True,False
2820478,gate_40,26,True,False
2820564,gate_40,59,True,False
2820600,gate_30,20,False,False
2820664,gate_30,10,True,False
2820670,gate_40,15,True,False
2820681,gate_30,38,False,False
2821034,gate_30,599,True,True
2821053,gate_30,44,True,False
2821358,gate_40,18,False,False
2821381,gate_40,9,True,False
2821484,gate_40,58,False,True
2821590,gate_30,17,True,False
2821640,gate_40,5,False,False
2821741,gate_30,40,True,False
2821745,gate_40,12,False,False
2821983,gate_40,6,False,False
2822004,gate_40,24,False,False
2822213,gate_30,28,True,False
2822414,gate_40,109,True,False
2822472,gate_30,153,True,True
2822527,gate_30,47,True,False
2822567,gate_40,39,True,True
2822587,gate_30,32,False,False
2822615,gate_40,8,False,False
2822690,gate_40,7,False,False
2822715,gate_30,1,False,False
2822861,gate_40,2,False,False
2822884,gate_40,36,False,False
2822940,gate_40,12,True,False
2823089,gate_30,36,False,False
2823216,gate_40,7,False,False
2823232,gate_40,54,True,False
2823388,gate_40,89,True,True
2823599,gate_40,0,False,False
2823687,gate_30,8,False,False
2823863,gate_30,109,True,True
2824156,gate_30,39,True,True
2824257,gate_30,5,False,False
2824335,gate_30,101,False,False
2824458,gate_30,74,True,True
2824610,gate_40,8,False,False
2824839,gate_30,37,False,False
2824911,gate_40,162,True,False
2824971,gate_30,28,True,False
2825057,gate_40,40,False,True
2825245,gate_30,165,True,True
2825366,gate_40,17,False,False
2825457,gate_30,15,True,False
2825646,gate_40,5,False,False
2825689,gate_30,37,False,False
2825837,gate_40,29,True,False
2826054,gate_30,5,False,False
2826120,gate_30,15,False,False
2826126,gate_40,7,True,False
2826206,gate_40,43,True,True
2826745,gate_30,24,False,False
2826753,gate_40,51,True,False
2826873,gate_40,3,False,False
2826927,gate_30,41,True,False
2827117,gate_30,3,False,False
2827238,gate_40,25,True,False
2827309,gate_40,1,False,False
2828157,gate_40,81,True,True
2828452,gate_30,5,False,False
2828687,gate_40,11,False,False
2828756,gate_40,18,False,False
2829009,gate_30,50,True,False
2829128,gate_40,108,True,True
2829137,gate_30,5,False,False
2829225,gate_30,106,True,True
2829456,gate_30,165,True,True
2829694,gate_30,8,True,False
2829726,gate_40,9,False,False
2829736,gate_40,4,False,False
2829741,gate_40,2,True,False
2829762,gate_30,12,True,False
2829864,gate_40,1,False,False
2829913,gate_30,55,False,False
2829973,gate_30,111,True,True
2829974,gate_40,14,False,False
2830015,gate_30,42,False,False
2830379,gate_40,70,False,True
2830397,gate_30,17,False,False
2830409,gate_40,14,False,True
2830567,gate_30,0,False,False
2830630,gate_30,0,False,False
2830679,gate_40,78,True,True
2830732,gate_40,8,True,False
2830899,gate_30,51,False,False
2830975,gate_40,28,True,False
2831071,gate_40,2,False,False
2831218,gate_40,0,False,False
2831275,gate_30,43,True,False
2831394,gate_30,755,True,True
2831576,gate_40,38,True,False
2831604,gate_30,16,True,False
2831647,gate_30,8,False,False
2831693,gate_30,194,True,True
2831740,gate_40,0,False,False
2831855,gate_30,7,False,False
2831902,gate_30,8,False,False
2831914,gate_30,0,False,False
2831960,gate_30,0,False,False
2831967,gate_30,33,False,True
2832279,gate_30,7,True,False
2832426,gate_30,3,False,False
2832538,gate_30,73,True,False
2832759,gate_40,0,False,False
2832786,gate_40,84,True,False
2833258,gate_30,1,False,False
2833376,gate_40,7,False,False
2833412,gate_30,1,False,False
2833462,gate_40,0,False,False
2833488,gate_30,68,True,False
2833526,gate_30,114,True,True
2833747,gate_40,63,True,True
2834004,gate_40,13,False,False
2834372,gate_40,82,True,True
2834380,gate_30,80,True,False
2834398,gate_40,4,False,False
2834489,gate_40,18,False,False
2834766,gate_30,32,True,True
2834788,gate_30,254,True,True
2834884,gate_40,2,False,False
2834912,gate_30,49,True,True
2834952,gate_40,174,False,True
2835056,gate_30,21,True,False
2835088,gate_30,2,False,False
2835156,gate_40,0,False,False
2835157,gate_30,1,False,False
2835513,gate_30,2,False,False
2835526,gate_30,3,False,False
2835550,gate_30,39,True,False
2835572,gate_30,11,True,False
2835728,gate_30,4,False,False
2835915,gate_40,1,False,False
2836128,gate_30,24,False,False
2836195,gate_30,145,True,True
2836224,gate_30,47,True,False
2836651,gate_30,1,False,False
2836703,gate_40,4,False,False
2836722,gate_40,30,True,False
2836849,gate_40,7,True,False
2836980,gate_30,16,False,True
2837028,gate_30,5,False,False
2837128,gate_30,12,False,False
2837197,gate_30,609,True,True
2837202,gate_30,3,False,False
2837395,gate_30,11,False,False
2837423,gate_40,56,False,False
2837441,gate_30,3,False,False
2837591,gate_40,24,True,False
2837751,gate_40,4,True,False
2837790,gate_30,193,False,True
2837956,gate_40,245,True,False
2838044,gate_30,6,False,False
2838097,gate_30,118,True,False
2838119,gate_30,2,False,False
2838375,gate_30,32,True,False
2838418,gate_40,3,False,False
2838424,gate_30,5,True,False
2838476,gate_40,1,False,False
2838485,gate_30,18,True,False
2838774,gate_40,4,False,False
2838981,gate_30,0,False,False
2839104,gate_40,18,True,False
2839307,gate_40,15,True,False
2839405,gate_40,9,False,False
2839570,gate_30,465,True,True
2839720,gate_40,14,False,False
2840140,gate_30,182,True,False
2840197,gate_30,11,False,False
2840481,gate_40,6,False,False
2840811,gate_40,18,False,False
2840905,gate_40,52,True,False
2841009,gate_30,85,True,False
2841175,gate_40,21,False,True
2841373,gate_40,15,False,False
2841459,gate_40,3,True,False
2841491,gate_40,53,True,False
2841541,gate_40,477,True,True
2841691,gate_40,6,False,False
2841707,gate_40,21,True,False
2842056,gate_40,1,False,False
2842066,gate_40,107,False,True
2842158,gate_40,1,False,False
2842231,gate_30,3,False,False
2842275,gate_40,72,True,True
2842284,gate_30,8,False,False
2842315,gate_30,0,False,False
2842445,gate_40,13,True,False
2842521,gate_40,172,True,True
2842843,gate_30,72,True,False
2842879,gate_30,16,False,False
2842959,gate_40,5,True,False
2843113,gate_40,14,True,False
2843259,gate_40,18,True,True
2843588,gate_40,80,True,True
2843769,gate_40,5,False,False
2843785,gate_30,149,True,False
2843790,gate_30,30,True,False
2844179,gate_40,16,False,False
2844214,gate_30,3,False,False
2844357,gate_40,84,True,True
2844364,gate_30,290,True,True
2844380,gate_40,48,True,False
2844470,gate_40,18,False,False
2844529,gate_40,1,False,False
2844572,gate_30,2,False,False
2844758,gate_40,18,True,False
2844869,gate_30,53,True,False
2844936,gate_30,47,True,False
2845023,gate_30,57,False,True
2845293,gate_30,4,False,True
2845359,gate_40,0,False,False
2845431,gate_30,1,False,False
2845457,gate_40,6,False,False
2845462,gate_40,39,False,False
2845655,gate_40,66,True,False
2845858,gate_40,7,False,False
2845927,gate_30,3,True,False
2845994,gate_40,82,True,True
2846029,gate_30,75,True,False
2846251,gate_40,5,True,False
2846254,gate_40,23,True,False
2846272,gate_40,9,False,False
2846393,gate_40,27,True,False
2846402,gate_30,9,True,False
2846444,gate_40,200,True,False
2846476,gate_30,2,False,False
2846569,gate_40,22,False,False
2846679,gate_30,9,False,False
2847054,gate_30,3,False,False
2847140,gate_30,196,True,True
2847326,gate_30,1,False,False
2847338,gate_40,5,False,False
2847556,gate_40,223,True,True
2847633,gate_30,112,False,False
2847701,gate_40,10,False,False
2847857,gate_40,7,True,False
2848084,gate_40,94,True,False
2848103,gate_30,1,False,False
2848231,gate_30,1,False,False
2848239,gate_40,44,False,False
2848362,gate_30,0,False,False
2848772,gate_30,67,True,True
2848854,gate_40,52,True,False
2848957,gate_40,2,False,False
2849002,gate_30,19,False,False
2849017,gate_40,34,False,False
2849039,gate_30,64,True,True
2849118,gate_30,40,True,False
2849218,gate_30,24,True,False
2849235,gate_40,0,True,True
2849375,gate_30,41,True,True
2849463,gate_40,183,True,True
2849656,gate_30,13,False,False
2849815,gate_40,6,False,False
2849827,gate_40,7,False,False
2849902,gate_30,3,False,False
2850006,gate_30,87,True,False
2850283,gate_30,4,False,False
2850311,gate_40,15,True,False
2850498,gate_40,75,True,False
2850549,gate_30,6,True,False
2851020,gate_40,7,False,False
2851058,gate_40,33,True,False
2851086,gate_40,2,False,False
2851199,gate_40,0,False,False
2851265,gate_40,0,False,False
2851624,gate_40,12,False,False
2851774,gate_30,80,True,True
2851807,gate_40,34,True,False
2851999,gate_30,4,False,True
2852014,gate_40,1,False,False
2852143,gate_30,15,False,False
2852242,gate_30,0,False,False
2852335,gate_40,1,False,False
2852369,gate_40,3,False,False
2852433,gate_40,2,False,False
2852675,gate_40,3,False,False
2852871,gate_40,0,False,False
2852900,gate_30,6,False,False
2852901,gate_40,2,False,False
2852925,gate_40,33,True,False
2853236,gate_40,5,False,False
2853582,gate_30,10,True,False
2853673,gate_40,12,False,False
2853995,gate_40,4,False,False
2854126,gate_40,20,True,True
2854174,gate_40,3,False,False
2854372,gate_30,4,False,False
2854400,gate_30,118,True,True
2854445,gate_30,577,True,True
2854469,gate_40,67,True,False
2854591,gate_30,18,False,False
2854714,gate_30,152,True,True
2854928,gate_30,48,True,False
2855183,gate_30,99,True,True
2855262,gate_30,125,True,True
2855369,gate_30,19,False,False
2855411,gate_40,3,False,False
2855682,gate_30,8,True,False
2855704,gate_30,3,False,False
2855809,gate_30,11,False,False
2855880,gate_40,7,False,False
2855974,gate_40,3,False,False
2856137,gate_40,3,False,False
2856146,gate_30,197,True,True
2856183,gate_30,5,False,False
2856211,gate_40,2,False,False
2856311,gate_40,70,True,False
2856459,gate_40,9,False,False
2856550,gate_30,3,False,False
2856604,gate_40,11,True,False
2856820,gate_30,18,False,False
2856998,gate_40,1,False,True
2857194,gate_30,29,False,False
2857290,gate_40,18,False,False
2857493,gate_40,111,True,True
2857622,gate_30,26,True,False
2857627,gate_30,18,True,False
2857848,gate_30,5,True,False
2858249,gate_30,11,False,False
2858617,gate_30,43,True,True
2858662,gate_30,601,True,True
2858705,gate_30,114,True,True
2858767,gate_40,2,False,False
2858840,gate_40,10,False,False
2859358,gate_40,1,False,False
2859406,gate_40,41,True,False
2859502,gate_40,32,False,False
2859550,gate_40,10,False,False
2859568,gate_40,19,False,False
2859664,gate_30,2,False,False
2859777,gate_40,51,True,True
2859910,gate_30,1,False,False
2859968,gate_40,100,True,True
2860101,gate_40,150,True,True
2860193,gate_40,301,True,True
2860270,gate_40,3,False,False
2860393,gate_40,19,False,False
2860437,gate_40,2,False,False
2860563,gate_30,19,False,False
2860642,gate_40,0,False,False
2860698,gate_40,92,True,False
2860746,gate_30,13,False,False
2860790,gate_40,2,False,False
2860804,gate_30,1,False,False
2860916,gate_30,11,False,False
2860991,gate_40,6,False,False
2861001,gate_40,4,False,False
2861274,gate_30,12,True,False
2861386,gate_40,6,True,False
2861454,gate_40,47,True,True
2861733,gate_40,66,True,False
2861741,gate_30,60,True,False
2861753,gate_40,8,True,False
2861865,gate_40,1,False,False
2861986,gate_30,213,True,True
2862071,gate_30,0,False,False
2862093,gate_30,47,False,False
2862227,gate_30,26,True,False
2862291,gate_30,5,False,False
2862471,gate_30,77,True,True
2862594,gate_40,2,False,False
2862619,gate_30,41,True,False
2862817,gate_30,16,True,True
2863043,gate_40,1,False,False
2863099,gate_30,30,True,False
2863136,gate_30,43,False,False
2863163,gate_30,22,True,False
2863279,gate_40,395,True,True
2863394,gate_40,6,False,False
2863572,gate_40,66,True,False
2863646,gate_30,143,False,True
2863693,gate_30,2,False,False
2863701,gate_40,5,False,False
2863703,gate_30,77,True,False
2863812,gate_30,17,True,False
2863901,gate_40,21,True,False
2864097,gate_40,276,True,True
2864440,gate_40,1,False,False
2864452,gate_40,9,False,False
2864460,gate_30,14,False,False
2864826,gate_40,14,True,False
2864894,gate_30,5,False,False
2864991,gate_30,14,True,False
2865339,gate_40,38,True,False
2865398,gate_40,117,True,True
2865438,gate_30,2,False,False
2865446,gate_40,252,True,True
2865890,gate_40,3,False,False
2866210,gate_40,17,False,False
2866316,gate_40,86,True,True
2866405,gate_40,6,False,False
2866546,gate_40,1,False,False
2866683,gate_30,293,True,True
2866770,gate_30,108,True,False
2866905,gate_30,8,False,False
2866994,gate_30,88,True,True
2867197,gate_30,22,True,False
2867331,gate_30,7,False,False
2867342,gate_30,14,True,False
2867357,gate_30,1,False,False
2867781,gate_40,7,False,False
2868041,gate_40,49,True,False
2868256,gate_30,43,True,False
2868279,gate_40,76,True,True
2868480,gate_40,53,True,True
2868542,gate_40,20,False,False
2868549,gate_40,14,False,False
2868613,gate_30,0,False,False
2868644,gate_30,4,False,False
2868755,gate_40,28,True,False
2868864,gate_30,1,False,False
2868929,gate_30,1,False,False
2868969,gate_30,12,False,False
2869026,gate_30,128,True,False
2869109,gate_40,70,True,False
2869210,gate_40,12,False,False
2869249,gate_30,68,True,False
2869276,gate_40,30,False,False
2869287,gate_40,33,False,True
2869376,gate_40,13,False,False
2869475,gate_30,146,True,True
2869568,gate_30,43,True,True
2869591,gate_30,10,False,False
2869629,gate_40,15,True,False
2869671,gate_30,13,False,False
2869818,gate_40,8,False,False
2869879,gate_30,6,False,False
2869956,gate_40,14,False,False
2870127,gate_30,38,True,False
2870179,gate_30,6,False,False
2870241,gate_40,16,False,False
2870382,gate_30,27,False,False
2870434,gate_30,13,False,False
2870549,gate_40,103,True,False
2870656,gate_30,42,False,False
2870785,gate_40,22,True,False
2870834,gate_40,40,True,False
2870862,gate_40,124,False,True
2870961,gate_40,42,True,True
2871041,gate_40,10,False,False
2871423,gate_30,14,False,False
2871431,gate_40,20,False,False
2871490,gate_30,104,True,True
2871531,gate_30,49,True,False
2871616,gate_40,84,True,False
2871673,gate_40,21,False,False
2871786,gate_30,33,True,False
2871849,gate_30,4,False,False
2871852,gate_40,2,False,False
2872220,gate_40,10,True,False
2872243,gate_40,5,False,False
2872261,gate_40,11,False,False
2872830,gate_40,3,False,False
2872968,gate_30,5,False,False
2873105,gate_30,3,False,False
2873118,gate_40,86,True,True
2873125,gate_40,21,False,False
2873330,gate_40,107,True,True
2873333,gate_30,14,False,False
2873339,gate_30,10,True,True
2873434,gate_30,7,False,False
2873441,gate_30,194,True,True
2873595,gate_30,76,False,True
2873616,gate_40,11,True,False
2873626,gate_30,21,False,False
2873935,gate_40,22,True,False
2874144,gate_40,10,False,False
2874249,gate_40,4,False,False
2874268,gate_40,12,False,False
2874285,gate_30,14,True,False
2874529,gate_30,63,True,False
2874625,gate_30,16,True,False
2874673,gate_40,24,True,False
2874760,gate_40,4,False,False
2874836,gate_30,7,False,False
2874845,gate_30,24,True,False
2875016,gate_30,89,False,False
2875198,gate_40,21,True,False
2875253,gate_30,17,False,False
2875310,gate_30,159,True,True
2875312,gate_30,69,True,False
2875476,gate_30,73,True,False
2875563,gate_30,14,True,False
2875597,gate_30,198,True,True
2875644,gate_30,13,False,False
2875861,gate_40,23,True,False
2875889,gate_30,72,True,False
2875941,gate_30,11,False,False
2875970,gate_40,6,False,False
2876200,gate_30,1,False,False
2876251,gate_30,1,False,False
2876552,gate_30,4,False,False
2876660,gate_30,23,True,False
2876669,gate_40,161,True,False
2876716,gate_30,98,True,False
2876752,gate_30,44,True,False
2876863,gate_40,100,True,True
2877109,gate_30,6,False,False
2877134,gate_40,31,True,False
2877439,gate_30,86,True,False
2877638,gate_30,344,True,False
2877871,gate_40,33,False,False
2877926,gate_40,97,True,False
2878028,gate_30,2,False,False
2878306,gate_40,8,False,False
2878313,gate_40,32,False,False
2878409,gate_40,23,False,False
2878552,gate_30,14,False,False
2878577,gate_30,34,False,False
2878584,gate_40,102,True,False
2878760,gate_40,68,True,False
2878811,gate_30,25,True,False
2879104,gate_40,10,False,False
2879194,gate_30,20,True,False
2879198,gate_30,1,False,False
2879213,gate_30,10,False,False
2879376,gate_40,0,False,False
2879579,gate_30,39,True,True
2879626,gate_30,0,False,False
2879748,gate_30,4,False,False
2879892,gate_40,9,False,False
2879948,gate_30,8,True,False
2879967,gate_30,13,True,False
2879995,gate_30,12,True,False
2880189,gate_30,108,False,False
2880393,gate_30,116,True,True
2880433,gate_40,79,True,True
2880558,gate_30,44,True,False
2880608,gate_40,29,False,False
2880766,gate_40,1,False,False
2881206,gate_40,23,True,False
2881240,gate_30,7,False,False
2881321,gate_40,3,False,False
2881324,gate_40,50,True,False
2881431,gate_40,1,False,False
2881615,gate_30,18,True,False
2881655,gate_30,18,True,False
2881683,gate_30,4,False,False
2881775,gate_40,165,True,False
2881928,gate_40,42,True,True
2881969,gate_30,19,False,False
2882160,gate_40,11,True,False
2882176,gate_40,3,False,False
2882287,gate_30,132,True,True
2882321,gate_40,13,True,False
2882435,gate_30,36,True,False
2882442,gate_30,7,True,False
2882602,gate_30,19,True,False
2882631,gate_40,1,False,False
2882670,gate_40,14,False,False
2882700,gate_30,4,False,False
2882841,gate_40,8,False,False
2882864,gate_30,111,True,True
2883049,gate_40,126,True,False
2883118,gate_40,68,True,False
2883450,gate_30,29,True,True
2883691,gate_40,173,True,True
2884336,gate_40,2,False,False
2884354,gate_30,14,False,False
2884359,gate_30,50,True,False
2884442,gate_30,2,False,False
2884532,gate_40,31,True,False
2884820,gate_40,20,True,False
2884939,gate_30,57,True,False
2885011,gate_40,36,False,False
2885068,gate_40,9,True,False
2885096,gate_40,39,False,False
2885401,gate_30,2,False,False
2885501,gate_40,13,False,False
2885570,gate_30,6,False,False
2885710,gate_40,11,False,True
2885743,gate_30,41,True,True
2885842,gate_40,511,True,True
2885917,gate_40,22,False,True
2886302,gate_40,296,True,True
2886451,gate_30,81,True,False
2886458,gate_40,10,False,False
2886638,gate_30,50,True,True
2886661,gate_30,21,True,False
2886819,gate_40,163,True,True
2886930,gate_30,7,False,False
2886963,gate_40,17,False,False
2887036,gate_30,2,True,False
2887124,gate_40,29,False,False
2887129,gate_30,105,True,False
2887152,gate_30,11,False,False
2887176,gate_40,4,False,False
2887193,gate_30,81,True,True
2887802,gate_40,5,True,False
2888169,gate_40,1,False,False
2888189,gate_30,2,False,False
2888244,gate_30,26,False,True
2888584,gate_30,8,False,False
2888585,gate_30,1,False,False
2888680,gate_40,2,False,False
2888781,gate_30,39,True,False
2888784,gate_40,5,False,False
2888920,gate_40,87,False,True
2889231,gate_30,45,True,False
2889285,gate_30,2,False,False
2889389,gate_30,3,False,False
2889718,gate_40,6,False,False
2889921,gate_40,74,False,True
2889989,gate_40,47,True,False
2890225,gate_40,5,True,False
2890348,gate_30,34,False,False
2890360,gate_40,1,False,False
2890661,gate_40,30,True,False
2890775,gate_40,28,True,False
2890871,gate_30,6,True,False
2890919,gate_40,201,True,True
2890957,gate_30,17,False,False
2891227,gate_30,67,False,False
2891277,gate_30,35,True,False
2891294,gate_40,3,True,False
2891312,gate_30,20,False,False
2891329,gate_40,1,False,False
2891485,gate_40,109,True,True
2891529,gate_40,16,True,False
2891664,gate_30,2,False,False
2891674,gate_30,0,False,False
2892017,gate_30,10,False,False
2892257,gate_40,4,False,False
2892267,gate_30,3,False,False
2892369,gate_40,3,False,False
2892482,gate_30,136,True,False
2892506,gate_30,6,False,False
2892536,gate_30,8,False,False
2892593,gate_30,4,False,False
2892684,gate_40,0,False,False
2892819,gate_40,93,True,True
2892872,gate_30,6,False,False
2893127,gate_30,161,True,False
2893207,gate_30,323,True,True
2893249,gate_30,5,False,False
2893340,gate_30,12,False,False
2893342,gate_40,4,False,False
2893430,gate_40,7,False,False
2893550,gate_30,2,False,False
2894045,gate_40,4,False,False
2894227,gate_40,22,True,False
2894632,gate_30,9,False,False
2894926,gate_40,1,False,False
2894967,gate_40,14,False,False
2894996,gate_40,19,False,True
2895087,gate_30,42,False,False
2895112,gate_30,6,False,False
2895236,gate_40,21,False,False
2895329,gate_30,124,True,False
2895483,gate_40,7,False,False
2895589,gate_40,1,False,False
2895731,gate_40,61,True,True
2895878,gate_30,96,True,True
2895881,gate_30,17,False,False
2896006,gate_30,25,True,False
2896240,gate_30,21,True,True
2896266,gate_30,4,False,False
2896599,gate_40,42,True,False
2896600,gate_30,2,True,False
2896737,gate_30,33,False,False
2896775,gate_40,18,True,False
2896776,gate_40,18,False,False
2896890,gate_30,40,True,False
2897068,gate_40,47,True,False
2897488,gate_40,1,False,False
2897550,gate_40,25,True,False
2897865,gate_30,15,True,False
2897931,gate_30,86,True,False
2898244,gate_40,123,True,True
2898254,gate_30,517,True,True
2898633,gate_30,41,True,False
2898686,gate_30,29,False,False
2898777,gate_40,239,True,True
2898893,gate_40,1,False,False
2899054,gate_30,105,True,True
2899509,gate_30,26,True,False
2900214,gate_30,29,False,True
2900239,gate_30,48,False,True
2900432,gate_30,19,False,False
2900908,gate_30,11,False,False
2900949,gate_40,294,True,False
2901030,gate_40,12,False,False
2901351,gate_30,2,False,False
2901373,gate_30,13,False,False
2901718,gate_40,52,False,True
2901724,gate_30,17,True,False
2901742,gate_30,114,True,False
2901902,gate_30,190,True,True
2901903,gate_40,6,False,False
2901955,gate_30,5,True,False
2902050,gate_30,176,True,True
2902136,gate_40,29,True,False
2902157,gate_30,39,True,False
2902307,gate_40,19,False,False
2902401,gate_30,5,False,False
2902457,gate_40,9,False,False
2902613,gate_40,155,False,True
2902676,gate_30,31,True,False
2902806,gate_40,3,False,False
2902917,gate_40,3,False,False
2902988,gate_40,85,True,False
2903013,gate_40,1,False,False
2903070,gate_30,37,False,False
2903109,gate_30,6,False,False
2903170,gate_40,1,False,False
2903175,gate_40,59,True,False
2903246,gate_30,11,True,True
2903280,gate_30,43,True,False
2904026,gate_30,49,False,True
2904100,gate_30,37,False,False
2904641,gate_30,4,False,False
2904772,gate_30,25,True,False
2904836,gate_40,2,False,False
2905359,gate_30,17,False,False
2905509,gate_30,7,False,False
2905609,gate_30,21,False,False
2905658,gate_40,128,True,False
2905819,gate_30,59,False,True
2906034,gate_30,0,False,False
2906233,gate_40,20,False,False
2906275,gate_30,52,True,True
2906277,gate_30,57,True,True
2906338,gate_30,46,False,False
2906441,gate_30,270,True,True
2906479,gate_40,11,True,True
2906525,gate_30,77,False,False
2906884,gate_40,132,True,False
2906987,gate_30,1,False,False
2907128,gate_40,15,False,False
2907241,gate_40,50,True,False
2907308,gate_40,0,False,False
2907433,gate_40,220,False,True
2907547,gate_40,8,False,False
2907556,gate_40,4,False,False
2907566,gate_30,35,True,True
2907858,gate_40,1,False,False
2907882,gate_30,91,True,True
2908077,gate_30,5,True,False
2908090,gate_30,16,True,False
2908154,gate_30,14,False,False
2908277,gate_30,179,True,True
2908382,gate_30,34,False,True
2908417,gate_30,14,True,False
2908494,gate_40,1,False,False
2908587,gate_30,125,True,False
2908636,gate_40,11,False,False
2908733,gate_40,11,True,False
2908741,gate_30,26,True,True
2908916,gate_40,45,True,False
2908976,gate_40,2,False,False
2909011,gate_30,78,True,True
2909028,gate_30,5,False,False
2909056,gate_30,1,False,False
2909080,gate_40,4,False,False
2909519,gate_30,12,False,False
2909617,gate_40,7,False,False
2909682,gate_30,71,False,True
2909703,gate_40,21,True,False
2909779,gate_30,6,False,False
2909835,gate_40,5,False,False
2909944,gate_40,2,False,False
2910336,gate_30,209,True,True
2910523,gate_40,236,True,True
2910671,gate_30,25,True,False
2910672,gate_30,34,True,False
2910673,gate_40,6,False,False
2910766,gate_40,33,True,False
2910813,gate_30,6,True,False
2910850,gate_30,4,True,False
2911012,gate_30,16,True,False
2911015,gate_30,20,True,False
2911030,gate_30,13,True,False
2911173,gate_30,4,False,False
2911257,gate_40,4,False,False
2911498,gate_40,2,False,False
2911620,gate_30,28,True,False
2911695,gate_40,22,True,False
2911910,gate_40,8,False,False
2911917,gate_40,149,True,True
2911949,gate_40,9,True,False
2912096,gate_30,2,False,False
2912209,gate_30,4,False,False
2912320,gate_30,87,True,False
2912391,gate_30,70,True,True
2912526,gate_30,11,False,False
2912542,gate_30,234,True,True
2913185,gate_40,59,True,False
2913190,gate_40,272,True,True
2913222,gate_30,11,False,False
2913258,gate_30,33,False,False
2913315,gate_40,1,False,False
2913359,gate_30,47,False,False
2913381,gate_30,98,False,False
2913402,gate_40,102,True,True
2913633,gate_30,196,True,True
2913638,gate_40,1,False,False
2913683,gate_30,219,True,True
2914057,gate_40,12,False,False
2914091,gate_40,9,False,False
2914172,gate_40,61,True,False
2914219,gate_30,910,True,True
2914347,gate_30,1,False,False
2914429,gate_40,1,False,False
2914430,gate_30,2,True,False
2914581,gate_40,184,True,True
2914632,gate_30,32,True,False
2914659,gate_30,3,False,False
2914669,gate_30,21,False,False
2914679,gate_30,33,False,False
2914704,gate_30,1245,True,True
2914819,gate_30,35,True,False
2914876,gate_40,0,False,False
2915044,gate_30,5,False,False
2915135,gate_40,6,True,False
2915220,gate_40,7,False,False
2915232,gate_30,45,True,False
2915444,gate_30,29,True,False
2915721,gate_30,10,False,False
2915789,gate_30,40,True,False
2915828,gate_30,83,True,False
2915921,gate_40,1,False,False
2915994,gate_30,208,True,False
2916052,gate_30,20,True,False
2916090,gate_30,19,False,False
2916256,gate_30,1,False,False
2916417,gate_40,77,False,False
2916441,gate_40,2,False,False
2916478,gate_30,2,False,False
2916990,gate_30,70,True,False
2917032,gate_30,12,False,False
2917090,gate_30,1,False,False
2917191,gate_40,27,True,False
2917371,gate_40,44,False,False
2917463,gate_40,9,False,False
2917590,gate_40,119,True,False
2917656,gate_40,30,True,False
2918003,gate_40,77,True,True
2918018,gate_40,36,False,False
2918053,gate_40,34,True,False
2918061,gate_30,94,True,True
2918073,gate_30,96,True,False
2918077,gate_40,14,False,False
2918086,gate_40,39,False,False
2918104,gate_40,62,False,False
2918142,gate_40,0,False,False
2918482,gate_30,0,False,False
2918592,gate_40,28,True,False
2918733,gate_30,215,True,True
2918899,gate_40,2,False,False
2919033,gate_40,6,False,False
2919048,gate_30,6,False,False
2919201,gate_30,52,True,False
2919315,gate_40,23,False,False
2919350,gate_30,1,False,False
2919365,gate_30,71,True,True
2919475,gate_40,41,False,False
2919489,gate_30,164,True,False
2919566,gate_30,25,False,False
2919594,gate_30,13,False,False
2919663,gate_30,17,True,False
2919876,gate_40,1,False,False
2919978,gate_30,76,True,False
2920009,gate_40,1,False,False
2920087,gate_30,21,True,False
2920168,gate_30,164,True,True
2920501,gate_30,16,False,False
2920665,gate_30,0,False,False
2920672,gate_30,4,False,False
2920704,gate_40,21,True,False
2920762,gate_40,3,False,False
2921123,gate_30,110,True,False
2921494,gate_40,50,True,False
2921507,gate_30,21,False,False
2921551,gate_30,7,False,False
2921598,gate_30,11,True,False
2921697,gate_40,16,True,False
2921698,gate_40,49,True,False
2922207,gate_30,58,True,False
2922424,gate_30,1,False,False
2922425,gate_30,76,True,True
2922473,gate_40,80,True,False
2922525,gate_40,5,False,False
2922858,gate_30,1300,True,True
2922939,gate_30,16,True,False
2923024,gate_40,0,False,False
2923100,gate_40,4,False,False
2923150,gate_40,15,False,False
2923224,gate_40,1,False,False
2923376,gate_30,0,False,False
2923561,gate_40,236,True,True
2923616,gate_40,81,False,True
2923671,gate_30,33,True,False
2923754,gate_30,29,True,False
2923862,gate_30,47,True,False
2924001,gate_40,29,True,False
2924074,gate_30,23,False,False
2924102,gate_40,3,False,False
2924220,gate_40,13,False,True
2924234,gate_30,37,True,False
2924292,gate_40,4,False,False
2924382,gate_40,13,False,False
2924492,gate_40,27,True,False
2924542,gate_40,31,True,False
2924719,gate_30,87,True,True
2925051,gate_30,25,True,False
2925078,gate_40,423,True,True
2925115,gate_40,101,True,False
2925146,gate_30,59,True,True
2925196,gate_30,2,False,False
2925336,gate_40,1,False,False
2925744,gate_40,0,False,False
2925866,gate_30,25,True,False
2925896,gate_30,1,False,False
2925916,gate_40,19,True,False
2926132,gate_40,3,False,False
2926162,gate_30,3,False,False
2926623,gate_40,5,False,False
2926762,gate_40,37,False,False
2926813,gate_40,0,False,False
2926931,gate_30,16,True,False
2927010,gate_30,2,False,False
2927052,gate_30,12,True,False
2927120,gate_30,111,False,False
2927157,gate_30,9,False,False
2927165,gate_40,55,True,False
2927196,gate_40,2,False,False
2927280,gate_30,43,True,False
2927376,gate_40,56,True,True
2927417,gate_40,88,True,False
2927492,gate_30,162,True,True
2927587,gate_30,7,False,False
2927777,gate_40,17,False,False
2927887,gate_40,81,False,False
2927903,gate_40,4,False,False
2928012,gate_30,10,True,False
2928033,gate_40,42,False,False
2928108,gate_30,65,True,False
2928115,gate_30,74,True,False
2928299,gate_30,17,False,False
2928321,gate_30,16,False,False
2928593,gate_40,9,False,False
2928630,gate_30,54,False,False
2928638,gate_40,2,False,False
2928642,gate_30,16,False,False
2928667,gate_30,37,False,False
2928676,gate_40,278,True,True
2928693,gate_40,25,True,False
2928702,gate_40,0,False,False
2928738,gate_40,53,True,False
2928937,gate_40,74,True,False
2928938,gate_30,42,True,False
2929231,gate_40,11,False,False
2929387,gate_30,673,True,True
2929426,gate_40,31,True,False
2929459,gate_40,2,False,False
2929620,gate_40,22,False,False
2929729,gate_40,205,True,False
2929770,gate_40,46,True,False
2929810,gate_30,17,False,False
2930111,gate_30,61,True,True
2930202,gate_40,5,False,False
2930290,gate_40,1559,True,True
2930324,gate_40,12,True,False
2930373,gate_40,29,True,False
2930389,gate_30,14,True,False
2930514,gate_40,26,False,False
2930515,gate_30,6,False,False
2930575,gate_40,122,True,True
2931185,gate_40,162,True,True
2931200,gate_40,40,True,True
2931276,gate_30,4,False,False
2931427,gate_30,12,False,False
2931495,gate_40,62,True,False
2931692,gate_40,392,True,True
2931720,gate_30,35,True,False
2931730,gate_40,1,False,False
2931733,gate_40,38,False,False
2931843,gate_40,399,True,True
2931932,gate_40,12,True,False
2932236,gate_30,5,False,False
2932268,gate_30,61,True,False
2932552,gate_40,10,False,False
2932553,gate_40,21,False,False
2932567,gate_40,202,True,True
2932688,gate_30,12,False,False
2932783,gate_30,36,False,True
2932829,gate_40,16,False,False
2932907,gate_30,15,False,False
2932958,gate_30,24,True,False
2933119,gate_40,22,True,False
2933171,gate_30,174,True,True
2933251,gate_40,37,False,True
2933257,gate_40,0,False,False
2933292,gate_30,45,True,False
2933613,gate_40,95,True,True
2933625,gate_30,6,False,False
2933655,gate_40,58,True,False
2933699,gate_30,2,False,False
2933845,gate_40,17,False,False
2933870,gate_30,43,False,True
2934246,gate_40,3,True,False
2934405,gate_40,5,False,False
2934589,gate_30,859,True,False
2934830,gate_40,252,True,True
2934895,gate_40,255,True,False
2935006,gate_30,358,True,True
2935054,gate_40,5,False,False
2935261,gate_30,4,False,False
2935480,gate_40,18,False,False
2935731,gate_40,7,True,True
2935754,gate_30,7,False,False
2935779,gate_40,33,True,False
2936014,gate_40,422,True,True
2936089,gate_30,26,True,False
2936108,gate_40,15,False,False
2936306,gate_40,81,True,False
2936458,gate_40,0,False,False
2936630,gate_30,207,True,False
2936700,gate_30,11,False,False
2936790,gate_30,414,True,True
2937008,gate_40,8,False,False
2937220,gate_40,28,False,False
2937286,gate_40,4,False,False
2937313,gate_30,41,False,True
2937425,gate_30,22,False,False
2937660,gate_40,11,False,False
2937674,gate_30,146,True,False
2937889,gate_30,25,True,False
2937952,gate_40,4,False,False
2937961,gate_30,8,False,False
2937962,gate_40,54,True,False
2938002,gate_30,16,False,False
2938122,gate_40,21,False,False
2938386,gate_30,90,True,False
2938420,gate_30,63,True,False
2938510,gate_30,63,True,True
2938569,gate_40,3,False,False
2938623,gate_30,13,True,False
2938714,gate_40,11,False,False
2938927,gate_40,0,False,False
2939179,gate_40,10,False,False
2939199,gate_30,60,True,False
2939235,gate_40,10,False,False
2939830,gate_30,133,True,True
2939889,gate_30,13,False,False
2939900,gate_40,27,True,False
2939960,gate_30,10,False,False
2940103,gate_30,26,True,False
2940355,gate_40,9,True,False
2940444,gate_30,47,True,False
2940474,gate_30,14,False,False
2940732,gate_40,7,False,False
2940764,gate_40,13,False,False
2940918,gate_30,74,False,False
2940931,gate_40,6,False,False
2940976,gate_40,84,True,False
2941016,gate_30,8,False,False
2941141,gate_40,2,False,False
2941223,gate_40,28,True,True
2941235,gate_30,12,False,False
2941315,gate_40,5,False,False
2941418,gate_40,47,True,False
2941424,gate_30,131,True,True
2941569,gate_30,4,False,False
2941605,gate_40,32,True,False
2941737,gate_40,5,False,False
2941870,gate_30,10,False,False
2941946,gate_40,23,True,False
2942022,gate_40,67,True,False
2942216,gate_40,8,True,False
2942276,gate_30,41,True,False
2942309,gate_40,22,False,False
2942326,gate_40,2,True,True
2942443,gate_30,1,False,False
2942470,gate_40,20,True,False
2942476,gate_40,6,False,False
2942720,gate_30,1,False,False
2942732,gate_30,2,True,False
2942882,gate_40,4,True,False
2942923,gate_30,10,True,False
2943167,gate_40,2,False,False
2943172,gate_30,59,True,True
2943200,gate_40,51,False,False
2943556,gate_30,34,True,False
2943557,gate_40,0,False,False
2943608,gate_30,23,True,False
2944177,gate_40,30,False,False
2944307,gate_40,19,False,False
2944408,gate_40,651,True,True
2944566,gate_30,41,False,False
2944592,gate_40,39,True,False
2944634,gate_40,38,False,False
2944647,gate_40,59,True,False
2944680,gate_30,209,True,True
2944699,gate_40,2,False,False
2944890,gate_30,1,False,False
2944932,gate_40,156,True,True
2945237,gate_30,14,True,False
2945254,gate_40,26,True,False
2945256,gate_40,85,True,False
2945647,gate_30,18,False,False
2945710,gate_30,33,False,False
2945793,gate_40,23,True,False
2945828,gate_30,2,False,False
2945943,gate_30,2,False,False
2945975,gate_40,91,True,False
2946044,gate_40,64,True,False
2946108,gate_30,21,True,False
2946152,gate_40,3,False,False
2946200,gate_40,36,False,False
2946210,gate_30,68,True,False
2946230,gate_30,7,False,False
2946236,gate_30,12,False,False
2946528,gate_30,3,False,True
2946598,gate_30,19,False,False
2946633,gate_40,8,False,False
2946665,gate_40,6,False,False
2946687,gate_40,13,False,False
2946814,gate_30,49,True,False
2946838,gate_30,28,False,False
2946971,gate_40,4,False,False
2947009,gate_30,96,True,True
2947068,gate_30,10,False,False
2947152,gate_40,370,True,True
2947185,gate_40,147,True,True
2947372,gate_30,2,False,False
2947474,gate_30,17,False,False
2947642,gate_30,101,True,False
2947984,gate_30,2,False,False
2948101,gate_30,251,True,True
2948312,gate_30,1,False,False
2948358,gate_30,1,False,False
2948449,gate_30,3,False,False
2948682,gate_40,153,True,True
2948848,gate_40,59,True,False
2948888,gate_40,46,True,False
2948997,gate_30,523,True,True
2949000,gate_30,1,False,False
2949005,gate_30,37,True,False
2949007,gate_40,12,False,False
2949081,gate_30,7,False,False
2949109,gate_30,95,True,False
2949221,gate_30,4,False,False
2949345,gate_30,53,True,True
2949721,gate_40,2,False,False
2949742,gate_40,173,True,True
2949863,gate_40,96,True,False
2949963,gate_40,5,False,False
2950178,gate_30,43,True,False
2950288,gate_30,17,True,False
2950321,gate_30,4,False,False
2950684,gate_40,56,True,True
2950701,gate_40,43,False,True
2950884,gate_40,32,True,False
2950925,gate_30,218,True,False
2951047,gate_30,6,False,False
2951106,gate_40,23,True,False
2951258,gate_30,142,True,False
2951649,gate_40,14,False,False
2951749,gate_40,90,True,False
2952056,gate_30,6,False,False
2952099,gate_30,177,True,True
2952171,gate_40,8,True,False
2952227,gate_30,13,False,False
2952344,gate_40,18,False,False
2952421,gate_30,18,True,False
2952468,gate_40,101,True,False
2952726,gate_40,280,True,True
2952820,gate_40,21,False,False
2952857,gate_40,24,True,False
2953058,gate_30,10,True,False
2953436,gate_40,6,True,False
2953529,gate_40,6,False,False
2953675,gate_40,64,True,True
2953783,gate_40,74,True,False
2953928,gate_40,6,False,False
2954053,gate_40,19,False,False
2954069,gate_40,5,False,False
2954100,gate_40,14,False,False
2954243,gate_30,1,False,False
2954348,gate_40,36,True,False
2954523,gate_40,3,False,False
2954605,gate_40,10,False,False
2954682,gate_40,16,True,False
2954807,gate_30,8,False,False
2954988,gate_30,15,True,False
2955338,gate_30,56,True,True
2955455,gate_40,24,False,False
2955941,gate_30,2,False,False
2955995,gate_30,2,False,False
2956166,gate_30,15,True,False
2956268,gate_30,76,True,False
2956357,gate_40,42,False,False
2956375,gate_30,0,False,False
2956408,gate_40,56,False,False
2956548,gate_30,1,False,False
2956634,gate_30,13,False,False
2956686,gate_30,1,True,False
2956911,gate_40,14,True,False
2956983,gate_40,620,True,True
2957021,gate_40,138,True,False
2957274,gate_40,41,True,False
2957314,gate_40,9,True,False
2957374,gate_40,54,False,False
2957397,gate_30,0,False,False
2957502,gate_40,7,False,False
2957595,gate_40,35,True,False
2957758,gate_40,7,False,False
2957775,gate_40,6,False,False
2957913,gate_30,14,False,False
2958249,gate_40,12,False,False
2958340,gate_40,3,False,False
2958452,gate_40,204,True,True
2958592,gate_30,2,False,False
2958608,gate_30,159,True,True
2958727,gate_30,70,False,True
2958737,gate_40,13,False,False
2958846,gate_40,7,False,False
2958918,gate_40,5,False,False
2959044,gate_30,1,False,False
2959161,gate_40,71,True,False
2959251,gate_40,3,False,False
2959312,gate_30,12,False,False
2959342,gate_30,18,True,False
2959438,gate_30,43,False,True
2959729,gate_30,64,True,False
2959852,gate_30,39,True,False
2959858,gate_40,68,True,False
2959977,gate_30,4,True,False
2960352,gate_30,8,False,False
2960756,gate_40,42,False,False
2960925,gate_40,14,True,False
2961019,gate_30,3,False,False
2961076,gate_40,79,True,False
2961113,gate_30,14,False,False
2961347,gate_40,657,True,True
2961387,gate_40,6,False,False
2961712,gate_40,91,True,False
2961722,gate_40,31,True,False
2961802,gate_30,1,True,False
2961881,gate_30,6,False,False
2961927,gate_40,3,False,False
2961994,gate_40,38,False,False
2962019,gate_30,1,False,False
2962067,gate_40,8,False,False
2962341,gate_30,33,True,True
2962429,gate_40,11,False,False
2962480,gate_40,91,True,False
2962493,gate_30,3,False,False
2962562,gate_30,74,False,True
2962570,gate_40,83,True,True
2962814,gate_30,3,False,False
2962839,gate_30,28,True,False
2963129,gate_40,23,True,False
2963138,gate_30,14,False,False
2963217,gate_40,5,False,False
2963560,gate_40,9,True,False
2963726,gate_40,97,True,False
2963789,gate_40,39,True,False
2963845,gate_30,33,False,False
2964075,gate_40,2,False,False
2964089,gate_40,61,True,False
2964292,gate_40,38,False,False
2964474,gate_30,139,True,True
2964513,gate_30,551,True,True
2964523,gate_30,2,False,False
2964644,gate_30,49,True,False
2964727,gate_40,0,False,False
2964745,gate_40,25,False,False
2964815,gate_40,16,False,False
2964824,gate_30,43,False,False
2964858,gate_40,20,True,False
2965429,gate_30,1,False,False
2965443,gate_40,13,False,False
2965650,gate_40,87,True,True
2965791,gate_40,37,True,True
2965800,gate_30,23,True,False
2966064,gate_40,22,False,False
2966127,gate_40,60,False,False
2966209,gate_30,16,False,False
2966401,gate_30,74,False,False
2966647,gate_40,36,True,False
2966692,gate_30,7,True,False
2966714,gate_30,43,False,False
2966896,gate_30,263,True,True
2966980,gate_40,19,False,False
2967202,gate_30,1,False,False
2967223,gate_30,7,True,True
2967297,gate_40,13,False,False
2967499,gate_40,16,True,False
2967583,gate_40,1,False,False
2967819,gate_30,29,True,False
2968177,gate_30,8,False,False
2968259,gate_40,6,False,False
2968270,gate_30,3,False,False
2968292,gate_30,36,True,False
2968555,gate_40,50,False,False
2968633,gate_30,8,False,False
2968639,gate_30,34,False,False
2968707,gate_30,3,False,False
2968802,gate_30,107,True,False
2968849,gate_30,9,False,False
2968953,gate_40,57,True,False
2969079,gate_30,5,False,False
2969171,gate_30,11,True,False
2969183,gate_30,66,True,False
2969191,gate_40,1,False,False
2969218,gate_40,4,False,True
2969221,gate_40,24,True,True
2969241,gate_40,5,False,False
2969722,gate_30,33,False,False
2969724,gate_40,24,False,False
2969805,gate_30,8,False,False
2969852,gate_40,13,True,False
2969854,gate_30,65,True,False
2969918,gate_40,131,False,True
2970528,gate_30,86,True,True
2970728,gate_40,12,False,True
2970751,gate_30,3,False,False
2971036,gate_40,1,False,False
2971091,gate_30,27,False,False
2971094,gate_30,280,True,True
2971099,gate_30,7,False,False
2971164,gate_40,3,False,False
2971352,gate_30,18,True,True
2971527,gate_30,25,True,False
2971640,gate_40,227,False,True
2971788,gate_30,1,True,False
2971876,gate_40,18,True,False
2971893,gate_30,1,False,False
2972161,gate_40,1,False,False
2973011,gate_30,11,True,False
2973056,gate_40,12,True,False
2973224,gate_40,19,True,False
2973256,gate_40,41,True,False
2973438,gate_40,60,True,True
2973519,gate_30,2,False,False
2974009,gate_40,42,True,False
2974165,gate_30,27,True,False
2974187,gate_40,12,False,False
2974328,gate_40,3,True,False
2974528,gate_30,3,False,False
2974577,gate_30,4,True,False
2974580,gate_40,1,False,False
2974733,gate_30,24,False,False
2974742,gate_30,3,False,False
2974870,gate_40,3,False,False
2974875,gate_40,13,True,False
2974899,gate_40,43,True,False
2974921,gate_40,144,False,True
2975043,gate_40,183,False,True
2975422,gate_30,3,False,False
2975467,gate_40,1,False,False
2975543,gate_40,2,False,False
2975634,gate_30,1,False,False
2975676,gate_30,11,False,False
2975678,gate_40,0,False,False
2975904,gate_40,65,True,False
2976062,gate_30,8,False,False
2976178,gate_40,6,False,False
2976202,gate_40,23,True,False
2976239,gate_40,82,False,False
2976350,gate_30,52,True,False
2976361,gate_40,83,True,False
2976413,gate_30,23,False,False
2976446,gate_40,69,True,False
2976455,gate_30,20,False,False
2976635,gate_30,161,True,True
2976639,gate_40,0,False,False
2976967,gate_40,21,True,False
2977191,gate_30,5,False,False
2977658,gate_30,114,True,False
2977680,gate_30,357,True,True
2977890,gate_40,0,False,False
2977914,gate_40,4,False,False
2977939,gate_30,16,True,False
2977963,gate_40,32,True,False
2978144,gate_40,157,True,True
2978236,gate_30,16,True,False
2978259,gate_30,21,True,False
2978263,gate_40,97,False,False
2978466,gate_40,8,False,False
2978492,gate_30,131,True,False
2978516,gate_30,35,True,False
2978554,gate_30,79,True,False
2978745,gate_40,12,False,False
2978823,gate_40,9,True,False
2978828,gate_40,0,False,False
2978881,gate_30,74,True,False
2978932,gate_40,46,False,False
2979130,gate_40,38,True,False
2979134,gate_30,26,True,False
2979164,gate_30,4,False,False
2979312,gate_30,4,False,False
2979324,gate_40,2,False,False
2979385,gate_30,197,True,True
2979390,gate_40,18,True,False
2979474,gate_40,57,False,False
2979500,gate_40,30,True,False
2979625,gate_40,2,False,False
2979827,gate_40,2,False,False
2979873,gate_30,67,True,False
2980356,gate_30,41,True,False
2980510,gate_40,0,False,False
2980519,gate_40,6,False,False
2980821,gate_40,42,False,True
2980873,gate_40,32,True,False
2981160,gate_30,4,False,False
2981171,gate_40,12,True,False
2981200,gate_40,32,False,False
2981287,gate_30,1,False,False
2981315,gate_40,24,True,False
2981429,gate_40,143,True,True
2981438,gate_40,21,True,False
2981467,gate_30,10,False,False
2981476,gate_40,332,True,True
2981507,gate_30,18,False,False
2981701,gate_40,167,True,True
2981776,gate_40,23,False,False
2981826,gate_40,19,False,False
2981959,gate_40,113,True,False
2982235,gate_40,3,False,False
2982303,gate_40,12,False,False
2982616,gate_30,106,False,True
2982744,gate_40,2,False,False
2982909,gate_40,31,True,True
2982934,gate_30,35,False,False
2983033,gate_30,8,False,False
2983262,gate_40,9,False,False
2983295,gate_40,42,True,False
2983417,gate_30,46,True,False
2983436,gate_40,1,False,False
2983458,gate_40,4,False,False
2983472,gate_30,5,False,True
2983492,gate_40,5,False,False
2983707,gate_40,35,True,True
2983736,gate_30,248,True,True
2983747,gate_40,3,False,False
2983849,gate_40,1,False,False
2983922,gate_30,1,False,False
2984026,gate_40,259,True,False
2984108,gate_30,117,True,True
2984237,gate_40,126,True,True
2984341,gate_30,12,True,False
2984445,gate_40,228,False,False
2984525,gate_40,9,False,False
2984587,gate_40,1,False,False
2984599,gate_40,28,True,False
2984663,gate_30,59,True,False
2984710,gate_40,37,True,False
2985016,gate_30,1,True,True
2985033,gate_30,27,True,False
2985230,gate_40,0,False,False
2985241,gate_30,5,False,False
2985394,gate_40,0,True,False
2985652,gate_40,0,False,False
2985730,gate_40,3,False,False
2985732,gate_40,3,False,False
2985788,gate_30,11,False,False
2985863,gate_30,25,False,False
2985875,gate_40,21,False,False
2986013,gate_30,14,False,False
2986239,gate_30,100,True,True
2986269,gate_30,199,True,True
2986472,gate_40,2,False,False
2986538,gate_40,1,False,False
2986547,gate_30,81,True,False
2986596,gate_30,47,True,False
2987033,gate_40,5,False,False
2987168,gate_30,19,False,True
2987493,gate_30,513,True,True
2987533,gate_30,300,True,True
2987731,gate_40,16,True,False
2987868,gate_40,9,False,False
2987899,gate_30,68,True,True
2988050,gate_40,444,True,True
2988111,gate_30,57,True,False
2988126,gate_40,17,False,False
2988300,gate_30,50,True,False
2988543,gate_40,38,False,False
2988742,gate_30,50,False,True
2988976,gate_30,14,False,False
2989008,gate_40,27,True,False
2989386,gate_30,99,True,False
2989544,gate_40,130,True,False
2989821,gate_40,50,True,False
2990015,gate_40,16,False,False
2990056,gate_30,215,True,True
2990085,gate_40,75,True,True
2990191,gate_30,30,True,False
2990475,gate_30,265,True,True
2990499,gate_30,4,False,False
2990572,gate_40,34,True,False
2990590,gate_40,1,False,False
2990618,gate_30,2,False,False
2990898,gate_30,7,False,False
2991223,gate_40,415,True,True
2991346,gate_30,20,False,False
2991361,gate_30,24,True,True
2991575,gate_40,25,True,False
2991602,gate_40,2,False,False
2991833,gate_40,6,False,False
2991918,gate_40,83,False,True
2991933,gate_30,82,True,False
2991987,gate_30,30,True,False
2992010,gate_30,37,False,False
2992069,gate_40,97,True,True
2992166,gate_30,16,False,False
2992172,gate_30,7,False,False
2992637,gate_30,160,True,False
2992771,gate_40,28,False,False
2993052,gate_30,9,False,False
2993053,gate_30,32,True,False
2993056,gate_30,1097,True,True
2993067,gate_30,22,False,False
2993319,gate_40,253,True,True
2993426,gate_30,3,False,False
2993436,gate_40,311,True,True
2993578,gate_40,280,True,True
2993819,gate_40,30,True,False
2993888,gate_30,0,False,False
2994081,gate_30,10,False,False
2994098,gate_40,24,False,True
2994100,gate_40,16,False,False
2994176,gate_30,37,True,False
2994355,gate_40,111,True,True
2994364,gate_40,33,True,False
2994433,gate_30,108,True,False
2994518,gate_40,23,False,False
2994857,gate_30,2,True,False
2994927,gate_40,9,False,False
2994931,gate_40,0,False,False
2994982,gate_40,7,False,False
2995069,gate_40,457,True,True
2995178,gate_30,60,True,True
2995213,gate_40,76,True,True
2995433,gate_30,57,True,False
2995549,gate_40,4,False,False
2995963,gate_30,36,True,False
2995994,gate_30,8,False,False
2996035,gate_30,48,True,True
2996124,gate_30,2,False,False
2996126,gate_40,8,False,False
2996289,gate_40,75,True,False
2996347,gate_30,50,True,True
2996597,gate_40,441,True,True
2996830,gate_30,60,True,True
2996905,gate_40,70,True,False
2996924,gate_40,34,True,False
2997165,gate_40,70,False,False
2997239,gate_30,1,False,False
2997272,gate_40,13,True,False
2997464,gate_40,2,False,False
2997480,gate_30,33,True,True
2997714,gate_40,71,True,True
2997777,gate_40,1,False,False
2997843,gate_40,341,True,True
2997853,gate_30,36,True,False
2997933,gate_40,16,False,False
2998016,gate_30,29,True,False
2998330,gate_40,122,True,True
2998452,gate_40,71,True,False
2998502,gate_30,1,False,False
2998544,gate_40,61,False,False
2998649,gate_40,3,False,False
2998800,gate_40,9,False,False
2998826,gate_30,5,False,False
2998844,gate_30,13,False,False
2998959,gate_30,30,False,True
2999048,gate_30,27,True,False
2999219,gate_40,11,False,False
2999258,gate_40,2,False,False
2999322,gate_40,7,False,False
2999480,gate_30,1,False,False
2999643,gate_40,321,True,True
2999881,gate_40,99,True,False
3000101,gate_30,9,False,False
3000240,gate_30,10,False,False
3000274,gate_40,11,True,False
3000415,gate_30,5,False,False
3000439,gate_30,3,False,False
3000524,gate_30,20,False,False
3000547,gate_40,0,False,False
3000588,gate_30,1491,True,True
3000818,gate_30,18,False,False
3000954,gate_30,50,True,False
3001349,gate_30,0,False,False
3001381,gate_40,9,False,False
3001399,gate_30,5,False,False
3001442,gate_40,13,False,False
3001495,gate_30,5,False,False
3001571,gate_40,4,False,False
3001664,gate_40,11,False,False
3001783,gate_40,27,False,False
3001863,gate_40,10,True,False
3001900,gate_40,21,False,False
3002069,gate_30,6,False,False
3002207,gate_30,123,True,False
3002532,gate_30,5,False,False
3002797,gate_30,11,False,False
3002849,gate_40,157,False,False
3003020,gate_30,8,False,False
3003107,gate_30,1,False,False
3003376,gate_30,22,True,False
3003401,gate_30,8,False,False
3003475,gate_40,20,False,False
3003536,gate_40,0,False,False
3003613,gate_40,2,False,False
3003625,gate_40,31,True,True
3003708,gate_30,77,True,True
3003779,gate_40,85,False,False
3003844,gate_40,6,False,False
3004075,gate_30,2,False,False
3004251,gate_40,138,True,True
3004413,gate_30,0,False,False
3004532,gate_30,0,False,False
3004690,gate_40,16,True,False
3004834,gate_30,113,True,True
3004987,gate_30,189,True,False
3005769,gate_30,8,False,False
3005817,gate_40,2,False,False
3006006,gate_30,18,False,False
3006057,gate_30,122,False,True
3006234,gate_40,112,True,False
3006239,gate_30,3,False,False
3006323,gate_40,10,True,False
3006380,gate_30,16,False,False
3006571,gate_40,3,False,False
3006597,gate_40,50,False,False
3006618,gate_30,10,False,False
3006666,gate_30,36,True,False
3007102,gate_40,6,False,False
3007160,gate_30,55,True,False
3007164,gate_40,17,False,False
3007309,gate_40,34,True,True
3007435,gate_30,28,True,False
3007564,gate_30,1,False,False
3007700,gate_30,44,False,True
3007712,gate_40,378,True,True
3007885,gate_40,80,True,True
3007972,gate_30,7,False,False
3007978,gate_40,23,True,False
3008013,gate_30,10,False,False
3008109,gate_40,52,True,False
3008265,gate_30,3,False,False
3008426,gate_30,2,False,False
3008429,gate_30,3,False,False
3008670,gate_40,227,True,True
3008684,gate_30,10,False,True
3008694,gate_40,15,True,False
3008781,gate_40,88,False,False
3008819,gate_40,8,True,False
3008971,gate_40,583,True,True
3008993,gate_30,1,False,False
3009012,gate_40,2,False,False
3009117,gate_30,54,True,False
3009188,gate_40,569,True,True
3009401,gate_30,5,False,False
3009407,gate_40,40,True,False
3009468,gate_30,9,False,False
3009638,gate_30,9,False,False
3009696,gate_40,5,False,False
3009824,gate_40,4,False,False
3009865,gate_30,181,True,False
3009906,gate_30,2,False,False
3010001,gate_30,42,False,False
3010233,gate_40,24,True,False
3010266,gate_30,4,False,False
3010403,gate_30,1,False,False
3010411,gate_40,1,False,False
3010547,gate_40,16,False,False
3010638,gate_40,31,False,True
3010866,gate_40,4,False,False
3011040,gate_30,3,False,False
3011135,gate_30,6,False,False
3011404,gate_40,16,False,False
3011482,gate_40,9,False,False
3011594,gate_40,31,False,False
3011660,gate_30,96,True,False
3011721,gate_30,38,True,False
3011925,gate_30,42,False,False
3011943,gate_40,49,True,True
3011944,gate_30,0,False,False
3011958,gate_40,2,False,False
3012046,gate_30,174,True,True
3012050,gate_40,27,False,True
3012198,gate_30,8,False,False
3012208,gate_40,65,True,False
3012403,gate_30,28,True,False
3012497,gate_40,32,True,True
3012514,gate_30,54,True,False
3012709,gate_30,15,False,False
3012718,gate_40,15,False,False
3012747,gate_30,182,False,True
3012801,gate_40,73,True,False
3012902,gate_40,10,False,False
3013067,gate_40,73,False,True
3013127,gate_30,0,False,False
3013311,gate_30,0,False,False
3013467,gate_30,4,False,True
3013475,gate_40,5,False,False
3013502,gate_40,149,True,True
3013532,gate_40,228,True,True
3013560,gate_40,20,False,False
3013617,gate_30,20,False,False
3013683,gate_40,2,False,False
3013822,gate_30,56,True,False
3013837,gate_40,7,True,False
3014095,gate_30,10,False,False
3014557,gate_40,28,False,False
3014763,gate_30,2,False,False
3014979,gate_40,14,False,False
3015023,gate_30,1,False,False
3015235,gate_30,45,False,False
3015283,gate_30,144,False,False
3015439,gate_40,6,False,False
3015448,gate_30,15,False,False
3015533,gate_40,33,False,False
3015537,gate_40,7,False,False
3015596,gate_30,45,True,False
3015786,gate_40,662,True,True
3015819,gate_40,13,False,False
3015906,gate_40,158,True,True
3016072,gate_30,8,True,False
3016173,gate_40,4,True,False
3016302,gate_30,15,False,False
3016521,gate_40,4,False,False
3016528,gate_30,9,False,False
3016530,gate_40,6,False,False
3016560,gate_30,11,False,False
3016753,gate_30,6,False,False
3016781,gate_40,59,False,False
3016785,gate_40,221,True,True
3016807,gate_30,2,False,True
3017074,gate_30,3,False,False
3017195,gate_40,2,False,False
3017267,gate_30,84,True,True
3017270,gate_30,3,False,False
3017332,gate_40,9,True,False
3017390,gate_30,43,True,False
3017419,gate_40,15,True,False
3017448,gate_30,86,True,False
3017557,gate_40,2,False,False
3017627,gate_30,19,False,False
3017757,gate_40,1,False,False
3017813,gate_40,54,True,False
3017861,gate_40,214,True,False
3017867,gate_40,13,False,False
3017900,gate_30,32,True,False
3018213,gate_30,49,False,False
3018226,gate_40,7,False,False
3018238,gate_40,1,False,False
3018470,gate_40,65,True,True
3018664,gate_30,0,False,False
3018794,gate_30,22,True,False
3018892,gate_40,0,False,False
3018894,gate_30,3,True,False
3018996,gate_40,65,True,True
3019575,gate_40,30,True,False
3019888,gate_30,18,True,True
3019987,gate_40,3,False,False
3020074,gate_40,27,False,False
3020112,gate_30,14,False,False
3020344,gate_40,34,False,True
3020371,gate_40,112,True,True
3020608,gate_40,2,False,False
3020623,gate_30,6,False,False
3020728,gate_40,3,False,False
3020737,gate_40,127,True,True
3020754,gate_30,1522,True,True
3020809,gate_40,2,True,False
3021390,gate_30,20,True,False
3021392,gate_30,29,True,False
3021596,gate_30,1,False,False
3021730,gate_30,128,True,False
3021958,gate_40,83,True,False
3022050,gate_30,10,False,False
3022092,gate_30,8,False,False
3022227,gate_30,38,True,False
3022275,gate_30,3,False,False
3022494,gate_30,70,False,True
3022498,gate_40,38,False,False
3022559,gate_30,49,True,False
3022722,gate_40,18,False,False
3023130,gate_40,9,True,False
3023236,gate_40,535,True,True
3023318,gate_40,1,False,False
3023342,gate_30,52,True,False
3023367,gate_30,15,False,False
3023438,gate_30,88,False,True
3023449,gate_40,32,True,False
3023548,gate_40,87,True,False
3023757,gate_30,3,False,False
3023785,gate_40,26,True,False
3023787,gate_40,5,False,False
3024053,gate_30,27,False,False
3024197,gate_40,2,False,False
3024259,gate_30,24,False,False
3024405,gate_30,68,True,False
3024408,gate_30,4,False,False
3024481,gate_30,123,True,False
3024681,gate_40,148,True,True
3024749,gate_40,9,False,False
3024831,gate_40,6,False,False
3024878,gate_30,65,True,False
3024938,gate_30,38,True,False
3024974,gate_40,2,False,False
3025039,gate_40,4,False,False
3025108,gate_30,9,True,False
3025252,gate_30,3,False,False
3025572,gate_40,0,False,False
3025632,gate_30,263,True,True
3025774,gate_30,23,True,True
3025827,gate_30,11,False,False
3026042,gate_40,21,False,True
3026144,gate_30,198,True,True
3026201,gate_40,13,True,False
3026255,gate_30,3,False,False
3026299,gate_30,5,False,False
3026303,gate_30,97,True,True
3026578,gate_40,43,True,False
3026861,gate_40,38,False,False
3026952,gate_30,15,False,False
3026987,gate_30,213,True,False
3027067,gate_30,4,False,False
3027148,gate_40,2,False,False
3027194,gate_30,154,False,False
3027242,gate_40,226,True,True
3027263,gate_30,0,False,False
3027283,gate_40,4,False,False
3027421,gate_30,1,False,False
3027593,gate_40,178,True,False
3027716,gate_40,13,False,False
3028007,gate_40,21,False,False
3028380,gate_30,38,False,False
3028438,gate_40,35,True,False
3028690,gate_30,11,False,False
3028802,gate_40,1,False,False
3028815,gate_40,4,False,False
3028820,gate_30,8,False,False
3028822,gate_30,124,True,True
3028826,gate_30,166,True,True
3028827,gate_30,29,True,False
3028936,gate_30,2,False,False
3029079,gate_30,2,False,False
3029350,gate_40,10,False,False
3029355,gate_40,117,True,True
3029522,gate_30,200,True,False
3029669,gate_40,11,False,False
3029695,gate_40,3,True,False
3029726,gate_30,1,False,False
3029877,gate_30,5,False,False
3029910,gate_30,50,True,False
3030111,gate_30,74,True,True
3030364,gate_40,9,False,False
3030371,gate_40,46,True,False
3030379,gate_30,4,False,False
3030399,gate_30,179,True,True
3030489,gate_40,1,False,False
3030541,gate_30,54,True,False
3030552,gate_30,555,True,True
3030679,gate_30,4,False,False
3030695,gate_30,3,False,False
3030696,gate_30,30,False,False
3030774,gate_40,180,True,True
3030775,gate_40,100,True,True
3030919,gate_30,79,True,True
3030947,gate_30,24,False,False
3031444,gate_40,72,True,False
3031451,gate_40,7,False,False
3031612,gate_30,0,False,False
3031690,gate_40,11,True,False
3031792,gate_30,10,False,False
3031831,gate_40,0,False,False
3031950,gate_30,3,False,False
3032212,gate_30,6,False,False
3032253,gate_30,49,False,False
3032363,gate_40,69,True,False
3032389,gate_30,59,True,True
3032436,gate_40,5,False,False
3032493,gate_30,14,True,False
3032574,gate_40,545,True,True
3032611,gate_40,64,True,False
3032619,gate_30,3,False,False
3032620,gate_30,17,False,False
3032624,gate_40,3,False,False
3032660,gate_40,65,True,False
3032777,gate_30,214,True,False
3032873,gate_30,0,False,False
3033200,gate_30,15,True,False
3033260,gate_40,3,False,False
3033286,gate_30,31,True,False
3033325,gate_30,11,True,False
3033489,gate_30,8,False,False
3033502,gate_40,13,True,False
3033525,gate_40,13,False,False
3033637,gate_40,9,True,False
3033815,gate_40,59,True,False
3033938,gate_40,31,False,False
3034066,gate_30,497,True,True
3034128,gate_30,1,False,False
3034391,gate_30,36,True,False
3034697,gate_40,6,False,False
3034757,gate_30,2,False,False
3034833,gate_30,2,False,False
3034895,gate_40,5,False,False
3035098,gate_40,281,True,True
3035180,gate_30,12,True,False
3035262,gate_30,11,False,False
3035305,gate_40,27,False,False
3035332,gate_40,56,True,True
3035570,gate_40,59,True,True
3035639,gate_40,14,True,False
3035661,gate_30,96,False,True
3035917,gate_30,94,True,True
3036183,gate_40,6,False,False
3036481,gate_30,13,True,False
3036656,gate_30,16,True,True
3036798,gate_40,431,True,True
3036920,gate_40,48,True,False
3036953,gate_30,4,False,False
3036972,gate_30,3,True,False
3037085,gate_30,23,True,False
3037132,gate_40,15,False,True
3037138,gate_30,9,False,False
3037248,gate_30,1061,True,True
3038032,gate_30,18,False,False
3038418,gate_40,40,True,False
3038504,gate_40,18,False,False
3038679,gate_40,3,False,False
3038865,gate_30,24,True,False
3039059,gate_30,57,True,False
3039123,gate_40,2,False,False
3039180,gate_30,72,True,True
3039204,gate_30,23,True,False
3039257,gate_40,271,True,False
3039263,gate_40,28,True,False
3039416,gate_40,133,True,True
3039901,gate_40,33,False,False
3039925,gate_30,40,True,False
3039930,gate_30,6,False,False
3040480,gate_40,18,False,True
3040572,gate_30,13,True,False
3040865,gate_30,9,False,False
3041018,gate_40,4,False,False
3041031,gate_40,0,False,False
3041205,gate_30,3,False,False
3041268,gate_30,2,False,False
3041429,gate_30,11,True,True
3041569,gate_40,3,False,False
3041602,gate_40,38,True,True
3041657,gate_30,31,True,False
3041666,gate_30,40,True,False
3041829,gate_30,0,False,False
3042051,gate_40,6,False,False
3042181,gate_40,13,False,False
3042188,gate_40,3,False,False
3042251,gate_30,41,False,False
3042272,gate_40,177,True,True
3042278,gate_40,3,True,False
3042306,gate_30,139,True,False
3042454,gate_30,1,False,False
3042565,gate_40,230,True,True
3042697,gate_30,79,False,False
3042730,gate_30,12,False,False
3042978,gate_40,9,False,False
3042996,gate_30,16,False,False
3043084,gate_30,19,False,False
3043165,gate_30,8,False,False
3043215,gate_30,125,True,False
3043377,gate_40,47,True,False
3043506,gate_40,60,True,False
3043510,gate_30,2,False,False
3043570,gate_40,513,True,True
3043622,gate_30,2,False,False
3043699,gate_40,115,False,True
3043742,gate_30,9,False,False
3043826,gate_30,261,True,True
3043939,gate_40,6,False,False
3043971,gate_30,18,False,False
3044065,gate_30,25,False,False
3044179,gate_40,68,True,True
3044294,gate_30,6,False,False
3044345,gate_40,7,False,False
3044459,gate_40,0,True,False
3044468,gate_30,19,False,False
3044553,gate_40,5,False,True
3044703,gate_40,4,False,False
3044812,gate_40,56,True,False
3044964,gate_30,325,True,True
3044986,gate_30,59,False,False
3045916,gate_30,5,False,False
3045959,gate_40,15,False,False
3045985,gate_40,9,True,False
3046071,gate_40,45,True,True
3046126,gate_30,2,False,False
3046137,gate_30,247,True,True
3046265,gate_40,14,False,False
3046309,gate_40,0,False,False
3046343,gate_40,32,True,False
3046445,gate_40,0,False,False
3046453,gate_30,33,False,False
3046650,gate_30,1,False,False
3046684,gate_30,15,False,False
3046756,gate_40,184,True,True
3046983,gate_30,589,True,True
3047128,gate_40,39,True,False
3047184,gate_30,3,False,False
3047211,gate_30,4,False,False
3047286,gate_40,56,True,False
3047312,gate_30,5,True,False
3047380,gate_30,2,False,False
3047695,gate_40,7,True,False
3047757,gate_30,22,False,False
3047769,gate_30,216,True,True
3047806,gate_30,314,True,True
3048110,gate_30,24,True,False
3048202,gate_40,39,False,True
3048227,gate_30,42,True,False
3048466,gate_30,10,True,False
3048791,gate_30,6,False,False
3048971,gate_40,1,False,False
3049080,gate_30,5,False,False
3049162,gate_30,258,True,True
3049168,gate_30,6,False,False
3049202,gate_40,4,False,False
3049249,gate_40,11,False,False
3049260,gate_30,2,False,False
3049411,gate_30,73,True,True
3049423,gate_40,16,False,False
3049507,gate_30,127,True,False
3049792,gate_40,9,False,False
3050058,gate_40,129,True,True
3050299,gate_40,65,True,False
3050420,gate_40,64,True,True
3050424,gate_30,3,False,False
3050438,gate_40,13,True,False
3050552,gate_30,0,False,False
3050759,gate_30,7,False,False
3050922,gate_40,124,True,True
3051086,gate_40,20,True,False
3051153,gate_30,41,True,False
3051192,gate_30,2,False,False
3051435,gate_30,0,False,False
3051450,gate_30,50,True,False
3051471,gate_30,1,False,False
3051512,gate_40,2,False,False
3051590,gate_30,44,False,False
3051687,gate_40,7,False,False
3051862,gate_30,14,True,False
3051863,gate_40,1,False,False
3051943,gate_30,19,True,False
3051955,gate_30,21,False,False
3052013,gate_30,65,True,True
3052052,gate_30,9,False,False
3052145,gate_30,1,False,False
3052576,gate_30,5,False,False
3052732,gate_40,342,True,True
3052782,gate_30,169,False,True
3052790,gate_30,10,False,False
3052841,gate_30,0,False,False
3053136,gate_30,14,False,False
3053384,gate_40,9,False,False
3053418,gate_30,11,False,False
3053460,gate_40,2,False,False
3053463,gate_30,18,True,False
3053838,gate_40,103,True,True
3054041,gate_40,0,False,False
3054312,gate_40,66,True,False
3054388,gate_40,5,True,False
3054530,gate_40,57,True,False
3054532,gate_40,3,False,False
3054680,gate_30,44,True,False
3054697,gate_30,13,False,False
3054705,gate_30,156,True,True
3054804,gate_30,8,False,False
3054864,gate_30,31,False,False
3055006,gate_30,0,False,False
3055115,gate_30,12,False,False
3055361,gate_30,2,False,False
3055424,gate_40,20,True,False
3055460,gate_30,26,False,False
3055514,gate_30,1,False,False
3055555,gate_40,24,True,False
3055556,gate_30,23,True,False
3055594,gate_40,91,True,True
3055621,gate_30,1,False,False
3055671,gate_40,1,False,False
3055677,gate_40,19,True,False
3055681,gate_30,36,True,False
3055710,gate_30,88,True,False
3055758,gate_30,14,True,False
3055916,gate_40,4,False,False
3055985,gate_30,154,True,False
3056065,gate_40,9,True,False
3056271,gate_40,6,False,False
3056450,gate_30,2,False,False
3056508,gate_30,1,False,False
3056671,gate_30,29,True,True
3056692,gate_40,3,False,False
3056732,gate_30,36,True,False
3056809,gate_40,2,True,False
3056837,gate_30,1,False,False
3056949,gate_40,0,False,False
3057054,gate_30,13,False,False
3057123,gate_30,9,False,False
3057290,gate_30,60,True,False
3057325,gate_30,1,False,False
3057343,gate_40,2,False,False
3057574,gate_30,12,False,False
3057635,gate_30,71,True,False
3057727,gate_40,1,False,False
3057730,gate_30,24,False,False
3057759,gate_30,392,True,True
3057837,gate_40,22,True,False
3057865,gate_40,21,True,False
3057879,gate_40,20,True,False
3057957,gate_30,21,True,True
3058175,gate_40,60,True,True
3058371,gate_30,146,True,True
3058565,gate_40,51,False,False
3058589,gate_30,6,False,False
3058665,gate_30,59,True,False
3058827,gate_40,5,False,False
3058862,gate_40,4,False,False
3058930,gate_30,40,True,False
3058932,gate_30,33,True,False
3059361,gate_40,93,True,True
3059426,gate_30,291,True,False
3059508,gate_30,63,True,False
3059537,gate_30,6,False,False
3059573,gate_30,8,False,False
3059600,gate_30,12,False,False
3059656,gate_40,9,False,False
3059674,gate_30,25,True,False
3059865,gate_30,4,False,False
3059896,gate_40,58,True,True
3060294,gate_40,5,False,False
3060543,gate_30,6,False,False
3060584,gate_30,0,False,False
3060664,gate_40,62,True,False
3060676,gate_40,34,False,False
3060686,gate_40,11,False,False
3060856,gate_30,13,False,False
3060914,gate_40,2,False,False
3061108,gate_40,6,False,False
3061409,gate_30,134,True,True
3061428,gate_40,16,False,False
3061438,gate_30,21,False,False
3061590,gate_40,21,False,False
3061604,gate_30,4,False,False
3061629,gate_30,73,True,False
3061817,gate_30,40,True,False
3061978,gate_40,9,True,False
3061987,gate_40,11,False,False
3062067,gate_40,0,False,False
3062093,gate_30,2,False,False
3062311,gate_30,43,True,False
3062440,gate_30,36,False,False
3062477,gate_30,18,True,False
3062888,gate_30,111,True,True
3063108,gate_40,91,True,False
3063356,gate_30,10,True,False
3063393,gate_30,1,False,False
3063482,gate_30,14,True,False
3063535,gate_30,1,False,False
3063872,gate_40,43,True,False
3063929,gate_30,21,False,False
3064157,gate_30,1714,True,True
3064162,gate_40,5,False,False
3064238,gate_30,34,False,False
3064251,gate_30,26,False,False
3064509,gate_40,349,True,False
3064572,gate_30,4,False,False
3064575,gate_30,20,True,False
3064742,gate_40,3,False,False
3064754,gate_30,107,True,False
3064787,gate_30,24,True,False
3064848,gate_30,41,False,False
3064994,gate_40,3,False,False
3065142,gate_30,68,True,False
3065400,gate_30,3,False,False
3065471,gate_40,1,False,False
3065498,gate_40,7,False,False
3065707,gate_30,95,True,True
3065783,gate_40,22,True,False
3065951,gate_30,5,False,False
3065990,gate_30,345,True,True
3066066,gate_30,11,True,False
3066084,gate_30,27,False,False
3066124,gate_30,0,False,False
3066138,gate_30,13,False,False
3066141,gate_40,4,False,False
3066182,gate_30,18,False,False
3066259,gate_40,6,False,False
3066326,gate_40,42,True,False
3066436,gate_40,9,False,False
3066516,gate_40,5,False,False
3066518,gate_30,3,False,False
3066623,gate_40,5,False,False
3066628,gate_30,123,True,False
3066778,gate_40,52,True,False
3066905,gate_40,24,True,False
3066977,gate_30,675,True,True
3067003,gate_30,5,False,False
3067254,gate_40,5,False,False
3067306,gate_40,0,False,False
3067441,gate_40,2,False,False
3067736,gate_40,1,False,False
3068061,gate_40,1,False,False
3068121,gate_40,15,False,False
3068184,gate_30,51,False,True
3068216,gate_30,42,True,False
3068247,gate_40,1,False,False
3068507,gate_30,8,False,False
3068618,gate_30,8,False,False
3068935,gate_40,162,True,True
3069212,gate_40,5,True,False
3069321,gate_40,6,False,False
3069451,gate_30,1,False,False
3069501,gate_30,19,False,False
3069602,gate_30,33,True,False
3069731,gate_40,4,False,False
3069802,gate_30,19,True,False
3069879,gate_40,109,False,False
3070011,gate_30,1,True,False
3070066,gate_40,3,False,False
3070128,gate_40,6,False,False
3070164,gate_30,372,True,True
3070357,gate_40,62,False,False
3070381,gate_40,20,True,False
3070395,gate_30,21,True,False
3070416,gate_40,39,True,False
3070972,gate_40,0,False,False
3071063,gate_30,18,True,False
3071120,gate_30,7,False,False
3071194,gate_40,184,True,True
3071199,gate_30,0,False,False
3071251,gate_40,3,False,False
3071272,gate_30,4,False,False
3071454,gate_30,6,False,False
3071549,gate_40,5,False,False
3071699,gate_40,14,True,False
3071778,gate_40,3,False,False
3072168,gate_40,172,True,True
3072789,gate_30,42,True,False
3072961,gate_30,33,False,True
3073033,gate_40,2,True,False
3073062,gate_30,49,True,False
3073133,gate_40,5,False,False
3073302,gate_30,1,False,False
3073334,gate_30,26,True,False
3073440,gate_30,162,False,True
3073512,gate_30,2,False,False
3073592,gate_40,140,True,False
3073593,gate_30,33,False,True
3073696,gate_30,19,False,False
3073853,gate_30,12,True,False
3073903,gate_30,213,True,True
3074004,gate_30,12,False,False
3074175,gate_40,20,True,False
3074251,gate_40,0,False,False
3074325,gate_30,4,False,False
3074427,gate_40,28,False,True
3074451,gate_40,19,True,False
3074561,gate_30,68,True,True
3074588,gate_40,134,True,True
3074734,gate_40,67,True,False
3074874,gate_30,23,False,False
3075069,gate_40,26,False,False
3075327,gate_40,51,True,False
3075347,gate_40,3,False,False
3075387,gate_30,4,False,False
3075503,gate_40,1,False,False
3075763,gate_40,19,False,False
3075833,gate_40,20,False,False
3075884,gate_40,2,False,False
3076036,gate_30,4,False,False
3076205,gate_30,18,False,False
3076215,gate_30,119,True,False
3076461,gate_30,24,False,False
3076613,gate_40,14,True,False
3076627,gate_30,73,True,True
3076737,gate_40,159,True,False
3076824,gate_30,1,False,False
3076892,gate_30,5,True,False
3077044,gate_40,44,True,False
3077239,gate_40,16,False,False
3077246,gate_30,104,True,True
3077306,gate_40,33,True,False
3077357,gate_30,104,False,True
3077621,gate_40,3,False,False
3077688,gate_30,13,False,False
3077755,gate_30,82,False,True
3077830,gate_30,14,True,True
3078331,gate_40,0,False,False
3078405,gate_30,105,False,False
3078615,gate_30,10,False,False
3078701,gate_40,95,True,False
3078718,gate_30,7,False,False
3078978,gate_40,5,False,False
3079058,gate_30,65,True,False
3079062,gate_30,280,True,True
3079220,gate_40,7,False,False
3079231,gate_40,12,False,False
3079258,gate_30,18,True,False
3079325,gate_30,59,True,True
3079444,gate_40,29,True,True
3079570,gate_40,25,True,False
3079803,gate_30,14,False,False
3079876,gate_30,1,False,False
3079905,gate_40,0,False,False
3080110,gate_40,21,False,False
3080187,gate_40,376,True,True
3080318,gate_30,59,True,False
3080367,gate_40,10,False,False
3080368,gate_30,149,True,True
3080597,gate_30,53,True,True
3080643,gate_30,5,True,False
3080802,gate_30,200,True,True
3080849,gate_40,3,True,False
3081077,gate_40,18,True,False
3081169,gate_30,14,True,False
3081227,gate_40,0,False,False
3081298,gate_30,4,False,False
3081346,gate_40,7,False,False
3081472,gate_30,21,False,True
3081521,gate_30,0,False,False
3081555,gate_30,7,True,False
3081705,gate_40,4,True,False
3082065,gate_30,5,False,False
3082380,gate_30,48,True,False
3082623,gate_30,458,True,True
3082718,gate_30,47,True,False
3083026,gate_30,28,True,True
3083418,gate_40,301,True,False
3083424,gate_30,0,False,False
3083458,gate_40,23,False,False
3083559,gate_30,526,True,True
3083852,gate_40,5,False,False
3083875,gate_40,27,False,False
3084442,gate_40,61,True,True
3084554,gate_40,281,True,False
3084698,gate_40,0,False,False
3084786,gate_30,288,True,True
3084800,gate_40,5,True,False
3084869,gate_40,30,True,False
3085219,gate_40,137,True,False
3086278,gate_30,15,False,False
3086281,gate_30,852,True,True
3086306,gate_30,17,True,False
3086321,gate_40,2,False,False
3086418,gate_30,41,True,False
3086436,gate_40,7,False,False
3086441,gate_40,0,False,False
3086639,gate_30,60,False,False
3086681,gate_40,25,False,True
3086685,gate_30,83,True,True
3086762,gate_40,62,True,False
3086827,gate_30,8,False,False
3086863,gate_30,30,False,False
3086880,gate_30,22,False,False
3086966,gate_40,5,False,False
3086981,gate_40,1,False,False
3087062,gate_30,47,True,False
3087256,gate_40,8,False,False
3088039,gate_30,2,False,False
3088335,gate_40,29,True,False
3088547,gate_40,15,True,False
3088641,gate_40,66,True,False
3088685,gate_30,13,True,False
3088710,gate_30,10,False,False
3089053,gate_30,1,False,False
3089054,gate_40,17,True,False
3089232,gate_30,8,True,False
3089270,gate_40,24,True,False
3089386,gate_30,48,False,False
3089701,gate_40,58,True,False
3089720,gate_30,77,True,False
3089780,gate_40,1,False,False
3089800,gate_30,997,True,True
3089824,gate_30,45,True,False
3089864,gate_30,52,True,True
3089905,gate_30,3,False,False
3089923,gate_30,26,False,True
3090201,gate_40,0,False,False
3090272,gate_30,223,True,True
3090324,gate_30,43,True,True
3090443,gate_30,9,False,False
3090484,gate_40,8,False,False
3090537,gate_40,46,True,False
3090601,gate_30,8,False,False
3090687,gate_30,55,True,False
3090692,gate_40,8,False,False
3090778,gate_30,0,False,False
3090786,gate_40,2,False,False
3090824,gate_40,26,False,True
3090830,gate_40,4,False,False
3090840,gate_30,1,False,False
3090862,gate_30,17,False,False
3090921,gate_40,5,False,False
3091037,gate_40,100,True,False
3091196,gate_30,8,False,False
3091345,gate_30,1,False,False
3091352,gate_30,2,False,False
3091456,gate_30,2,False,False
3091600,gate_30,4,False,False
3091645,gate_40,10,False,False
3091667,gate_30,4,True,False
3091723,gate_30,5,False,False
3091884,gate_40,12,False,False
3091895,gate_40,30,False,False
3091901,gate_40,108,True,True
3092107,gate_40,20,False,True
3092189,gate_30,12,True,False
3092387,gate_30,5,False,False
3092410,gate_30,5,False,False
3092525,gate_30,50,True,False
3092593,gate_40,40,True,False
3092624,gate_30,0,False,False
3092765,gate_30,9,True,False
3092851,gate_40,82,True,False
3092896,gate_40,2,False,False
3092977,gate_40,11,False,False
3093002,gate_40,9,False,False
3093063,gate_30,3,True,False
3093107,gate_30,12,True,False
3093108,gate_40,56,True,False
3093204,gate_30,106,True,True
3093278,gate_40,35,False,False
3093559,gate_40,2,False,False
3093575,gate_40,22,True,False
3093925,gate_40,15,True,False
3093931,gate_40,58,True,False
3093987,gate_30,4,False,False
3094050,gate_40,16,True,False
3094109,gate_30,678,True,True
3094130,gate_30,8,False,False
3094438,gate_40,5,True,False
3094533,gate_30,0,False,False
3094765,gate_30,340,True,True
3094794,gate_40,4,False,False
3094994,gate_30,4,False,False
3095209,gate_30,8,True,False
3095479,gate_40,8,False,False
3095676,gate_30,15,False,False
3095813,gate_40,27,True,False
3095865,gate_30,7,False,False
3095869,gate_40,13,False,False
3095909,gate_40,0,False,False
3095951,gate_40,20,False,False
3096042,gate_30,1,False,False
3096117,gate_40,2,False,True
3096129,gate_40,41,True,False
3096409,gate_40,48,True,False
3096851,gate_40,4,True,False
3096935,gate_40,20,False,False
3096983,gate_40,2,False,False
3097077,gate_40,6,False,False
3097123,gate_30,134,True,False
3097157,gate_40,0,False,False
3097446,gate_30,1,False,False
3097455,gate_40,39,True,True
3097639,gate_40,85,False,False
3097696,gate_40,323,True,False
3097732,gate_40,92,True,False
3097786,gate_40,2,False,False
3097804,gate_30,15,False,False
3097815,gate_30,316,True,True
3098197,gate_30,5,False,False
3098240,gate_40,0,False,False
3098500,gate_30,3,False,False
3099058,gate_40,112,True,True
3099060,gate_30,5,False,False
3099161,gate_40,23,False,True
3099196,gate_40,21,False,False
3099369,gate_40,65,True,False
3099436,gate_40,31,True,False
3099461,gate_40,19,True,False
3099661,gate_40,42,True,False
3099689,gate_40,34,True,False
3099703,gate_30,3,False,False
3099812,gate_30,29,True,False
3099963,gate_30,17,True,False
3100133,gate_30,126,True,True
3100243,gate_40,847,True,True
3100354,gate_40,66,True,False
3100604,gate_30,33,True,False
3100659,gate_40,34,False,False
3101261,gate_40,2,False,False
3101303,gate_30,0,False,False
3101372,gate_30,6,False,False
3101637,gate_40,373,True,True
3101778,gate_40,2,False,False
3101783,gate_30,5,True,False
3101899,gate_30,73,True,True
3101970,gate_40,19,True,False
3102349,gate_40,2,False,False
3102393,gate_40,7,False,False
3102405,gate_30,12,False,False
3102447,gate_40,73,True,True
3102500,gate_30,2,False,False
3102609,gate_30,1,False,False
3102688,gate_40,18,True,False
3102975,gate_30,192,True,True
3102998,gate_40,67,False,False
3103148,gate_30,507,True,True
3103158,gate_40,269,True,True
3103224,gate_30,10,False,False
3103362,gate_40,292,True,True
3103520,gate_30,3,False,False
3103890,gate_40,0,False,False
3104027,gate_30,21,False,False
3104123,gate_40,9,False,False
3104133,gate_30,257,True,True
3104167,gate_30,39,True,False
3104478,gate_30,13,False,False
3104588,gate_40,75,True,True
3104884,gate_30,20,False,False
3105174,gate_30,7,False,False
3105226,gate_40,32,True,False
3105423,gate_40,12,False,False
3105579,gate_40,7,False,False
3105804,gate_30,1,False,False
3105859,gate_40,214,True,True
3105864,gate_30,0,False,False
3105990,gate_40,2,False,False
3105996,gate_40,18,False,False
3106214,gate_40,28,False,False
3106249,gate_40,312,True,True
3106345,gate_40,3,False,False
3106366,gate_30,1,False,False
3106414,gate_30,9,True,False
3106450,gate_40,7,False,False
3106530,gate_30,4,False,False
3106698,gate_30,55,True,False
3106764,gate_40,11,False,False
3106890,gate_40,30,True,False
3107004,gate_40,16,False,True
3107144,gate_30,38,True,False
3107165,gate_40,251,True,True
3107223,gate_30,26,True,False
3107326,gate_30,1,False,False
3107882,gate_40,15,False,False
3107897,gate_30,4,False,False
3108063,gate_30,7,False,False
3108141,gate_30,1,False,False
3108205,gate_30,8,False,False
3108329,gate_30,3,False,False
3108454,gate_40,167,True,True
3108642,gate_40,115,True,True
3108728,gate_40,25,True,False
3108888,gate_40,3,False,False
3109008,gate_40,4,False,False
3109459,gate_30,35,True,False
3109531,gate_40,34,True,False
3109581,gate_30,40,True,False
3109645,gate_30,1,False,False
3109673,gate_30,1,False,False
3109698,gate_30,2,False,False
3109822,gate_40,24,False,False
3109901,gate_30,222,True,True
3110040,gate_30,31,False,False
3110232,gate_40,1,False,False
3110464,gate_30,398,True,False
3110708,gate_40,61,True,False
3110784,gate_30,102,True,False
3111075,gate_30,47,False,False
3111166,gate_40,66,True,True
3111271,gate_30,3,False,False
3111303,gate_30,5,False,True
3111316,gate_40,59,True,False
3111666,gate_30,9,False,False
3111923,gate_40,0,False,False
3111941,gate_30,39,True,False
3112049,gate_40,31,True,True
3112114,gate_40,98,True,False
3112267,gate_40,14,False,False
3112562,gate_30,62,True,True
3112652,gate_30,559,True,True
3112681,gate_30,37,False,True
3112752,gate_30,9,False,False
3112776,gate_40,69,True,False
3112789,gate_30,229,True,True
3112790,gate_30,10,False,False
3112880,gate_40,2,False,False
3112889,gate_30,2,False,False
3112988,gate_40,2,False,False
3113028,gate_40,19,True,False
3113205,gate_40,3,False,False
3113378,gate_40,309,True,True
3113391,gate_40,4,False,False
3113579,gate_30,19,True,False
3113583,gate_40,9,False,False
3113630,gate_30,39,True,False
3113644,gate_40,7,False,False
3113670,gate_40,0,False,False
3113709,gate_30,47,True,False
3113825,gate_40,4,False,False
3113900,gate_30,0,False,False
3114126,gate_30,9,False,False
3114152,gate_40,80,True,True
3114188,gate_40,10,False,False
3114236,gate_30,11,True,False
3114255,gate_30,103,True,True
3114330,gate_30,59,True,True
3114357,gate_40,198,True,True
3114372,gate_40,4,False,True
3114432,gate_30,14,True,False
3114440,gate_40,0,False,False
3114515,gate_40,5,False,False
3114520,gate_40,3,False,False
3114671,gate_40,21,False,False
3114784,gate_40,1,False,False
3114893,gate_40,4,False,False
3115015,gate_40,5,True,False
3115154,gate_30,92,False,False
3115241,gate_30,11,False,False
3115349,gate_40,21,True,False
3115371,gate_30,0,False,False
3115477,gate_30,1,False,False
3115645,gate_30,8,False,False
3115699,gate_30,16,False,False
3115752,gate_30,5,False,False
3115832,gate_40,55,True,False
3115933,gate_30,14,False,False
3116176,gate_40,1,False,False
3116403,gate_40,59,True,True
3116547,gate_40,21,False,False
3116602,gate_30,42,False,False
3116610,gate_40,1,False,False
3116713,gate_40,1,False,False
3116748,gate_30,11,False,False
3116864,gate_30,1,False,False
3117054,gate_40,48,True,True
3117132,gate_30,46,True,False
3117248,gate_30,8,False,False
3117342,gate_40,17,False,False
3117493,gate_40,266,True,True
3117635,gate_30,0,False,False
3117660,gate_40,2,False,False
3117900,gate_30,25,False,False
3117982,gate_30,11,False,False
3118230,gate_40,48,True,False
3118622,gate_40,25,False,False
3118628,gate_30,63,True,True
3118664,gate_40,31,True,True
3118681,gate_30,9,False,False
3118887,gate_30,0,False,False
3118968,gate_30,58,True,False
3119096,gate_30,0,False,False
3119110,gate_30,3,False,False
3119197,gate_30,132,True,True
3119459,gate_30,21,True,False
3119476,gate_30,2,False,False
3119506,gate_40,0,False,False
3119579,gate_30,55,True,True
3119982,gate_30,7,False,False
3120355,gate_40,8,False,False
3120623,gate_40,41,False,False
3120781,gate_30,8,False,False
3121105,gate_40,7,True,False
3121204,gate_30,21,True,False
3121513,gate_40,301,True,True
3121800,gate_30,225,False,True
3121813,gate_30,1,False,False
3121954,gate_40,7,False,False
3122260,gate_30,5,False,False
3122580,gate_30,71,True,False
3122599,gate_40,51,True,True
3122604,gate_40,157,False,True
3122959,gate_30,66,True,False
3123270,gate_30,43,False,False
3123398,gate_30,0,False,False
3123565,gate_40,7,True,False
3123583,gate_30,2,False,False
3123615,gate_40,26,False,False
3123621,gate_40,4,False,False
3123758,gate_30,31,False,False
3123816,gate_30,41,True,True
3124049,gate_30,3,False,False
3124136,gate_40,2,False,False
3124293,gate_30,164,True,False
3124305,gate_40,3,False,False
3124337,gate_40,42,False,False
3124350,gate_40,8,True,False
3124515,gate_30,9,False,False
3124586,gate_40,10,False,False
3124771,gate_30,12,True,False
3125268,gate_40,5,False,False
3125407,gate_30,45,True,False
3125471,gate_30,43,True,False
3125587,gate_30,4,False,False
3125717,gate_30,147,True,False
3125722,gate_30,36,False,False
3125735,gate_40,19,True,True
3125749,gate_40,5,False,False
3125767,gate_40,20,True,False
3125776,gate_30,142,True,True
3125798,gate_40,29,False,False
3125808,gate_40,14,False,False
3126086,gate_40,31,False,False
3126235,gate_40,23,False,False
3126353,gate_30,8,False,False
3126375,gate_30,14,True,False
3126491,gate_40,594,True,True
3126583,gate_30,39,True,False
3126604,gate_40,14,True,False
3126615,gate_30,10,True,False
3126771,gate_30,23,True,False
3126859,gate_30,6,False,False
3127090,gate_30,9,False,False
3127126,gate_30,34,True,True
3127175,gate_40,111,True,False
3127332,gate_30,29,True,False
3127441,gate_40,22,True,False
3127569,gate_40,5,False,False
3127731,gate_30,87,True,True
3127739,gate_30,6,False,False
3127909,gate_30,18,True,False
3127971,gate_30,3,False,False
3127979,gate_40,12,True,False
3128038,gate_40,8,False,False
3128057,gate_40,7,False,False
3128191,gate_40,0,False,False
3128196,gate_30,127,True,True
3128384,gate_30,42,True,False
3128443,gate_40,25,True,False
3128629,gate_30,19,False,False
3128748,gate_30,236,True,False
3128756,gate_30,1,False,False
3128889,gate_40,52,False,False
3129156,gate_30,17,True,False
3129200,gate_40,44,False,False
3129237,gate_30,5,False,False
3129256,gate_30,4,False,False
3129267,gate_40,118,True,True
3129280,gate_40,0,False,False
3129317,gate_30,87,True,True
3129395,gate_40,1,False,False
3129436,gate_40,24,False,False
3129441,gate_40,10,True,False
3129461,gate_30,305,True,True
3129620,gate_40,10,False,False
3129623,gate_40,64,True,False
3129731,gate_40,24,True,False
3129775,gate_30,13,False,False
3129796,gate_30,2,False,False
3129883,gate_30,177,True,False
3130254,gate_40,28,False,False
3130258,gate_40,11,False,False
3130444,gate_40,24,False,False
3130486,gate_40,2,False,False
3130492,gate_30,26,False,False
3130611,gate_30,5,False,False
3130705,gate_40,4,True,False
3130855,gate_40,8,False,False
3130927,gate_30,55,False,True
3130979,gate_30,12,True,True
3131247,gate_30,13,False,False
3131258,gate_40,72,True,False
3131269,gate_40,21,True,False
3131872,gate_30,61,True,False
3132010,gate_30,33,True,False
3132032,gate_30,4,False,False
3132033,gate_30,113,False,True
3132066,gate_40,30,True,False
3132265,gate_30,87,True,True
3132278,gate_30,4,False,False
3132316,gate_40,6,False,False
3132383,gate_30,13,False,False
3132391,gate_40,4,False,False
3132569,gate_40,13,False,False
3132609,gate_40,314,True,False
3132758,gate_40,90,True,True
3132777,gate_30,23,True,False
3132902,gate_40,4,False,False
3133013,gate_30,1,False,False
3133095,gate_30,3,False,False
3133260,gate_30,20,True,False
3133275,gate_40,63,True,False
3133300,gate_30,3,False,False
3133425,gate_30,85,True,True
3133606,gate_30,6,False,False
3133712,gate_40,1,False,False
3133737,gate_30,48,True,True
3133745,gate_30,27,True,False
3134061,gate_30,335,True,False
3134145,gate_40,580,True,True
3134409,gate_30,21,True,True
3134522,gate_40,40,True,False
3134770,gate_40,113,True,True
3134812,gate_40,60,True,False
3134914,gate_40,10,False,False
3134965,gate_30,3,False,False
3135124,gate_30,1,False,False
3135335,gate_30,1,False,False
3135338,gate_40,41,True,False
3135685,gate_40,103,True,True
3135717,gate_30,25,True,True
3135948,gate_30,2,True,True
3135977,gate_30,0,False,False
3136026,gate_40,26,True,False
3136129,gate_30,34,False,False
3136196,gate_40,9,False,False
3136245,gate_40,121,True,True
3136381,gate_30,6,False,False
3136470,gate_30,1,False,False
3136564,gate_40,6,False,False
3136870,gate_40,48,False,False
3136900,gate_40,180,False,True
3136930,gate_40,268,True,True
3136948,gate_40,2,False,False
3136982,gate_40,34,True,False
3136984,gate_40,14,False,False
3137057,gate_40,90,True,False
3137157,gate_40,0,False,False
3137354,gate_30,8,False,False
3137523,gate_40,1,False,False
3137542,gate_40,4,False,False
3137558,gate_30,21,True,False
3137658,gate_40,4,False,False
3137723,gate_30,26,True,False
3137772,gate_30,128,True,False
3137972,gate_30,7,False,False
3138038,gate_40,20,True,True
3138042,gate_30,205,True,True
3138076,gate_40,11,False,False
3138131,gate_30,20,True,False
3138304,gate_40,2,False,False
3138358,gate_40,0,False,False
3138513,gate_30,61,False,True
3138622,gate_40,35,True,False
3138728,gate_30,8,False,False
3139134,gate_40,127,True,False
3139136,gate_30,10,True,False
3139260,gate_40,2,False,False
3139301,gate_30,91,True,False
3139432,gate_40,25,True,False
3139671,gate_30,53,True,False
3139722,gate_40,9,False,False
3139818,gate_40,3,False,False
3139854,gate_40,3,False,False
3139868,gate_30,74,True,False
3140291,gate_40,3,False,False
3140441,gate_30,28,False,False
3140484,gate_30,6,False,False
3140547,gate_30,41,True,False
3140668,gate_40,15,True,False
3140697,gate_30,7,False,False
3140958,gate_30,151,True,True
3141114,gate_40,2,False,False
3141344,gate_30,0,False,False
3141587,gate_40,11,True,False
3141626,gate_30,34,False,False
3141950,gate_40,1,False,False
3142018,gate_40,15,True,False
3142025,gate_30,1,False,False
3142289,gate_30,0,False,False
3142349,gate_40,52,False,False
3142723,gate_30,3,False,False
3143114,gate_30,1,False,False
3143166,gate_40,8,False,False
3143303,gate_40,21,False,False
3143332,gate_30,19,True,False
3143355,gate_40,28,False,False
3143436,gate_40,114,True,True
3143437,gate_30,25,True,False
3143528,gate_30,28,True,False
3143536,gate_30,9,False,False
3143745,gate_30,0,False,False
3143813,gate_30,2,False,False
3143916,gate_40,13,True,True
3143925,gate_30,33,True,False
3143983,gate_40,2,False,False
3144037,gate_40,12,False,False
3144051,gate_40,202,True,True
3144057,gate_40,277,True,False
3144265,gate_40,6,False,False
3144338,gate_30,28,False,False
3144359,gate_30,9,False,False
3144374,gate_30,8,False,False
3144406,gate_30,43,True,True
3144471,gate_30,29,True,False
3144479,gate_30,181,True,True
3144524,gate_30,26,False,False
3144556,gate_30,3,False,False
3144735,gate_40,5,False,False
3144746,gate_30,106,True,False
3145018,gate_30,48,True,False
3145101,gate_40,38,True,False
3145162,gate_40,9,False,False
3145259,gate_40,58,True,False
3145382,gate_40,66,True,False
3145416,gate_30,3,True,False
3145847,gate_30,5,False,False
3146016,gate_40,51,False,True
3146630,gate_30,1,False,False
3146681,gate_30,170,True,True
3146704,gate_30,70,False,False
3146714,gate_30,40,True,False
3146916,gate_30,46,True,False
3147078,gate_40,273,True,True
3147098,gate_30,14,False,False
3147377,gate_30,4,False,False
3147384,gate_30,11,True,False
3147676,gate_40,46,False,False
3147795,gate_40,2,True,False
3147796,gate_30,6,False,False
3147811,gate_40,12,True,False
3148001,gate_30,31,False,False
3148130,gate_30,15,False,False
3148420,gate_30,6,False,False
3148480,gate_40,2,False,False
3148562,gate_40,443,True,True
3148574,gate_30,6,True,False
3148796,gate_40,1,False,False
3148859,gate_40,2,False,False
3148875,gate_40,8,False,False
3148878,gate_40,18,True,False
3148946,gate_30,1,False,False
3148999,gate_40,4,True,False
3149046,gate_40,60,True,False
3149069,gate_40,12,False,False
3149092,gate_30,40,False,False
3149569,gate_40,306,True,True
3149586,gate_40,20,True,False
3149653,gate_40,38,True,False
3149809,gate_40,139,True,True
3150122,gate_40,380,True,True
3150299,gate_40,15,False,False
3150953,gate_40,1,False,False
3151140,gate_40,32,True,False
3151356,gate_40,115,True,False
3151445,gate_40,41,False,False
3151642,gate_30,23,False,False
3151651,gate_30,88,False,False
3151714,gate_30,82,False,False
3151807,gate_40,5,True,False
3151880,gate_30,3,False,False
3151959,gate_30,9,False,False
3152055,gate_40,5,False,False
3152596,gate_30,30,False,True
3152840,gate_30,103,True,True
3153202,gate_40,4,False,False
3153353,gate_30,104,True,True
3153361,gate_40,58,True,False
3153522,gate_30,45,True,True
3153712,gate_30,38,True,False
3153756,gate_40,21,True,False
3154004,gate_40,122,True,False
3154182,gate_40,35,True,False
3154305,gate_40,6,False,False
3154395,gate_40,65,True,True
3154613,gate_30,3,False,False
3154921,gate_30,5,False,False
3155163,gate_40,65,True,False
3155203,gate_40,7,False,False
3155265,gate_30,14,True,False
3155325,gate_30,0,False,False
3155350,gate_40,21,False,False
3155613,gate_40,17,False,False
3155659,gate_30,0,False,False
3155939,gate_40,52,False,False
3156197,gate_30,8,True,False
3156326,gate_30,41,True,True
3156413,gate_30,36,False,False
3156435,gate_40,1,False,False
3156479,gate_30,130,True,False
3156564,gate_40,18,True,False
3156641,gate_30,285,False,True
3156677,gate_40,342,True,True
3156716,gate_30,481,True,True
3157236,gate_40,23,False,False
3157310,gate_30,43,False,False
3157401,gate_30,20,True,True
3157404,gate_30,19,True,True
3157534,gate_30,39,False,True
3157784,gate_40,13,True,False
3157909,gate_40,15,False,False
3158010,gate_30,8,False,False
3158148,gate_40,100,True,True
3158174,gate_30,388,True,True
3158289,gate_30,3,False,False
3158553,gate_30,98,True,False
3158572,gate_40,2,False,False
3158648,gate_40,2,False,False
3158807,gate_30,62,False,True
3159025,gate_40,62,True,False
3159196,gate_40,13,False,False
3159392,gate_40,7,False,False
3159506,gate_40,3,False,False
3159509,gate_40,186,False,True
3159512,gate_40,9,False,False
3159521,gate_40,10,False,False
3159646,gate_40,15,True,False
3159828,gate_40,8,True,False
3160024,gate_30,9,False,False
3160063,gate_40,23,True,False
3160180,gate_30,50,False,False
3160427,gate_40,0,False,False
3160507,gate_30,11,True,False
3160676,gate_30,384,True,True
3160804,gate_30,3,False,False
3160929,gate_40,15,True,False
3160939,gate_30,2,False,False
3161001,gate_40,30,True,False
3161235,gate_40,100,True,True
3161261,gate_30,21,True,False
3161338,gate_40,4,False,False
3161434,gate_40,11,False,False
3161464,gate_30,27,False,False
3161485,gate_40,359,True,False
3161510,gate_40,2,False,False
3161566,gate_40,24,True,False
3161749,gate_40,2,False,False
3161755,gate_30,51,False,False
3162029,gate_40,17,True,False
3162124,gate_40,32,True,False
3162166,gate_30,11,True,False
3162214,gate_40,15,False,False
3162238,gate_30,62,True,False
3162331,gate_40,1,False,False
3162375,gate_40,6,False,False
3162635,gate_40,40,True,False
3162722,gate_40,393,True,False
3162724,gate_30,237,True,True
3162770,gate_30,5,False,False
3162828,gate_40,140,True,True
3163068,gate_30,5,False,False
3163156,gate_40,5,False,False
3163258,gate_40,105,True,False
3163285,gate_30,35,True,False
3163305,gate_40,9,False,False
3163418,gate_40,3,False,False
3163490,gate_40,0,False,False
3163617,gate_40,723,True,True
3163767,gate_40,84,True,True
3163794,gate_30,7,False,False
3163954,gate_40,65,True,True
3164019,gate_40,53,True,True
3164046,gate_40,30,True,False
3164222,gate_40,5,False,False
3164386,gate_30,1,False,False
3164467,gate_30,50,False,True
3164701,gate_30,293,True,True
3165062,gate_40,119,True,True
3165177,gate_30,114,True,False
3165260,gate_40,11,False,False
3165512,gate_30,39,True,True
3165521,gate_40,8,False,False
3165611,gate_40,4,False,False
3165715,gate_30,56,True,False
3165740,gate_40,0,False,False
3165911,gate_30,1,False,False
3166112,gate_30,35,True,False
3166212,gate_40,273,True,True
3166427,gate_30,1,False,False
3166487,gate_30,25,False,False
3166517,gate_30,43,True,False
3166674,gate_30,102,True,True
3166762,gate_40,21,False,False
3166904,gate_40,3,False,False
3166945,gate_40,18,False,False
3166975,gate_30,19,True,False
3167035,gate_40,5,False,False
3167057,gate_40,27,False,False
3167451,gate_30,27,False,False
3167462,gate_40,63,True,False
3167540,gate_40,188,True,True
3167788,gate_40,5,False,False
3168042,gate_30,43,True,False
3168166,gate_30,0,False,False
3168243,gate_40,19,True,False
3168438,gate_40,10,False,False
3168462,gate_30,10,False,False
3168579,gate_30,0,False,False
3168603,gate_30,70,True,False
3168714,gate_40,13,False,False
3168752,gate_30,1,False,False
3168866,gate_30,11,False,False
3169215,gate_30,28,True,False
3169241,gate_30,63,True,False
3169290,gate_30,1,False,False
3169333,gate_40,5,False,False
3169757,gate_40,17,True,False
3169781,gate_40,26,True,False
3169818,gate_40,39,False,False
3169879,gate_30,7,False,False
3169987,gate_40,19,True,False
3170051,gate_40,186,True,True
3170441,gate_30,65,False,False
3170478,gate_40,3,False,False
3170743,gate_30,17,True,False
3170776,gate_40,5,True,False
3170886,gate_30,4,False,True
3170978,gate_40,4,True,False
3170997,gate_40,6,False,False
3171042,gate_30,56,True,True
3171045,gate_30,9,False,False
3171091,gate_30,22,False,False
3171477,gate_40,41,True,False
3171545,gate_30,193,True,True
3171630,gate_40,1,False,False
3171714,gate_30,80,True,False
3171767,gate_30,22,True,True
3171938,gate_40,100,False,False
3172070,gate_40,1,False,False
3172156,gate_40,23,True,False
3172191,gate_40,38,True,False
3172259,gate_40,17,True,False
3172604,gate_30,4,False,False
3172971,gate_40,18,True,False
3172973,gate_40,133,True,True
3173024,gate_40,111,True,True
3173031,gate_40,3,False,False
3173098,gate_30,320,True,True
3173200,gate_30,47,True,True
3173357,gate_30,99,True,True
3173726,gate_30,11,True,False
3173731,gate_40,51,True,True
3173737,gate_30,23,True,False
3173827,gate_30,27,True,False
3173869,gate_30,65,True,False
3173917,gate_40,1,False,False
3173927,gate_30,50,True,False
3174125,gate_40,91,False,False
3174238,gate_30,116,True,True
3174598,gate_30,184,True,True
3174742,gate_30,114,True,False
3174812,gate_30,15,True,False
3174831,gate_40,22,True,False
3174947,gate_40,6,False,False
3174989,gate_30,0,False,False
3175024,gate_40,1,False,False
3175058,gate_30,2,False,False
3175082,gate_40,71,True,False
3175086,gate_30,28,True,False
3175089,gate_30,55,True,True
3175107,gate_30,67,True,True
3175245,gate_40,6,False,False
3175285,gate_40,4,True,False
3175344,gate_40,21,False,False
3175426,gate_40,1,True,False
3175440,gate_40,77,True,False
3175454,gate_40,787,True,True
3175505,gate_30,66,True,False
3175529,gate_30,35,True,False
3175651,gate_30,3,True,False
3175926,gate_30,9,False,False
3175943,gate_30,11,False,False
3176120,gate_40,17,True,False
3176359,gate_40,11,False,False
3176530,gate_40,13,False,False
3176641,gate_40,53,True,True
3176702,gate_40,2,False,False
3176708,gate_40,1,False,False
3176726,gate_40,4,False,False
3177016,gate_40,7,False,False
3177058,gate_40,1,False,False
3177072,gate_30,5,False,False
3177171,gate_30,12,False,False
3177289,gate_30,171,True,False
3177366,gate_30,6,False,False
3177668,gate_30,14,True,False
3177793,gate_30,52,True,False
3177804,gate_40,26,False,False
3177839,gate_30,41,True,False
3177884,gate_30,6,False,False
3178214,gate_40,25,False,False
3178500,gate_30,147,False,True
3178772,gate_40,13,False,False
3178884,gate_40,62,True,False
3178907,gate_30,8,False,False
3178941,gate_30,379,True,True
3178999,gate_40,230,True,True
3179058,gate_30,13,True,False
3179147,gate_30,8,False,False
3179343,gate_30,5,False,False
3179439,gate_30,23,True,False
3179467,gate_30,10,False,False
3179506,gate_40,18,False,False
3179522,gate_40,28,True,False
3179639,gate_40,41,True,False
3179704,gate_30,8,False,False
3179731,gate_30,143,True,True
3179919,gate_30,1,False,False
3179954,gate_30,3,False,True
3179984,gate_30,100,True,True
3179986,gate_40,8,True,False
3180067,gate_30,33,True,False
3180075,gate_40,19,False,False
3180159,gate_30,21,False,False
3180164,gate_30,144,True,False
3180195,gate_40,13,True,False
3180397,gate_30,10,False,False
3180608,gate_40,39,True,False
3180624,gate_40,20,False,False
3180986,gate_40,46,False,False
3181137,gate_30,8,False,False
3181275,gate_30,40,False,False
3181361,gate_30,14,False,False
3181540,gate_30,19,True,True
3181789,gate_30,6,False,False
3181866,gate_30,79,True,False
3181920,gate_40,37,True,False
3181966,gate_40,6,False,False
3182042,gate_30,12,False,False
3182065,gate_30,45,True,False
3182119,gate_30,23,True,False
3182124,gate_30,1,False,False
3182145,gate_40,141,True,True
3182256,gate_30,13,False,False
3182613,gate_30,20,False,False
3182894,gate_40,24,False,False
3183071,gate_30,15,False,False
3183073,gate_30,766,True,True
3183094,gate_40,488,True,True
3183151,gate_40,18,True,False
3183185,gate_30,5,False,False
3183188,gate_30,8,True,False
3183247,gate_40,135,True,False
3183278,gate_30,6,False,False
3183426,gate_30,35,False,False
3183430,gate_30,3,False,False
3183460,gate_30,267,True,True
3183480,gate_30,43,True,True
3183534,gate_40,151,False,False
3184093,gate_30,0,True,False
3184140,gate_30,94,True,True
3184181,gate_40,156,True,True
3184244,gate_40,12,False,False
3184266,gate_30,38,True,False
3184268,gate_40,30,False,False
3184278,gate_40,2,False,False
3184400,gate_40,37,True,False
3184937,gate_40,17,False,False
3185181,gate_30,6,False,False
3185211,gate_40,33,True,False
3185224,gate_40,69,True,False
3185282,gate_30,51,True,False
3185480,gate_30,7,False,False
3185577,gate_40,7,False,False
3185587,gate_40,214,True,False
3185613,gate_30,1,False,False
3185742,gate_40,13,False,False
3185779,gate_40,39,False,False
3186082,gate_40,52,True,False
3186167,gate_30,71,True,False
3186179,gate_40,45,True,False
3186201,gate_30,10,False,False
3186216,gate_40,7,False,False
3186234,gate_30,50,True,False
3186337,gate_30,13,True,True
3186381,gate_40,18,False,True
3186630,gate_30,34,True,False
3186770,gate_40,4,False,False
3186866,gate_30,2,False,True
3186914,gate_30,27,True,False
3186961,gate_40,19,True,False
3187255,gate_30,3,False,False
3187716,gate_30,7,True,False
3187799,gate_40,2,False,False
3187823,gate_30,13,False,False
3188032,gate_40,30,True,False
3188089,gate_40,9,False,False
3188174,gate_30,2,False,False
3188184,gate_40,0,False,False
3188191,gate_40,158,True,True
3188254,gate_30,155,True,True
3188313,gate_40,11,True,False
3188314,gate_30,230,True,True
3188382,gate_40,38,True,False
3188747,gate_40,17,False,False
3188918,gate_30,4,True,False
3188940,gate_40,5,False,False
3188946,gate_30,36,True,False
3188971,gate_40,1,False,False
3188980,gate_40,6,False,False
3189044,gate_40,8,False,False
3189155,gate_40,50,True,False
3189162,gate_30,8,False,False
3189277,gate_40,12,False,False
3189288,gate_30,39,True,False
3189346,gate_30,8,True,False
3189420,gate_30,1,False,False
3189673,gate_40,2,False,False
3189744,gate_40,4,False,False
3189767,gate_40,22,True,False
3189832,gate_40,55,True,False
3189848,gate_30,1,False,False
3190007,gate_30,7,False,False
3190032,gate_40,19,True,False
3190039,gate_30,33,True,False
3190192,gate_30,39,True,False
3190271,gate_30,2,False,False
3190396,gate_30,33,False,False
3190482,gate_40,89,True,False
3190491,gate_30,191,True,False
3190604,gate_40,9,True,False
3190679,gate_30,1,False,False
3190687,gate_30,8,False,False
3190784,gate_40,6,False,False
3191106,gate_40,5,False,False
3191268,gate_40,8,False,False
3191411,gate_30,1,False,False
3191442,gate_40,14,False,False
3191590,gate_30,58,True,False
3191620,gate_30,17,False,False
3191687,gate_40,126,True,False
3191723,gate_30,169,True,True
3191939,gate_30,26,False,False
3192024,gate_40,423,True,True
3192054,gate_40,197,True,True
3192291,gate_40,3,False,False
3192339,gate_40,3,False,False
3192344,gate_30,75,False,True
3192472,gate_30,20,True,True
3192489,gate_30,270,True,True
3192530,gate_30,9,False,False
3192580,gate_30,12,False,False
3192673,gate_40,59,True,False
3192734,gate_30,1,True,False
3192755,gate_30,7,True,False
3192773,gate_30,34,False,False
3193255,gate_40,0,False,False
3193371,gate_40,8,False,False
3193415,gate_40,4,True,False
3193447,gate_40,6,False,False
3193555,gate_30,25,False,True
3193656,gate_40,6,False,False
3193777,gate_40,3,False,False
3194030,gate_30,75,True,True
3194084,gate_30,33,True,False
3194212,gate_40,17,False,False
3194237,gate_40,16,False,False
3194440,gate_40,62,True,False
3194459,gate_40,8,False,False
3194479,gate_40,142,True,False
3194513,gate_40,332,True,True
3194843,gate_40,13,True,False
3194963,gate_40,16,False,False
3195002,gate_30,18,False,False
3195119,gate_30,5,False,False
3195134,gate_40,1,False,False
3195151,gate_40,410,True,True
3195245,gate_30,7,False,False
3195878,gate_40,18,False,False
3196096,gate_30,8,False,False
3196320,gate_40,46,True,False
3196386,gate_40,3,False,False
3197030,gate_30,17,True,False
3197140,gate_40,3,False,False
3197184,gate_40,2,False,False
3197185,gate_40,192,True,True
3197268,gate_30,5,False,False
3197456,gate_40,89,True,True
3197517,gate_30,6,False,False
3197684,gate_40,3,False,False
3197800,gate_40,31,True,False
3197866,gate_30,15,False,False
3198212,gate_30,288,True,True
3198447,gate_40,5,False,False
3198518,gate_40,2,False,False
3198579,gate_30,83,True,True
3198631,gate_30,253,True,True
3198632,gate_40,58,True,True
3198726,gate_30,106,False,False
3198794,gate_40,10,False,False
3198883,gate_30,12,False,False
3199224,gate_40,161,True,False
3199371,gate_40,8,False,False
3199391,gate_30,8,False,False
3199632,gate_40,23,True,False
3199819,gate_30,1,False,False
3199997,gate_30,23,False,False
3200102,gate_30,15,True,False
3200604,gate_40,147,True,False
3200672,gate_30,110,True,True
3200764,gate_40,2,True,False
3200866,gate_40,5,True,False
3201087,gate_40,9,False,False
3201158,gate_40,44,False,False
3201381,gate_30,211,True,True
3201417,gate_30,6,False,False
3201568,gate_30,4,False,False
3201621,gate_40,22,True,False
3201845,gate_30,16,False,False
3201989,gate_40,97,True,True
3202011,gate_30,102,True,False
3202025,gate_40,21,True,False
3202064,gate_30,691,True,True
3202087,gate_40,6,False,False
3202197,gate_30,6,False,False
3202507,gate_30,5,False,False
3202755,gate_40,118,True,False
3202783,gate_40,22,True,False
3203164,gate_40,564,True,True
3203205,gate_30,161,True,True
3203297,gate_40,13,False,False
3203478,gate_30,6,True,False
3203489,gate_30,10,False,False
3203524,gate_30,8,False,False
3203618,gate_30,27,False,False
3203694,gate_40,1,False,False
3203722,gate_40,15,False,False
3203799,gate_40,131,True,False
3203835,gate_40,199,True,True
3203869,gate_40,113,True,True
3203974,gate_30,10,True,False
3204115,gate_30,100,True,False
3204123,gate_40,466,True,False
3204184,gate_30,9,False,False
3204276,gate_30,0,False,False
3204323,gate_40,3,False,False
3204365,gate_40,48,True,False
3204397,gate_40,44,True,False
3204598,gate_30,8,True,False
3204797,gate_30,19,False,True
3204898,gate_30,12,True,False
3205078,gate_30,1,False,False
3205143,gate_30,4,False,False
3205249,gate_30,315,True,True
3205281,gate_30,4,False,False
3205335,gate_30,17,True,False
3205488,gate_30,48,True,False
3205694,gate_30,9,False,False
3205782,gate_40,53,True,False
3205799,gate_40,47,True,False
3206013,gate_40,4,False,False
3206205,gate_30,51,True,True
3206340,gate_40,35,False,False
3206438,gate_40,0,False,False
3206501,gate_40,148,True,True
3206618,gate_30,1,False,False
3206666,gate_30,6,False,False
3206685,gate_40,74,True,False
3206719,gate_30,15,True,False
3206784,gate_40,32,True,False
3206809,gate_30,11,False,False
3206968,gate_40,6,False,False
3207031,gate_40,112,True,True
3207201,gate_30,28,True,True
3207218,gate_30,164,False,True
3207284,gate_30,2,False,False
3207591,gate_30,33,True,True
3207949,gate_30,15,True,False
3208009,gate_40,124,True,True
3208470,gate_40,83,True,True
3208731,gate_30,39,True,True
3208766,gate_40,0,False,False
3208847,gate_30,160,True,False
3208993,gate_30,7,True,False
3209034,gate_30,26,True,False
3209039,gate_30,40,True,False
3209078,gate_40,8,False,False
3209082,gate_40,3,False,False
3209340,gate_40,5,False,False
3209397,gate_30,38,True,False
3209592,gate_40,3,False,False
3209598,gate_30,19,False,False
3209714,gate_40,16,True,False
3209958,gate_30,9,False,False
3209989,gate_40,0,True,False
3210584,gate_40,2,False,False
3210702,gate_40,0,False,False
3210797,gate_30,10,False,False
3210990,gate_40,2,False,False
3211032,gate_40,8,True,False
3211071,gate_40,9,True,False
3211262,gate_40,2,False,False
3211288,gate_30,14,True,False
3211323,gate_30,72,True,False
3211392,gate_40,178,False,False
3211469,gate_40,4,False,False
3211503,gate_30,33,True,False
3211539,gate_30,1,False,False
3211813,gate_40,40,False,False
3211824,gate_40,4,False,False
3211866,gate_30,20,False,False
3211868,gate_40,103,True,True
3211952,gate_30,44,True,False
3212186,gate_30,34,True,False
3212207,gate_30,32,True,True
3212386,gate_30,4,False,False
3212401,gate_40,59,True,False
3212473,gate_30,69,True,True
3212800,gate_40,2,False,False
3212897,gate_40,23,True,False
3213291,gate_30,16,False,True
3213358,gate_40,7,False,False
3213428,gate_40,6,False,False
3213475,gate_40,3,False,False
3213486,gate_30,16,False,False
3213495,gate_40,161,True,True
3213802,gate_30,63,False,False
3213851,gate_40,28,False,True
3213881,gate_40,72,False,False
3213976,gate_40,7,False,False
3214147,gate_40,1,False,False
3214216,gate_40,3,True,False
3214246,gate_30,38,True,False
3214391,gate_30,49,False,False
3215210,gate_30,6,False,False
3215242,gate_30,3,False,False
3215296,gate_40,9,False,False
3215314,gate_30,1,False,False
3215324,gate_40,20,False,False
3215330,gate_30,55,True,False
3215356,gate_40,7,True,False
3215502,gate_40,5,False,False
3215685,gate_30,55,False,False
3215862,gate_30,15,False,False
3216027,gate_40,39,True,False
3216232,gate_30,36,True,True
3216448,gate_30,1,False,False
3216469,gate_30,34,False,False
3216527,gate_30,60,True,True
3216587,gate_30,8,False,False
3216658,gate_40,28,False,False
3216795,gate_30,5,False,False
3216806,gate_30,99,True,True
3217074,gate_40,27,False,True
3217281,gate_40,12,False,False
3217372,gate_30,122,True,True
3217551,gate_30,1,False,False
3217659,gate_40,17,False,False
3217802,gate_40,26,True,False
3218046,gate_40,276,True,True
3218097,gate_40,23,False,False
3218221,gate_30,105,False,True
3218328,gate_30,73,True,True
3218487,gate_30,156,True,False
3218502,gate_30,12,True,False
3218728,gate_40,418,True,True
3218978,gate_40,98,True,True
3219079,gate_40,4,False,False
3219194,gate_30,89,True,False
3219278,gate_30,47,False,True
3219473,gate_40,6,False,False
3219664,gate_40,13,False,False
3219775,gate_30,56,True,False
3220070,gate_40,99,True,False
3220084,gate_40,14,False,False
3220287,gate_30,38,True,False
3220481,gate_40,152,True,True
3220645,gate_40,11,True,False
3220704,gate_30,25,False,False
3221186,gate_40,57,True,False
3221274,gate_30,34,True,True
3221306,gate_30,0,False,False
3221651,gate_30,6,True,False
3221767,gate_40,3,False,False
3221797,gate_40,17,False,False
3221854,gate_40,9,False,False
3221874,gate_40,6,False,False
3222011,gate_30,2,False,False
3222216,gate_30,13,False,False
3222280,gate_30,92,False,True
3222334,gate_30,28,False,False
3222362,gate_40,17,True,False
3222405,gate_30,24,True,False
3222444,gate_30,23,True,False
3222772,gate_40,25,False,False
3222973,gate_30,48,True,False
3222985,gate_40,27,True,False
3223113,gate_30,70,True,True
3223217,gate_30,5,False,False
3223266,gate_30,0,False,False
3223285,gate_40,28,True,False
3223443,gate_40,0,False,False
3223529,gate_40,1,False,False
3223683,gate_40,47,True,False
3223725,gate_40,23,False,False
3223895,gate_40,1,False,False
3224009,gate_40,2,False,False
3224046,gate_30,111,True,False
3224083,gate_30,5,False,False
3224193,gate_40,48,True,False
3224196,gate_30,14,True,False
3224210,gate_40,9,True,False
3224298,gate_30,346,True,False
3224465,gate_40,5,True,False
3224595,gate_40,39,True,False
3224660,gate_40,172,True,True
3224703,gate_40,67,True,True
3224896,gate_30,1,False,False
3224991,gate_40,15,False,False
3225043,gate_30,45,True,False
3225050,gate_40,90,True,True
3225103,gate_30,38,False,False
3225147,gate_30,2,False,False
3225323,gate_30,8,True,False
3225395,gate_30,101,True,False
3225434,gate_40,37,True,False
3225489,gate_40,51,False,True
3225561,gate_40,19,False,False
3225609,gate_40,162,True,False
3225840,gate_30,38,False,False
3225912,gate_30,21,True,True
3225999,gate_30,10,False,False
3226028,gate_30,3,False,False
3226117,gate_40,68,True,False
3226189,gate_30,1,False,False
3226235,gate_40,4,False,False
3226330,gate_30,17,True,False
3227054,gate_40,61,True,False
3227111,gate_40,17,True,False
3227112,gate_40,12,True,False
3227150,gate_30,14,True,False
3227485,gate_40,400,True,True
3227524,gate_40,15,False,False
3227707,gate_30,16,False,False
3227750,gate_30,157,True,True
3227905,gate_40,20,False,False
3228004,gate_40,16,True,False
3228008,gate_40,1,False,False
3228552,gate_30,2,False,False
3228588,gate_30,167,True,True
3228773,gate_40,20,False,False
3228783,gate_40,27,False,False
3229258,gate_30,4,False,False
3229271,gate_30,15,False,False
3229296,gate_30,68,True,True
3229417,gate_30,108,True,True
3229452,gate_30,67,True,False
3229525,gate_40,788,True,True
3229702,gate_40,135,True,True
3229818,gate_40,22,True,False
3229826,gate_30,23,False,False
3230045,gate_30,30,False,False
3230234,gate_30,55,True,False
3230250,gate_40,9,False,False
3230297,gate_40,125,False,True
3230592,gate_30,36,True,False
3230706,gate_40,9,False,False
3230826,gate_30,1,False,False
3231106,gate_40,122,True,False
3231179,gate_30,36,True,True
3231281,gate_30,44,False,False
3231371,gate_40,5,False,False
3231401,gate_40,17,True,False
3231423,gate_40,0,False,False
3231462,gate_30,29,True,False
3231925,gate_30,42,True,False
3231947,gate_40,243,True,True
3231961,gate_30,203,True,True
3231963,gate_40,1,False,False
3232162,gate_40,46,True,True
3232186,gate_30,3,False,False
3232344,gate_40,407,True,True
3232375,gate_30,38,True,False
3232380,gate_30,36,False,False
3232477,gate_40,1,False,False
3232596,gate_40,2,True,False
3232600,gate_30,20,True,True
3233521,gate_40,76,True,False
3233606,gate_40,23,False,False
3233614,gate_40,1,False,False
3233689,gate_30,5,True,False
3233722,gate_30,383,True,True
3233794,gate_30,0,False,False
3233827,gate_40,9,False,False
3234008,gate_40,34,True,False
3234088,gate_30,1,False,False
3234115,gate_40,6,False,False
3234116,gate_30,201,True,True
3234274,gate_30,1,False,False
3234425,gate_40,66,True,False
3234482,gate_40,0,False,False
3234512,gate_30,35,True,True
3234517,gate_40,7,True,False
3234698,gate_40,1,False,False
3234806,gate_30,10,False,False
3234852,gate_30,2,False,False
3235045,gate_40,4,False,False
3235196,gate_30,10,False,False
3235355,gate_40,17,False,False
3235618,gate_40,18,True,False
3235628,gate_40,240,True,True
3235638,gate_30,114,True,True
3235704,gate_40,23,False,False
3235716,gate_40,0,False,False
3235852,gate_40,50,True,False
3236176,gate_30,101,True,False
3236349,gate_30,317,True,True
3236515,gate_40,178,True,True
3236568,gate_30,8,True,False
3236609,gate_40,393,True,True
3236611,gate_30,16,False,False
3236700,gate_40,108,False,False
3236706,gate_40,2,False,False
3236779,gate_30,8,False,False
3236866,gate_30,18,True,False
3236934,gate_30,127,False,False
3236980,gate_40,51,True,False
3236989,gate_40,58,True,False
3237166,gate_40,142,True,True
3237174,gate_40,463,True,True
3237346,gate_30,27,True,False
3237637,gate_40,31,True,False
3237694,gate_30,21,False,False
3237855,gate_30,41,True,False
3237877,gate_40,11,False,False
3237903,gate_40,3,False,False
3237932,gate_40,7,False,False
3237934,gate_30,47,False,False
3238097,gate_30,88,True,True
3238173,gate_40,30,True,True
3238228,gate_40,5,False,False
3238295,gate_30,39,True,True
3238307,gate_40,2,False,False
3238330,gate_30,17,False,False
3238372,gate_40,30,True,False
3238391,gate_40,6,True,False
3238436,gate_40,220,True,True
3238451,gate_30,68,True,False
3238495,gate_40,3,False,False
3238508,gate_40,19,False,False
3238581,gate_40,50,True,True
3238637,gate_30,83,True,False
3238766,gate_40,53,True,False
3238767,gate_30,13,True,False
3238807,gate_40,168,False,True
3238901,gate_30,14,False,False
3238989,gate_40,326,True,True
3239048,gate_30,0,False,False
3239077,gate_30,223,True,False
3239298,gate_30,28,True,False
3239467,gate_30,11,False,False
3239580,gate_30,2,False,False
3239618,gate_30,40,True,False
3239644,gate_40,0,False,False
3239659,gate_30,218,True,True
3239701,gate_30,370,True,True
3239852,gate_40,2,False,False
3239928,gate_30,18,True,False
3240141,gate_30,15,False,False
3240197,gate_30,39,True,False
3240234,gate_40,8,False,False
3240401,gate_30,5,True,False
3240661,gate_40,10,True,False
3240885,gate_40,6,False,False
3240902,gate_30,12,False,False
3241147,gate_40,76,True,False
3241206,gate_30,0,False,False
3241251,gate_40,40,False,False
3241321,gate_40,3,False,False
3241487,gate_30,111,True,True
3241634,gate_30,38,True,False
3241771,gate_30,26,False,False
3241868,gate_40,16,False,False
3241973,gate_40,12,True,False
3242045,gate_30,132,True,True
3242168,gate_40,1,False,False
3242233,gate_40,11,True,False
3242347,gate_40,3,False,False
3242500,gate_40,0,True,False
3242623,gate_30,1,False,False
3242661,gate_30,63,True,False
3242727,gate_40,64,True,True
3242781,gate_40,2,False,False
3242839,gate_30,5,False,False
3242855,gate_40,64,True,False
3243050,gate_40,16,False,False
3243480,gate_40,10,True,False
3243557,gate_40,1,False,False
3243579,gate_40,23,True,False
3243911,gate_40,1,False,False
3243984,gate_30,28,False,False
3244184,gate_40,13,True,False
3244222,gate_30,11,False,False
3244294,gate_30,4,False,False
3244339,gate_40,7,False,False
3244384,gate_30,1,False,False
3244388,gate_40,0,False,False
3244392,gate_40,61,True,False
3244483,gate_40,2,False,False
3244533,gate_40,2,False,False
3244584,gate_30,0,False,False
3244725,gate_30,204,False,True
3244728,gate_30,162,True,False
3244831,gate_30,22,True,True
3244932,gate_30,89,True,False
3244942,gate_30,9,True,False
3244997,gate_30,2,False,False
3245201,gate_30,3,False,False
3245271,gate_30,16,False,True
3245667,gate_40,162,True,True
3245676,gate_30,13,True,False
3245702,gate_30,74,True,False
3245704,gate_30,109,True,False
3245785,gate_30,6,False,False
3246095,gate_30,123,True,False
3246190,gate_40,2,False,False
3246459,gate_40,43,True,False
3246489,gate_40,57,True,True
3246499,gate_40,28,True,False
3246530,gate_40,31,True,False
3246643,gate_30,28,True,False
3246656,gate_40,82,True,True
3246726,gate_40,3,False,False
3246832,gate_40,13,False,False
3246835,gate_30,12,True,False
3246888,gate_40,125,True,True
3246947,gate_30,97,True,False
3247121,gate_40,512,True,True
3247206,gate_40,12,True,False
3247255,gate_40,38,False,True
3247264,gate_30,64,True,False
3247452,gate_40,11,True,False
3247538,gate_30,697,True,True
3247710,gate_30,21,False,False
3247828,gate_30,27,True,False
3248233,gate_30,2,False,False
3248273,gate_40,2,False,False
3248334,gate_30,6,False,False
3248381,gate_30,39,True,False
3248385,gate_30,48,True,False
3248475,gate_40,98,True,True
3248484,gate_30,162,True,False
3248496,gate_30,0,True,False
3248564,gate_30,65,False,False
3248690,gate_30,39,False,True
3248719,gate_30,4,False,False
3248766,gate_40,16,True,False
3248801,gate_40,70,True,False
3248977,gate_40,3,False,False
3249778,gate_40,23,False,False
3249795,gate_40,45,False,True
3249983,gate_30,16,True,False
3250063,gate_40,14,False,False
3250126,gate_30,10,False,True
3250191,gate_40,8,False,False
3250309,gate_30,20,True,False
3250529,gate_40,0,False,False
3250542,gate_40,352,True,True
3250608,gate_40,13,False,False
3250737,gate_40,7,False,False
3250893,gate_30,18,False,False
3250906,gate_30,40,True,True
3251098,gate_40,30,True,False
3251130,gate_30,6,False,False
3251133,gate_30,12,True,False
3251202,gate_30,11,False,False
3251227,gate_30,16,False,False
3251334,gate_30,19,True,False
3251345,gate_30,26,True,True
3251501,gate_30,2,False,False
3251507,gate_40,29,True,False
3251727,gate_40,17,False,False
3251777,gate_40,0,False,False
3251881,gate_30,201,True,False
3251930,gate_40,52,False,False
3251965,gate_40,7,True,False
3252066,gate_40,24,True,False
3252105,gate_40,51,True,False
3252140,gate_40,34,True,False
3252155,gate_30,48,True,False
3252205,gate_30,19,True,False
3252242,gate_30,4,False,False
3252262,gate_40,2,False,False
3252313,gate_30,8,True,False
3252379,gate_30,17,True,True
3252389,gate_30,20,False,False
3252441,gate_40,16,True,False
3252552,gate_30,19,False,False
3252577,gate_40,7,False,False
3252657,gate_30,187,True,True
3252666,gate_30,58,True,False
3252695,gate_40,4,False,False
3252745,gate_40,33,True,False
3252749,gate_30,2,False,False
3252778,gate_30,18,False,False
3252892,gate_30,53,True,True
3252974,gate_40,1,False,False
3253065,gate_30,0,False,True
3253148,gate_40,103,True,True
3253199,gate_40,20,True,False
3253331,gate_30,21,False,False
3253477,gate_40,0,False,False
3253478,gate_40,83,True,False
3253569,gate_40,78,True,False
3253711,gate_40,210,False,True
3253757,gate_40,19,True,False
3253822,gate_30,77,False,False
3253890,gate_30,12,False,False
3253926,gate_30,20,True,False
3253974,gate_30,45,True,False
3254086,gate_40,4,False,False
3254270,gate_30,3,True,False
3254390,gate_40,164,True,False
3254830,gate_40,378,True,True
3254916,gate_30,450,True,True
3255093,gate_40,451,True,True
3255706,gate_30,34,True,False
3255889,gate_40,71,True,False
3255891,gate_30,8,False,False
3255897,gate_40,2,False,False
3256197,gate_40,10,False,False
3256228,gate_30,1,False,False
3256240,gate_30,250,True,True
3256253,gate_30,1,False,False
3256337,gate_40,13,False,False
3256468,gate_40,14,False,False
3256543,gate_30,15,False,False
3256546,gate_40,0,False,False
3256647,gate_30,8,False,False
3256667,gate_30,26,False,False
3256676,gate_40,2,False,False
3256787,gate_30,3,False,False
3256828,gate_30,10,False,False
3256835,gate_40,22,True,False
3256851,gate_30,19,False,False
3256899,gate_40,69,True,True
3256905,gate_40,10,False,True
3256937,gate_30,1,False,False
3256975,gate_40,200,True,True
3257040,gate_30,0,False,False
3257043,gate_40,21,True,False
3257366,gate_30,25,False,False
3257452,gate_40,14,False,False
3257722,gate_30,1,False,False
3257867,gate_30,13,True,False
3258359,gate_30,14,False,False
3258452,gate_30,6,False,False
3258519,gate_30,49,True,True
3258596,gate_30,18,False,False
3258639,gate_30,6,False,False
3258652,gate_30,1,False,False
3258686,gate_40,3,False,False
3258736,gate_30,26,False,False
3258766,gate_40,0,False,False
3258876,gate_40,108,True,False
3258911,gate_40,0,False,False
3258930,gate_40,4,False,False
3259094,gate_30,29,True,False
3259114,gate_40,13,True,False
3259155,gate_30,26,False,False
3259274,gate_30,4,False,False
3259398,gate_40,4,False,False
3259408,gate_40,2,False,False
3259520,gate_40,6,True,False
3259529,gate_40,19,False,False
3259551,gate_40,14,True,False
3259620,gate_30,9,True,False
3259639,gate_40,14,False,False
3259719,gate_40,4,False,False
3259959,gate_30,58,True,False
3260091,gate_40,56,False,False
3260209,gate_30,105,False,False
3260329,gate_30,6,False,False
3260454,gate_40,46,False,False
3260616,gate_40,2,False,False
3260731,gate_40,12,True,False
3260789,gate_40,118,True,True
3260948,gate_40,52,True,True
3261029,gate_40,3,False,False
3261068,gate_30,17,True,False
3261094,gate_40,12,False,False
3261143,gate_40,9,False,False
3261217,gate_40,2,True,False
3261286,gate_30,6,False,False
3261309,gate_40,3,False,False
3261430,gate_30,99,True,False
3261661,gate_30,33,False,False
3261788,gate_30,33,False,False
3262060,gate_40,16,True,False
3262123,gate_40,3,False,False
3262126,gate_30,19,True,False
3262134,gate_30,2,False,False
3262294,gate_30,1,False,False
3262397,gate_30,56,True,False
3262582,gate_30,3,False,False
3262622,gate_30,2,False,False
3262695,gate_40,1187,False,True
3262810,gate_30,29,True,False
3263072,gate_30,0,False,False
3263134,gate_30,7,True,False
3263305,gate_40,68,True,True
3263351,gate_40,17,False,False
3263387,gate_40,124,True,False
3263441,gate_30,29,True,True
3263567,gate_30,2,False,False
3263575,gate_30,41,False,False
3263750,gate_30,3,False,False
3263796,gate_30,6,False,False
3263841,gate_40,62,True,False
3263877,gate_40,17,False,False
3264359,gate_40,32,True,False
3264362,gate_30,6,False,False
3264371,gate_30,16,False,False
3264491,gate_40,8,False,False
3264548,gate_40,2,False,False
3264590,gate_30,17,True,False
3264598,gate_30,5,False,False
3264631,gate_40,1,False,False
3264918,gate_30,1,False,False
3265001,gate_40,5,False,False
3265141,gate_30,25,False,True
3265242,gate_40,81,True,False
3265411,gate_40,25,False,True
3265519,gate_30,25,True,False
3265584,gate_40,11,True,True
3265741,gate_30,4,False,False
3265875,gate_30,64,True,True
3265976,gate_40,4,False,False
3266097,gate_30,2,False,False
3266194,gate_40,2,False,False
3266205,gate_30,4,False,False
3266298,gate_40,36,True,False
3266437,gate_40,2,False,False
3266525,gate_30,9,False,False
3266704,gate_40,77,True,False
3266800,gate_30,20,False,False
3266879,gate_40,25,False,False
3266903,gate_30,147,True,True
3266912,gate_30,72,True,False
3267025,gate_30,11,True,False
3267073,gate_30,2,False,False
3267243,gate_40,5,False,False
3267282,gate_40,40,False,False
3267410,gate_30,2,False,False
3267550,gate_40,158,True,True
3267567,gate_40,2,False,False
3267604,gate_30,6,False,False
3267605,gate_40,1,False,False
3267708,gate_40,29,False,False
3267748,gate_40,29,False,False
3267943,gate_30,10,True,False
3267990,gate_30,80,False,False
3268045,gate_40,3,False,False
3268062,gate_40,6,True,True
3268114,gate_40,2,False,False
3268578,gate_40,13,False,False
3269049,gate_40,24,True,False
3269066,gate_30,13,False,False
3269141,gate_40,4,False,False
3269243,gate_30,11,False,False
3269249,gate_30,2,False,False
3269258,gate_40,6,False,False
3269345,gate_40,141,True,False
3269422,gate_30,375,True,True
3269598,gate_30,31,False,False
3269617,gate_30,18,True,False
3269618,gate_30,125,True,True
3269800,gate_30,0,False,False
3269982,gate_30,25,False,False
3270002,gate_30,3,False,False
3270009,gate_40,9,False,False
3270079,gate_40,14,True,False
3270258,gate_30,76,False,True
3270322,gate_40,11,False,False
3270331,gate_30,9,False,False
3270377,gate_30,141,True,False
3270520,gate_40,0,False,False
3270688,gate_40,299,True,True
3270821,gate_40,12,False,False
3270929,gate_40,118,True,True
3270981,gate_40,3,False,False
3270989,gate_30,7,False,False
3271073,gate_30,53,True,False
3271078,gate_40,7,False,False
3271100,gate_30,11,True,False
3271139,gate_40,5,True,False
3271286,gate_30,28,False,True
3271305,gate_40,302,True,True
3271324,gate_30,104,True,True
3271375,gate_30,24,False,False
3271439,gate_30,14,False,False
3271615,gate_40,2640,True,False
3271681,gate_30,103,True,False
3271716,gate_40,164,True,True
3271823,gate_40,7,False,False
3271920,gate_40,22,True,False
3272158,gate_30,2,False,False
3272280,gate_30,22,True,False
3272311,gate_30,27,True,False
3272418,gate_40,25,False,False
3272581,gate_40,10,False,False
3272622,gate_30,83,False,False
3272655,gate_40,75,True,False
3272688,gate_30,5,False,False
3272689,gate_40,1,False,False
3272763,gate_30,16,False,False
3272784,gate_40,1,False,False
3272829,gate_30,22,False,False
3273437,gate_40,26,True,False
3273458,gate_30,55,True,True
3273520,gate_40,293,True,True
3273589,gate_40,60,False,False
3273691,gate_30,8,False,False
3273708,gate_40,293,True,False
3273783,gate_40,2,False,False
3273822,gate_30,7,False,False
3274064,gate_30,117,True,False
3274149,gate_30,3,False,False
3274410,gate_40,61,True,False
3274863,gate_30,111,True,True
3274900,gate_30,6,False,False
3275038,gate_30,13,True,False
3275068,gate_40,6,False,False
3275124,gate_30,1,False,False
3275164,gate_40,1,False,False
3275222,gate_40,30,False,False
3275241,gate_30,66,True,False
3275268,gate_40,15,False,False
3275319,gate_40,77,False,False
3275407,gate_30,0,False,False
3275771,gate_30,4,False,False
3275786,gate_30,8,True,False
3275797,gate_30,7,False,False
3275968,gate_30,39,True,False
3275976,gate_30,41,True,False
3276014,gate_30,13,False,False
3276101,gate_40,15,False,False
3276117,gate_40,26,False,False
3276204,gate_40,79,True,True
3276389,gate_30,2,False,False
3276434,gate_40,1,False,False
3276474,gate_40,1,False,False
3276499,gate_40,26,True,False
3276503,gate_40,144,True,False
3276553,gate_40,8,False,False
3276685,gate_40,3,True,False
3276695,gate_30,138,True,True
3276814,gate_40,28,False,False
3276982,gate_30,33,True,False
3277006,gate_40,5,False,False
3277164,gate_40,0,False,False
3277425,gate_30,13,False,False
3277506,gate_40,16,False,False
3277533,gate_40,13,False,False
3277768,gate_40,221,True,True
3277811,gate_30,5,False,False
3277913,gate_40,97,True,False
3277963,gate_40,38,False,False
3277995,gate_30,7,False,False
3278092,gate_30,198,True,True
3278942,gate_40,30,False,False
3279074,gate_30,1,False,False
3279157,gate_30,77,False,True
3279439,gate_30,107,False,False
3279523,gate_40,9,True,False
3279700,gate_40,0,False,False
3279729,gate_40,9,True,False
3279937,gate_40,4,False,False
3279944,gate_30,11,False,False
3279953,gate_30,187,True,False
3280031,gate_40,37,True,False
3280058,gate_30,15,False,False
3280275,gate_40,3,False,False
3280470,gate_40,29,True,False
3280576,gate_30,15,False,False
3280914,gate_30,32,True,False
3281063,gate_30,46,True,False
3281253,gate_40,2,False,False
3281383,gate_30,183,True,True
3281452,gate_40,18,True,False
3281549,gate_30,19,True,True
3281727,gate_40,15,True,False
3281760,gate_30,91,True,True
3281767,gate_30,4,False,False
3281791,gate_40,25,False,False
3281863,gate_40,21,True,False
3281903,gate_40,20,True,False
3281942,gate_30,22,False,True
3282090,gate_40,14,False,False
3282131,gate_40,133,False,False
3282310,gate_30,5,False,False
3282330,gate_40,23,False,False
3282421,gate_40,5,False,False
3282426,gate_40,3,False,False
3282487,gate_40,16,False,False
3282617,gate_40,11,False,False
3282627,gate_30,23,False,False
3282722,gate_30,8,False,False
3283069,gate_30,21,False,False
3283238,gate_40,1,False,False
3283258,gate_40,33,True,False
3283520,gate_40,83,True,False
3283611,gate_30,5,False,False
3283749,gate_30,3,False,False
3283768,gate_30,22,True,True
3283830,gate_30,8,False,False
3283899,gate_40,1,False,False
3284110,gate_40,37,False,False
3284167,gate_40,54,True,True
3284766,gate_40,221,True,True
3284958,gate_40,11,False,False
3284963,gate_40,105,True,True
3285169,gate_40,19,True,False
3285175,gate_40,63,True,False
3285188,gate_30,0,False,False
3285397,gate_30,21,False,False
3285480,gate_30,2,False,False
3285622,gate_40,14,False,True
3285637,gate_40,13,False,False
3285788,gate_30,2,False,False
3286139,gate_30,12,False,False
3286159,gate_30,65,True,False
3286203,gate_30,75,True,True
3286375,gate_30,1,False,False
3286709,gate_40,7,False,False
3286755,gate_30,34,True,False
3287434,gate_30,5,False,False
3287541,gate_30,15,True,False
3287566,gate_40,10,False,False
3287677,gate_30,30,True,False
3287869,gate_40,13,False,False
3288098,gate_30,44,False,False
3288320,gate_40,3,False,False
3288851,gate_40,3,False,False
3289056,gate_30,0,False,False
3289106,gate_30,36,True,False
3289121,gate_30,3,False,False
3289340,gate_40,2,False,False
3289486,gate_30,2,False,False
3289550,gate_30,2,False,False
3289727,gate_30,4,False,False
3289745,gate_30,4,False,False
3289939,gate_30,20,False,False
3290169,gate_40,57,True,False
3290257,gate_40,20,True,False
3290259,gate_30,1,False,False
3290519,gate_30,15,False,False
3290570,gate_30,50,True,False
3290696,gate_40,121,False,True
3290797,gate_30,41,True,False
3290821,gate_40,7,False,False
3290954,gate_30,61,True,False
3291241,gate_40,25,False,False
3291305,gate_30,46,True,False
3291512,gate_30,469,True,True
3291772,gate_30,8,True,False
3291969,gate_40,13,False,False
3291982,gate_30,4,False,True
3292075,gate_40,2,False,False
3292081,gate_30,8,False,False
3292237,gate_40,127,True,True
3292263,gate_30,81,True,True
3292271,gate_30,34,False,False
3292539,gate_40,4,False,False
3292623,gate_30,193,True,True
3292811,gate_30,211,True,False
3292941,gate_30,2,False,False
3292979,gate_30,6,False,False
3293049,gate_40,17,True,False
3293286,gate_40,14,True,True
3293344,gate_40,27,True,False
3293439,gate_30,132,True,False
3293520,gate_30,4,False,False
3293670,gate_30,6,False,False
3294019,gate_30,6,False,False
3294047,gate_30,16,False,False
3294166,gate_40,250,True,True
3294392,gate_40,85,True,False
3294439,gate_40,35,True,False
3294492,gate_40,67,True,True
3294511,gate_30,3,False,False
3294542,gate_30,69,True,True
3294597,gate_40,159,True,False
3294877,gate_30,7,False,False
3294904,gate_40,9,False,False
3295090,gate_40,11,False,False
3295379,gate_40,76,True,False
3295481,gate_40,17,True,False
3295517,gate_40,136,True,True
3295608,gate_30,35,True,False
3295667,gate_40,1,False,False
3295703,gate_30,19,False,False
3295804,gate_40,13,False,False
3295830,gate_40,47,True,False
3295943,gate_40,7,False,False
3296116,gate_40,5,False,False
3296158,gate_30,5,False,False
3296247,gate_30,1,False,False
3296258,gate_30,7,False,False
3296451,gate_30,202,True,True
3296516,gate_30,10,False,False
3296620,gate_40,52,False,False
3296625,gate_30,6,False,False
3296640,gate_30,3,False,False
3296656,gate_30,4,False,False
3296713,gate_30,48,True,False
3296986,gate_30,0,False,False
3297205,gate_30,27,False,False
3297242,gate_30,8,True,False
3297459,gate_40,177,True,True
3297558,gate_40,37,True,False
3297622,gate_30,130,True,False
3297633,gate_30,25,True,False
3297764,gate_40,7,True,False
3297814,gate_40,60,True,True
3297875,gate_30,28,False,False
3298102,gate_40,5,True,False
3298401,gate_30,5,False,False
3298448,gate_30,2,False,False
3298717,gate_40,19,False,False
3298818,gate_40,2,False,False
3298908,gate_40,36,False,False
3299011,gate_30,15,True,False
3299053,gate_30,69,True,True
3299149,gate_40,2,False,False
3299217,gate_40,7,True,False
3299251,gate_30,3,False,False
3299334,gate_40,15,False,False
3299392,gate_30,8,False,False
3299590,gate_30,149,True,False
3299612,gate_40,0,False,False
3299624,gate_30,2,False,False
3299749,gate_40,4,False,False
3299876,gate_30,34,True,False
3299898,gate_40,11,False,False
3299948,gate_30,3,False,False
3300542,gate_40,11,False,False
3300614,gate_30,18,True,False
3300617,gate_40,5,False,False
3300626,gate_30,10,False,False
3300632,gate_40,21,True,True
3301052,gate_30,8,True,False
3301342,gate_30,92,True,False
3301344,gate_30,4,False,False
3301393,gate_40,0,False,False
3301530,gate_30,7,False,False
3301708,gate_30,15,False,False
3301999,gate_40,1,False,False
3302102,gate_30,5,False,False
3302196,gate_30,4,False,False
3302197,gate_40,6,False,False
3302256,gate_30,9,False,False
3302262,gate_30,18,False,False
3302404,gate_30,7,False,False
3302426,gate_40,44,True,False
3302498,gate_40,30,False,False
3302535,gate_30,3,False,False
3302544,gate_30,3,False,False
3302576,gate_40,106,True,False
3302717,gate_30,4,False,False
3302999,gate_30,9,False,False
3303126,gate_40,16,False,False
3303198,gate_40,87,True,False
3303639,gate_40,168,True,True
3303716,gate_30,13,False,False
3303981,gate_30,14,False,False
3304018,gate_40,14,True,False
3304093,gate_30,9,True,False
3304129,gate_40,9,False,False
3304557,gate_30,0,False,False
3304624,gate_30,232,True,True
3304771,gate_40,27,True,True
3304969,gate_30,67,False,False
3305091,gate_40,7,False,False
3305136,gate_30,72,False,False
3305385,gate_30,9,False,False
3305507,gate_40,8,False,False
3305587,gate_40,81,True,False
3305886,gate_30,302,True,True
3305905,gate_40,249,True,True
3305911,gate_30,3,False,False
3305953,gate_30,3,False,False
3306008,gate_40,18,False,False
3306272,gate_40,23,True,False
3306319,gate_40,2,False,False
3306521,gate_30,23,True,False
3306533,gate_30,6,False,False
3306559,gate_30,0,False,False
3306660,gate_30,31,False,False
3306741,gate_40,5,False,False
3307042,gate_30,28,True,False
3307309,gate_30,15,True,False
3307511,gate_40,146,True,True
3307524,gate_40,39,False,True
3307607,gate_30,5,True,False
3308126,gate_40,2,False,False
3308209,gate_30,5,False,False
3308526,gate_30,17,False,False
3308731,gate_30,2,False,False
3308927,gate_40,25,False,False
3309006,gate_30,31,False,True
3309023,gate_30,0,False,False
3309224,gate_30,9,True,False
3309328,gate_30,1,False,False
3309369,gate_30,4,False,False
3309438,gate_30,10,False,False
3309970,gate_30,2,False,False
3310053,gate_30,398,True,True
3311110,gate_30,10,True,False
3311583,gate_30,2,False,False
3311928,gate_40,41,True,False
3311985,gate_40,3,False,False
3312032,gate_30,1,False,False
3312060,gate_40,16,False,False
3312069,gate_40,30,True,False
3312102,gate_30,7,False,True
3312116,gate_30,24,True,False
3312409,gate_40,22,False,False
3312727,gate_30,59,True,False
3312746,gate_30,5,False,False
3312768,gate_30,1,False,False
3312812,gate_30,1,False,False
3312884,gate_40,18,True,False
3312892,gate_40,8,False,False
3312981,gate_40,6,False,False
3312992,gate_30,48,True,True
3313043,gate_40,116,True,True
3313225,gate_40,187,True,True
3313299,gate_40,2,False,False
3313384,gate_40,17,False,False
3313455,gate_30,107,True,True
3313593,gate_40,55,True,False
3313604,gate_30,24,True,False
3314067,gate_40,9,False,False
3314261,gate_40,7,False,False
3314408,gate_40,4,False,False
3314419,gate_40,23,True,False
3314427,gate_40,5,False,False
3314653,gate_40,22,False,False
3314698,gate_30,59,True,True
3314730,gate_40,1,False,False
3315149,gate_30,22,False,False
3315265,gate_40,1,False,False
3315344,gate_30,5,False,False
3315616,gate_30,6,False,False
3315619,gate_30,2,False,False
3315709,gate_30,69,True,False
3315770,gate_40,56,True,False
3315897,gate_40,6,False,False
3315918,gate_40,37,True,False
3316114,gate_30,11,False,False
3316171,gate_30,398,True,True
3316330,gate_40,2,False,False
3316365,gate_40,3,False,False
3316444,gate_40,19,True,False
3316453,gate_30,6,False,False
3316571,gate_40,3,False,False
3316609,gate_40,27,True,False
3316613,gate_30,9,False,False
3316635,gate_40,4,False,False
3316654,gate_30,8,True,False
3317135,gate_40,6,False,False
3317214,gate_30,1,False,False
3318032,gate_40,48,True,False
3318105,gate_30,53,True,True
3318174,gate_40,14,True,False
3318215,gate_40,352,True,True
3318235,gate_40,20,False,False
3318335,gate_30,2,False,False
3318379,gate_30,34,True,False
3318501,gate_30,9,False,False
3318543,gate_40,540,True,True
3318719,gate_40,3,False,False
3318738,gate_40,38,True,False
3318767,gate_30,33,True,False
3318934,gate_40,12,False,False
3318950,gate_30,0,False,False
3318958,gate_40,7,False,False
3319066,gate_40,7,True,False
3319130,gate_30,5,False,False
3319180,gate_40,2,False,False
3319312,gate_30,68,True,False
3319424,gate_30,9,False,False
3319440,gate_40,3,False,False
3319448,gate_40,2,False,False
3319467,gate_40,1,False,False
3319560,gate_30,0,False,False
3319627,gate_40,2,False,False
3319863,gate_30,3,False,False
3319885,gate_30,1,False,False
3319895,gate_40,53,True,False
3320129,gate_40,21,True,False
3320189,gate_30,5,False,False
3320237,gate_40,10,True,False
3320288,gate_30,61,True,False
3320423,gate_30,76,True,False
3320621,gate_40,53,False,False
3320714,gate_40,8,False,False
3320737,gate_40,12,True,False
3320755,gate_40,1,False,False
3320966,gate_30,0,False,False
3320969,gate_40,17,True,False
3320978,gate_40,20,True,False
3321032,gate_30,172,True,True
3321291,gate_30,60,True,True
3321330,gate_30,9,True,False
3321388,gate_40,1,False,False
3321400,gate_40,9,False,False
3321454,gate_40,20,False,False
3321522,gate_40,104,True,True
3321591,gate_30,71,True,True
3321607,gate_30,42,False,False
3321633,gate_40,316,True,True
3321981,gate_40,79,True,True
3322039,gate_30,34,True,False
3322042,gate_40,6,False,False
3322136,gate_40,1,False,False
3322234,gate_30,92,False,False
3322259,gate_40,8,False,False
3322421,gate_40,14,True,False
3322438,gate_40,5,True,False
3322594,gate_40,89,True,True
3322765,gate_30,8,False,False
3322881,gate_30,6,True,False
3323113,gate_40,69,True,False
3323167,gate_30,0,False,False
3323195,gate_30,63,True,True
3323198,gate_30,2,False,False
3323264,gate_40,84,True,False
3323622,gate_40,14,False,False
3323696,gate_40,5,False,False
3323725,gate_30,3,False,False
3323827,gate_40,890,True,True
3323988,gate_30,24,True,False
3324032,gate_40,46,False,False
3324104,gate_30,81,True,False
3324243,gate_30,1,False,False
3324329,gate_40,341,True,True
3324361,gate_30,15,False,False
3324602,gate_40,31,False,False
3324645,gate_30,15,True,False
3324665,gate_30,9,False,False
3325029,gate_30,157,True,True
3325258,gate_30,75,True,False
3325276,gate_30,10,True,False
3325636,gate_30,19,True,False
3325719,gate_30,1,False,False
3325773,gate_40,23,True,False
3326053,gate_30,12,False,False
3326176,gate_30,18,True,False
3326227,gate_30,12,False,False
3326242,gate_40,0,False,False
3326342,gate_40,29,True,False
3326648,gate_40,22,True,False
3326780,gate_30,5,False,False
3326893,gate_40,2,False,False
3326980,gate_30,132,True,False
3327028,gate_30,82,True,False
3327042,gate_40,433,True,True
3327187,gate_40,14,False,False
3327402,gate_30,2,False,False
3327509,gate_30,162,True,False
3327784,gate_30,3,False,False
3327830,gate_40,1,False,False
3327976,gate_30,3,False,False
3328087,gate_40,6,True,False
3328264,gate_40,3,False,False
3328351,gate_30,88,True,True
3328584,gate_30,0,False,False
3328585,gate_30,34,True,False
3328677,gate_40,2,False,False
3328705,gate_30,73,True,False
3328722,gate_30,219,True,False
3328860,gate_40,4,False,False
3329256,gate_40,8,False,False
3329309,gate_30,35,False,False
3329374,gate_40,13,False,False
3329433,gate_30,3,False,False
3329457,gate_40,94,True,False
3329568,gate_40,33,True,False
3329597,gate_40,13,False,False
3329603,gate_30,49,True,True
3329604,gate_40,80,False,False
3329639,gate_40,25,True,False
3329676,gate_40,13,False,False
3329694,gate_30,4,True,False
3329714,gate_30,0,False,False
3329748,gate_40,35,False,False
3329803,gate_30,98,True,True
3329869,gate_40,30,True,False
3329931,gate_40,64,False,False
3329947,gate_40,1,False,False
3329992,gate_40,3,False,False
3330122,gate_30,1,False,False
3330230,gate_30,105,False,True
3330304,gate_40,24,True,False
3330547,gate_30,21,True,False
3330818,gate_40,233,True,True
3330842,gate_40,292,True,True
3331095,gate_40,26,True,False
3331106,gate_40,169,True,False
3331151,gate_40,16,True,False
3331263,gate_30,163,True,False
3331282,gate_30,669,True,True
3331295,gate_40,38,False,False
3331394,gate_40,39,True,False
3331533,gate_40,174,True,True
3331997,gate_40,24,False,False
3332038,gate_30,5,False,False
3332072,gate_40,2,False,False
3332174,gate_40,0,False,False
3332263,gate_40,2,False,False
3332276,gate_40,75,True,False
3332362,gate_40,89,True,False
3332443,gate_30,2,False,False
3332510,gate_40,1,False,False
3332529,gate_30,43,False,True
3332662,gate_40,1,False,False
3332752,gate_40,451,True,True
3332917,gate_40,8,False,False
3333288,gate_40,6,False,False
3333329,gate_30,22,True,False
3333621,gate_40,8,False,False
3333655,gate_40,17,True,False
3333659,gate_40,17,False,False
3333669,gate_40,178,True,True
3333715,gate_30,77,True,False
3333823,gate_30,188,True,False
3333916,gate_40,3,False,False
3333988,gate_40,14,True,False
3334103,gate_40,14,False,False
3334374,gate_40,22,False,False
3334455,gate_30,50,True,False
3334588,gate_30,195,True,False
3334795,gate_40,3,False,False
3334829,gate_40,1,False,False
3335015,gate_40,158,False,False
3335060,gate_30,17,False,False
3335064,gate_30,34,True,False
3335109,gate_40,104,True,True
3335286,gate_40,109,True,False
3335613,gate_30,84,True,True
3335677,gate_40,2,False,False
3335780,gate_40,12,False,False
3335841,gate_40,61,True,False
3335928,gate_30,3,False,False
3336003,gate_40,5,False,False
3336048,gate_30,68,True,False
3336175,gate_40,7,False,False
3336378,gate_40,6,True,False
3336383,gate_30,1,False,False
3336470,gate_30,2,False,False
3336611,gate_40,21,False,False
3336778,gate_30,385,True,True
3336943,gate_40,22,False,False
3337087,gate_30,9,False,False
3337195,gate_40,10,False,False
3337328,gate_30,2,False,False
3337442,gate_30,7,False,False
3337451,gate_30,8,False,False
3337537,gate_30,109,True,True
3337565,gate_30,76,True,False
3337651,gate_40,334,True,True
3337860,gate_30,163,True,True
3338335,gate_40,53,False,False
3338627,gate_30,2,False,False
3338684,gate_30,6,False,False
3338691,gate_30,11,True,False
3338917,gate_40,6,False,False
3339085,gate_30,341,True,True
3339163,gate_40,42,False,False
3339164,gate_40,4,False,False
3339173,gate_40,393,True,True
3339290,gate_30,14,False,True
3339374,gate_40,7,False,False
3339479,gate_40,4,False,False
3339527,gate_40,187,True,True
3339756,gate_40,43,False,False
3339789,gate_40,44,True,False
3339810,gate_40,210,True,True
3339953,gate_40,18,False,False
3339957,gate_40,49,True,False
3340076,gate_30,132,True,True
3340251,gate_30,14,False,False
3340329,gate_30,13,False,False
3340386,gate_30,25,True,False
3340439,gate_30,70,True,False
3340501,gate_40,42,True,False
3340510,gate_40,20,False,False
3340615,gate_40,12,False,False
3340785,gate_30,187,True,True
3340862,gate_30,9,False,False
3341205,gate_40,314,True,True
3341370,gate_40,147,True,False
3341555,gate_40,1,False,False
3341560,gate_40,0,False,False
3341580,gate_40,7,False,False
3341849,gate_40,14,False,False
3341909,gate_30,5,False,False
3342019,gate_40,24,False,False
3342334,gate_30,1,True,False
3342548,gate_40,63,True,False
3342678,gate_30,2,True,False
3342941,gate_30,80,True,True
3343085,gate_40,168,True,True
3343364,gate_40,28,False,False
3343540,gate_30,1,False,False
3343665,gate_40,14,False,False
3343671,gate_30,41,True,True
3343851,gate_30,0,False,False
3344084,gate_40,214,True,True
3344113,gate_40,45,True,False
3344217,gate_30,5,False,False
3344505,gate_30,1,False,False
3344515,gate_30,62,True,False
3344535,gate_30,19,False,False
3344551,gate_30,35,True,False
3344575,gate_40,73,True,False
3344886,gate_40,23,False,False
3345059,gate_40,28,False,False
3345097,gate_40,4,False,False
3345106,gate_30,24,True,False
3345202,gate_30,1,True,False
3345246,gate_30,1,False,False
3345344,gate_40,3,False,False
3345558,gate_30,8,False,False
3345674,gate_40,24,False,False
3345698,gate_40,24,False,True
3346163,gate_30,5,False,False
3346822,gate_40,573,True,True
3346859,gate_30,3,True,False
3346896,gate_30,8,False,False
3346979,gate_30,38,True,True
3346992,gate_40,185,True,False
3347337,gate_40,3,False,False
3347358,gate_40,0,False,False
3347527,gate_40,12,False,False
3347606,gate_30,23,False,True
3347635,gate_30,193,True,False
3347684,gate_40,60,True,False
3347690,gate_30,17,True,True
3347741,gate_30,6,False,False
3347876,gate_30,1,False,False
3347970,gate_40,8,True,False
3348169,gate_40,16,True,False
3348235,gate_30,1,False,False
3348352,gate_30,136,True,True
3348536,gate_40,6,False,False
3348775,gate_40,2,True,False
3348831,gate_40,12,False,False
3348984,gate_30,52,True,False
3349129,gate_40,73,True,False
3349282,gate_40,18,False,False
3349287,gate_40,0,False,True
3349343,gate_30,32,True,False
3349439,gate_40,9,False,False
3349537,gate_40,5,False,False
3349616,gate_30,2,False,False
3349640,gate_30,23,True,True
3350040,gate_40,6,False,False
3350409,gate_30,60,True,False
3350608,gate_40,12,False,False
3350633,gate_40,8,False,False
3350699,gate_40,4,False,False
3350887,gate_30,89,True,False
3350950,gate_40,0,False,False
3351010,gate_40,23,True,False
3351182,gate_40,41,True,False
3351492,gate_40,66,True,False
3352062,gate_30,0,False,False
3352255,gate_40,141,True,True
3352318,gate_40,124,True,False
3352367,gate_40,66,True,False
3352392,gate_30,5,False,False
3352394,gate_40,78,True,True
3352449,gate_30,60,True,False
3352499,gate_30,36,True,False
3352767,gate_30,16,False,False
3352950,gate_30,19,True,False
3353076,gate_30,6,False,False
3353190,gate_40,64,True,True
3353465,gate_40,70,True,False
3353490,gate_40,9,False,False
3353510,gate_40,68,True,False
3353621,gate_30,42,True,False
3353853,gate_40,6,True,False
3353876,gate_40,19,False,False
3354084,gate_40,9,False,False
3354111,gate_30,43,False,False
3354239,gate_40,21,True,False
3354302,gate_40,16,True,False
3354361,gate_30,16,False,False
3354389,gate_40,5,False,False
3354445,gate_40,32,False,False
3354676,gate_30,5,True,False
3354754,gate_40,5,False,False
3354764,gate_30,47,True,False
3354994,gate_40,6,False,False
3355039,gate_30,82,True,False
3355202,gate_40,19,False,False
3355251,gate_40,10,False,False
3355285,gate_40,7,False,False
3355504,gate_30,0,False,False
3355722,gate_40,11,False,False
3355847,gate_40,2,False,False
3355949,gate_30,1,False,False
3355955,gate_40,37,True,False
3356288,gate_30,71,False,False
3356381,gate_30,9,False,False
3356405,gate_40,54,True,True
3356563,gate_30,6,False,False
3356616,gate_40,16,False,False
3356737,gate_30,100,True,True
3356783,gate_40,19,True,True
3356835,gate_30,42,True,False
3356841,gate_40,2,False,False
3356848,gate_40,37,False,False
3356886,gate_30,2,False,False
3356916,gate_30,68,True,False
3356933,gate_30,6,False,False
3356985,gate_40,41,True,False
3357047,gate_30,15,False,True
3357054,gate_30,12,False,False
3357096,gate_30,1,False,False
3357142,gate_30,1,False,False
3357247,gate_30,149,True,True
3357375,gate_40,3,False,False
3357394,gate_30,49,True,False
3357395,gate_30,67,True,True
3357415,gate_30,11,False,False
3357563,gate_30,27,False,False
3357620,gate_30,18,False,False
3357707,gate_40,3,False,False
3357860,gate_30,7,False,False
3357937,gate_40,44,True,False
3357967,gate_40,101,True,True
3358050,gate_30,11,False,False
3358080,gate_40,22,False,False
3358102,gate_40,122,True,True
3358343,gate_30,13,True,False
3358347,gate_40,36,False,False
3358504,gate_30,27,False,False
3358509,gate_30,30,False,False
3358510,gate_30,16,True,False
3358567,gate_40,3,False,False
3358911,gate_40,5,False,False
3358983,gate_30,5,False,False
3359241,gate_30,14,False,False
3359397,gate_30,2,False,False
3359399,gate_30,39,True,False
3359434,gate_40,57,True,False
3359511,gate_30,54,False,False
3359747,gate_30,1,False,False
3359785,gate_40,53,True,False
3359888,gate_40,167,True,True
3359929,gate_30,13,False,False
3359937,gate_40,415,True,True
3359958,gate_30,15,True,False
3360331,gate_40,8,False,False
3360366,gate_30,10,False,False
3360851,gate_30,19,False,False
3361028,gate_30,84,True,False
3361090,gate_30,16,False,False
3361373,gate_30,7,True,False
3361779,gate_30,253,True,True
3361937,gate_40,3,False,False
3362018,gate_30,30,False,False
3362074,gate_40,418,True,True
3362136,gate_30,11,False,False
3362170,gate_40,4,False,False
3362177,gate_30,28,False,False
3362368,gate_40,39,True,False
3362504,gate_30,18,True,False
3362514,gate_30,6,False,False
3362574,gate_30,15,False,False
3362606,gate_40,9,False,False
3362622,gate_40,4,False,False
3362791,gate_40,42,True,True
3362798,gate_40,6,False,False
3362882,gate_40,3,False,False
3363102,gate_40,13,False,False
3363120,gate_30,2,True,False
3363197,gate_30,10,False,False
3363288,gate_40,15,False,False
3363339,gate_30,7,False,False
3363845,gate_40,84,True,False
3363894,gate_30,11,True,False
3364049,gate_30,1,False,False
3364102,gate_40,1,False,False
3364159,gate_30,2,False,False
3364205,gate_40,9,False,False
3364318,gate_40,4,False,False
3364846,gate_30,4,False,False
3364960,gate_40,63,True,False
3365162,gate_40,8,False,False
3365256,gate_40,43,True,True
3365451,gate_30,3,False,False
3365474,gate_40,18,False,False
3365616,gate_40,6,False,False
3365744,gate_40,27,False,False
3365901,gate_40,2,False,False
3366069,gate_30,39,True,False
3366166,gate_40,118,True,True
3366167,gate_30,67,True,False
3366186,gate_40,4,False,False
3366233,gate_40,3,False,False
3366296,gate_40,65,True,True
3366500,gate_30,3,False,False
3366540,gate_30,12,False,False
3366581,gate_30,81,True,True
3366651,gate_30,16,False,False
3366665,gate_30,14,False,True
3366775,gate_40,132,True,True
3366783,gate_30,21,False,False
3367056,gate_30,164,True,True
3367088,gate_40,22,True,False
3367165,gate_30,4,False,False
3367180,gate_30,30,False,False
3367630,gate_40,2,False,False
3367876,gate_30,1,False,False
3367910,gate_40,1,False,False
3367921,gate_30,5,False,False
3367934,gate_30,0,False,False
3368025,gate_40,254,True,True
3368028,gate_40,39,False,False
3368137,gate_30,2,False,False
3368180,gate_30,140,True,False
3368183,gate_30,8,True,False
3368247,gate_30,9,False,False
3368314,gate_40,1,True,False
3368442,gate_40,0,False,False
3368478,gate_40,26,True,False
3368530,gate_40,1,False,False
3368536,gate_40,65,True,False
3368607,gate_40,130,False,True
3368624,gate_30,9,False,False
3368738,gate_30,7,False,False
3368799,gate_40,1,False,False
3369060,gate_30,4,False,False
3369244,gate_30,3,False,False
3369273,gate_30,152,True,True
3369294,gate_40,6,False,False
3369518,gate_30,125,True,False
3369597,gate_40,6,False,False
3369770,gate_40,0,False,False
3369842,gate_40,18,True,False
3369856,gate_30,25,False,False
3369943,gate_40,9,False,False
3370011,gate_40,4,False,False
3370348,gate_30,25,True,False
3370355,gate_40,36,False,False
3370382,gate_40,34,False,False
3370400,gate_40,51,True,False
3370412,gate_40,41,True,False
3370520,gate_40,88,True,True
3370735,gate_40,22,True,False
3370739,gate_30,3,False,False
3370811,gate_30,55,True,True
3370842,gate_30,31,False,False
3370912,gate_40,17,True,False
3371096,gate_40,3,False,False
3371100,gate_40,10,True,False
3371140,gate_30,6,False,False
3371189,gate_30,82,True,False
3371296,gate_40,4,False,False
3371509,gate_30,51,True,False
3371668,gate_40,3,False,False
3371738,gate_40,21,True,False
3371854,gate_40,67,False,False
3372065,gate_40,7,True,False
3372131,gate_30,9,False,False
3372537,gate_30,13,False,False
3372546,gate_40,6,False,False
3372562,gate_40,8,False,False
3372734,gate_40,13,True,False
3372963,gate_30,7,False,False
3373206,gate_40,24,True,True
3373210,gate_40,367,True,True
3373232,gate_40,15,False,False
3373313,gate_30,84,True,True
3373418,gate_30,5,False,False
3373469,gate_40,40,True,False
3373746,gate_40,1,False,False
3373749,gate_30,185,True,True
3373761,gate_40,19,False,False
3373828,gate_30,15,True,False
3374022,gate_40,24,False,False
3374042,gate_30,0,False,False
3374076,gate_30,37,False,False
3374116,gate_40,0,False,False
3374137,gate_40,133,True,True
3374198,gate_40,7,True,False
3374285,gate_30,1,False,True
3374304,gate_40,3,False,False
3374429,gate_30,46,True,False
3374663,gate_30,13,False,False
3374674,gate_40,137,True,True
3374727,gate_30,101,True,False
3374731,gate_30,51,True,False
3374855,gate_30,18,False,False
3374897,gate_30,2,False,False
3374919,gate_40,4,False,False
3374993,gate_40,40,False,False
3375050,gate_40,39,True,False
3375124,gate_40,29,True,False
3375128,gate_40,2,False,False
3375138,gate_40,12,True,False
3375167,gate_40,330,False,False
3375183,gate_40,0,False,False
3375228,gate_40,69,True,False
3375290,gate_40,7,False,False
3375305,gate_40,11,False,False
3375311,gate_30,1,False,False
3375324,gate_30,2,False,False
3375400,gate_30,14,False,False
3375433,gate_40,271,False,True
3375469,gate_40,40,False,False
3375483,gate_40,9,True,False
3375666,gate_30,7,False,False
3375720,gate_40,27,True,False
3375918,gate_40,5,False,False
3376057,gate_40,5,True,False
3376115,gate_40,16,True,False
3376181,gate_30,2,False,False
3376183,gate_30,6,False,False
3376454,gate_30,57,False,False
3376482,gate_40,0,False,False
3376584,gate_30,9,False,False
3376701,gate_40,2,False,False
3376707,gate_30,2,False,False
3376949,gate_30,542,True,True
3376997,gate_30,11,True,False
3377008,gate_30,230,True,True
3377030,gate_40,52,False,True
3377167,gate_30,23,False,True
3377294,gate_30,18,False,False
3377399,gate_30,456,True,True
3377583,gate_30,15,True,False
3377763,gate_30,5,False,False
3377824,gate_40,18,True,False
3377976,gate_40,117,True,False
3378118,gate_30,0,False,False
3378162,gate_30,58,True,False
3378273,gate_40,55,True,True
3378307,gate_40,138,True,True
3378457,gate_30,2,False,False
3378518,gate_40,11,True,False
3378592,gate_40,3,False,False
3378872,gate_30,8,False,False
3379052,gate_30,213,True,True
3379149,gate_40,1,False,False
3379255,gate_30,47,True,False
3379322,gate_30,27,False,False
3379405,gate_40,39,True,True
3379580,gate_40,2,False,False
3379791,gate_30,2,False,False
3379846,gate_30,122,False,True
3379990,gate_30,68,True,True
3380074,gate_30,191,True,True
3380265,gate_30,3,False,False
3380435,gate_40,3,False,False
3380578,gate_30,6,False,False
3380607,gate_30,17,True,False
3380737,gate_40,5,False,False
3380930,gate_30,47,True,True
3380985,gate_40,15,True,False
3381165,gate_40,10,False,False
3381199,gate_40,34,True,False
3381366,gate_40,43,True,False
3381508,gate_40,46,True,False
3381546,gate_30,21,False,False
3381607,gate_40,7,False,False
3381720,gate_40,32,False,True
3381820,gate_40,8,False,False
3381855,gate_40,57,True,False
3381859,gate_40,299,True,True
3382077,gate_30,4,False,False
3382239,gate_40,5,False,False
3382244,gate_30,16,True,False
3382251,gate_40,2,False,False
3382263,gate_30,6,False,False
3382348,gate_30,1,False,False
3382362,gate_40,1,False,False
3382458,gate_40,234,True,True
3382473,gate_30,43,False,True
3382614,gate_30,8,False,False
3382784,gate_30,15,False,False
3382826,gate_30,9,False,False
3382896,gate_30,22,False,True
3382904,gate_30,44,False,True
3382981,gate_40,17,True,False
3383172,gate_30,14,False,False
3383375,gate_30,6,False,False
3383480,gate_40,3,False,False
3383535,gate_40,5,False,False
3383543,gate_30,55,True,True
3383638,gate_40,15,False,False
3383893,gate_30,1,False,False
3383941,gate_40,1,False,False
3384312,gate_40,25,False,False
3384734,gate_30,27,False,False
3384743,gate_30,145,True,False
3384854,gate_30,2,False,False
3384869,gate_30,47,True,False
3384969,gate_30,2,False,False
3385219,gate_30,9,True,False
3385621,gate_30,4,False,False
3385676,gate_30,33,False,False
3385679,gate_40,13,False,False
3385741,gate_30,9,False,False
3385753,gate_30,19,False,False
3385790,gate_40,0,False,False
3385949,gate_30,276,True,True
3386160,gate_40,32,False,False
3386199,gate_40,96,True,False
3386202,gate_40,46,True,False
3386336,gate_30,28,False,False
3386546,gate_40,0,False,False
3386552,gate_40,4,True,False
3386618,gate_30,14,False,False
3386743,gate_30,35,True,False
3387088,gate_30,22,True,False
3387280,gate_40,0,False,False
3387485,gate_30,1,False,False
3387617,gate_40,34,False,False
3387783,gate_30,1,False,False
3387846,gate_40,90,True,False
3387967,gate_40,9,False,False
3387972,gate_30,23,False,False
3388126,gate_40,10,True,False
3388226,gate_40,169,True,False
3388296,gate_40,14,False,False
3388314,gate_40,45,True,True
3388341,gate_40,16,True,False
3388749,gate_40,6,False,False
3388808,gate_40,123,True,True
3388835,gate_40,0,False,False
3388858,gate_30,4,False,False
3389093,gate_30,6,False,False
3389274,gate_30,1,False,False
3389301,gate_30,4,False,False
3389310,gate_30,92,True,False
3389363,gate_40,59,True,False
3389491,gate_40,11,True,False
3389554,gate_30,5,True,False
3389571,gate_40,29,True,True
3389596,gate_30,5,False,False
3389733,gate_40,17,False,False
3389742,gate_40,92,True,False
3389945,gate_40,28,True,False
3389967,gate_40,61,False,True
3390076,gate_30,18,False,False
3390095,gate_30,9,True,False
3390291,gate_30,51,False,True
3390693,gate_30,34,True,False
3390728,gate_40,64,True,True
3390752,gate_30,2,True,False
3391124,gate_40,2,False,False
3391303,gate_30,54,False,True
3391415,gate_30,4,False,False
3391506,gate_30,191,False,False
3391561,gate_30,32,False,False
3391629,gate_40,35,False,False
3391660,gate_30,70,True,False
3391882,gate_30,50,True,False
3392032,gate_40,456,True,True
3392508,gate_40,85,True,False
3392588,gate_40,122,True,True
3392622,gate_30,270,True,False
3392690,gate_30,103,True,True
3392923,gate_30,13,False,False
3393021,gate_30,15,False,False
3393023,gate_30,1,False,False
3393111,gate_30,1,False,False
3393224,gate_30,92,True,False
3393275,gate_40,9,True,False
3393279,gate_40,56,True,False
3393437,gate_40,9,False,False
3393556,gate_30,9,False,False
3393711,gate_30,190,True,True
3393757,gate_30,1,False,False
3393865,gate_30,22,True,False
3393890,gate_30,108,True,True
3393943,gate_40,3,False,False
3393956,gate_30,59,True,False
3393971,gate_40,3,False,False
3393992,gate_30,18,False,False
3394031,gate_30,27,True,True
3394032,gate_30,34,False,False
3394055,gate_40,60,True,True
3394098,gate_40,179,True,False
3394121,gate_30,25,True,False
3394244,gate_30,22,False,False
3394511,gate_40,6,False,False
3394514,gate_30,33,False,False
3394957,gate_30,0,False,False
3394970,gate_30,31,True,True
3394998,gate_30,35,True,False
3395190,gate_30,14,False,False
3395317,gate_40,31,True,True
3395359,gate_30,28,True,False
3395661,gate_30,2,False,False
3395819,gate_30,3,False,False
3395836,gate_40,19,True,False
3395925,gate_40,21,True,False
3395938,gate_40,19,False,False
3395994,gate_40,8,False,False
3396016,gate_40,1,False,False
3396079,gate_40,19,True,False
3396171,gate_30,12,False,False
3396240,gate_40,24,False,False
3396471,gate_40,10,False,False
3396504,gate_40,0,False,False
3396529,gate_30,168,True,False
3396551,gate_40,59,True,False
3396905,gate_30,38,False,False
3397105,gate_40,5,False,False
3397252,gate_40,5,False,False
3397258,gate_40,1,False,False
3397317,gate_40,0,False,False
3397497,gate_30,23,True,False
3397523,gate_30,205,True,True
3397684,gate_30,114,True,False
3397754,gate_30,1,False,False
3397759,gate_30,15,False,False
3397827,gate_40,12,True,False
3398576,gate_40,7,False,False
3398590,gate_40,3,True,False
3398629,gate_30,27,True,True
3398853,gate_40,18,True,False
3398959,gate_40,1,False,False
3399255,gate_30,1,False,False
3399441,gate_30,73,False,False
3399480,gate_40,1,False,False
3399628,gate_30,1,False,False
3399650,gate_30,0,False,False
3399774,gate_30,48,True,False
3399783,gate_40,3,False,False
3400119,gate_30,79,True,True
3400160,gate_40,4,False,False
3400803,gate_30,8,False,False
3400929,gate_40,3,False,False
3401007,gate_40,63,False,False
3401074,gate_30,118,True,True
3401490,gate_30,24,False,True
3401668,gate_30,6,False,False
3401712,gate_40,1,False,False
3401744,gate_40,16,False,True
3401797,gate_30,45,False,False
3401897,gate_30,61,True,False
3402058,gate_30,577,True,True
3402213,gate_30,158,True,False
3402417,gate_30,422,True,True
3402459,gate_30,78,False,False
3402483,gate_40,33,False,False
3402487,gate_40,20,True,False
3402666,gate_30,38,True,False
3402744,gate_40,32,False,False
3402826,gate_40,55,True,False
3402904,gate_30,0,False,False
3402989,gate_40,0,False,False
3403032,gate_40,9,False,False
3403165,gate_30,1,False,False
3403182,gate_40,2,False,False
3403347,gate_40,1,False,False
3403476,gate_30,13,False,False
3403717,gate_30,10,False,False
3403754,gate_30,10,False,False
3403819,gate_30,58,True,False
3403823,gate_30,86,True,True
3403832,gate_30,97,True,False
3403895,gate_30,5,False,False
3404048,gate_30,39,False,False
3404083,gate_40,3,False,False
3404128,gate_30,1,False,False
3404193,gate_40,171,True,True
3404226,gate_40,26,True,False
3404349,gate_30,52,True,True
3404403,gate_40,16,False,False
3404416,gate_40,117,True,True
3404818,gate_30,201,True,False
3405228,gate_40,134,False,True
3405230,gate_40,39,True,False
3405280,gate_40,17,False,False
3405290,gate_40,22,False,True
3405471,gate_40,10,False,False
3405628,gate_30,18,False,False
3405759,gate_40,17,True,False
3405788,gate_40,1,False,False
3405965,gate_40,51,True,False
3406360,gate_30,37,True,False
3406387,gate_30,29,True,False
3406504,gate_30,19,False,False
3406521,gate_30,4,False,False
3406556,gate_30,29,True,False
3406574,gate_30,34,False,False
3406748,gate_30,17,True,False
3407054,gate_30,4,False,False
3407078,gate_40,100,True,True
3407143,gate_40,0,False,False
3407171,gate_40,4,True,False
3407235,gate_30,7,False,False
3407388,gate_40,43,False,False
3407548,gate_40,11,False,False
3407566,gate_40,156,True,False
3407635,gate_30,222,True,True
3407713,gate_40,55,True,False
3407956,gate_30,248,True,True
3407964,gate_30,106,True,True
3408065,gate_40,41,True,False
3408093,gate_30,9,False,False
3408265,gate_30,20,False,False
3408386,gate_30,10,False,False
3408394,gate_30,22,False,False
3408456,gate_40,93,False,True
3408556,gate_40,12,False,False
3408667,gate_30,13,True,False
3408687,gate_30,0,False,False
3408995,gate_40,11,True,False
3409047,gate_40,189,False,True
3409452,gate_30,14,False,False
3409599,gate_40,0,False,False
3409685,gate_40,17,True,False
3409772,gate_40,2,False,False
3409952,gate_30,3,False,False
3410012,gate_40,8,False,False
3410022,gate_40,75,True,False
3410144,gate_30,31,False,False
3410195,gate_40,1,False,False
3410218,gate_30,18,True,False
3410226,gate_40,33,True,False
3410409,gate_30,10,False,False
3410459,gate_30,4,False,False
3410463,gate_40,56,True,False
3410467,gate_40,81,True,True
3410658,gate_30,30,True,False
3410665,gate_30,20,True,False
3410698,gate_40,33,False,False
3410721,gate_30,22,False,False
3410859,gate_40,60,True,False
3410944,gate_30,87,True,True
3410966,gate_30,18,False,False
3411008,gate_40,0,False,False
3411059,gate_30,119,True,True
3411086,gate_40,23,True,False
3411122,gate_30,1,False,False
3411138,gate_30,1,False,False
3411201,gate_40,48,False,False
3411206,gate_40,17,False,False
3411364,gate_40,8,False,False
3411366,gate_30,71,True,True
3411707,gate_30,1,False,False
3411752,gate_40,7,False,False
3411754,gate_30,6,False,False
3411758,gate_40,181,True,True
3411820,gate_30,1,False,False
3412067,gate_40,45,True,False
3412141,gate_40,5,False,False
3412327,gate_40,1,False,False
3412579,gate_30,25,False,False
3412805,gate_40,7,True,False
3412966,gate_40,76,True,True
3413073,gate_30,138,True,True
3413225,gate_40,90,False,True
3413279,gate_40,51,True,False
3413294,gate_30,20,True,False
3413310,gate_40,16,False,False
3413403,gate_40,16,False,False
3413616,gate_30,97,True,True
3413679,gate_30,525,True,True
3413907,gate_30,52,False,False
3414406,gate_40,149,True,False
3414603,gate_40,9,True,False
3414687,gate_30,19,False,False
3414733,gate_30,143,True,True
3415182,gate_40,4,False,False
3415259,gate_30,82,True,False
3415612,gate_40,1,False,False
3415613,gate_40,39,True,False
3415644,gate_30,4,False,False
3415864,gate_30,20,False,False
3415908,gate_40,491,True,True
3415948,gate_40,21,False,False
3415950,gate_30,0,False,False
3416129,gate_30,3,False,False
3416401,gate_40,30,True,False
3416498,gate_40,77,True,True
3416511,gate_30,6,False,False
3416839,gate_30,7,True,False
3416841,gate_40,242,True,True
3416847,gate_30,77,False,True
3416879,gate_30,15,True,False
3416946,gate_40,11,True,False
3417004,gate_40,32,True,False
3417114,gate_30,131,True,False
3417156,gate_30,3,False,False
3417301,gate_40,19,False,False
3417330,gate_30,35,False,True
3417459,gate_30,42,True,True
3417665,gate_30,231,True,True
3417692,gate_40,27,True,False
3417709,gate_40,3,False,False
3417717,gate_40,31,True,False
3417768,gate_30,34,False,False
3417799,gate_30,12,True,False
3417952,gate_40,33,True,False
3418035,gate_30,5,False,False
3418088,gate_40,93,True,True
3418232,gate_30,226,True,True
3418701,gate_40,24,True,True
3418757,gate_40,1,False,False
3418795,gate_40,4,False,False
3419185,gate_30,427,False,True
3419212,gate_30,29,False,False
3419466,gate_40,7,False,True
3419609,gate_40,97,True,True
3419743,gate_30,6,False,False
3419761,gate_30,17,True,False
3420142,gate_30,54,True,False
3420187,gate_30,244,True,True
3420354,gate_40,116,True,True
3420412,gate_40,7,False,False
3420422,gate_30,273,True,True
3420508,gate_30,16,False,True
3420541,gate_40,0,False,False
3420573,gate_30,33,False,False
3420659,gate_30,1,False,False
3420698,gate_40,222,True,True
3420754,gate_40,215,True,True
3420786,gate_30,6,False,False
3420793,gate_40,80,False,False
3420819,gate_30,30,True,True
3420973,gate_30,1,False,False
3421083,gate_30,34,False,False
3421086,gate_40,7,False,False
3421297,gate_40,0,False,False
3421330,gate_40,26,False,False
3421677,gate_40,8,False,False
3421988,gate_40,14,False,False
3422143,gate_30,16,False,False
3422177,gate_40,184,True,True
3422192,gate_40,47,True,False
3422202,gate_30,2,False,False
3422234,gate_40,9,False,False
3422420,gate_40,142,True,True
3422437,gate_30,0,False,False
3422448,gate_40,91,True,False
3422451,gate_30,6,False,False
3422545,gate_30,27,False,False
3422560,gate_30,55,False,False
3422767,gate_40,93,False,False
3422873,gate_30,4,False,False
3423006,gate_30,4,False,False
3423431,gate_30,116,True,True
3423568,gate_40,4,True,False
3423636,gate_40,0,False,False
3423680,gate_40,0,False,False
3423765,gate_40,1,False,False
3423826,gate_30,7,True,False
3423846,gate_30,11,False,False
3423940,gate_40,32,True,False
3424176,gate_40,3,False,False
3424183,gate_40,22,True,False
3424238,gate_30,7,False,False
3424410,gate_30,135,True,False
3424420,gate_30,7,False,False
3424478,gate_40,5,False,False
3424729,gate_40,17,False,False
3424807,gate_30,193,True,True
3425056,gate_40,68,True,True
3425094,gate_30,61,True,True
3425367,gate_40,40,True,False
3425389,gate_30,7,False,False
3425564,gate_40,27,True,True
3425868,gate_40,10,False,False
3426006,gate_40,67,False,True
3426160,gate_40,1,False,False
3426394,gate_40,13,False,False
3426462,gate_30,11,False,False
3426481,gate_40,33,True,False
3426765,gate_40,27,False,False
3426783,gate_40,3,False,False
3427115,gate_40,134,False,True
3427181,gate_40,23,True,False
3427328,gate_40,1,False,False
3427349,gate_40,64,True,True
3427761,gate_30,86,True,False
3427992,gate_40,173,True,True
3428173,gate_30,337,True,True
3428383,gate_40,107,True,False
3428546,gate_40,14,False,False
3428596,gate_40,42,True,True
3428656,gate_40,410,True,False
3428705,gate_30,0,False,False
3428725,gate_40,70,True,False
3428763,gate_40,36,False,True
3428766,gate_30,3,False,False
3428836,gate_30,409,True,True
3428905,gate_40,243,True,True
3428956,gate_40,19,True,False
3429077,gate_40,121,False,False
3429103,gate_40,10,False,False
3429147,gate_30,39,True,False
3429216,gate_30,33,True,False
3429359,gate_30,93,True,True
3429505,gate_30,119,True,False
3429540,gate_30,33,False,False
3429643,gate_40,1,False,False
3429652,gate_40,22,True,False
3429969,gate_40,1,False,False
3429973,gate_40,18,True,False
3430103,gate_30,178,True,False
3430180,gate_40,15,False,False
3430428,gate_30,59,True,False
3430552,gate_40,4,False,False
3430728,gate_30,1,True,False
3430788,gate_40,114,True,True
3431274,gate_40,60,False,True
3431330,gate_40,174,True,True
3431469,gate_30,19,False,False
3431518,gate_40,20,True,False
3431926,gate_30,1,False,False
3432111,gate_40,6,True,False
3432230,gate_30,63,True,False
3432321,gate_30,23,True,False
3432335,gate_30,49,True,True
3432346,gate_30,48,True,False
3432420,gate_30,54,True,False
3432436,gate_30,2,False,False
3432613,gate_40,151,False,False
3432703,gate_30,14,False,False
3432728,gate_30,125,False,True
3432839,gate_40,23,True,False
3432842,gate_40,4,False,False
3433251,gate_40,20,False,False
3433255,gate_30,0,False,False
3433260,gate_40,185,True,True
3433667,gate_30,5,True,False
3433831,gate_30,0,False,False
3433998,gate_30,146,True,False
3434066,gate_40,30,False,False
3434143,gate_40,4,True,False
3434344,gate_40,6,False,False
3434585,gate_40,5,True,False
3434782,gate_40,0,False,False
3434793,gate_40,1,False,False
3435064,gate_30,16,True,True
3435151,gate_30,167,True,False
3435288,gate_30,8,False,False
3435425,gate_40,36,False,False
3435718,gate_30,2,False,False
3435779,gate_40,141,True,True
3435817,gate_40,22,False,False
3435823,gate_40,7,False,False
3435907,gate_40,55,True,True
3435973,gate_40,58,False,False
3435979,gate_40,1,False,False
3436399,gate_30,60,True,True
3436469,gate_40,46,True,True
3436533,gate_30,16,False,False
3436891,gate_30,2,False,False
3436912,gate_40,2,False,False
3437030,gate_30,48,True,False
3437107,gate_30,16,True,False
3437308,gate_30,41,True,False
3437315,gate_30,9,False,False
3437468,gate_40,151,True,True
3437515,gate_40,4,False,False
3437730,gate_40,17,False,False
3437981,gate_30,11,False,False
3438038,gate_30,406,True,True
3438223,gate_30,163,True,True
3438286,gate_30,46,True,False
3438515,gate_30,5,False,False
3438561,gate_30,95,True,True
3438682,gate_30,237,True,True
3438954,gate_40,35,False,False
3439123,gate_40,3,False,False
3439280,gate_40,14,False,False
3439471,gate_30,1,False,False
3439510,gate_30,4,False,False
3439759,gate_40,17,True,False
3440284,gate_40,59,True,False
3440527,gate_30,5,False,False
3440604,gate_40,335,True,True
3440648,gate_30,29,False,True
3440790,gate_30,72,True,False
3440859,gate_30,26,True,False
3441096,gate_40,17,True,False
3441120,gate_30,1,False,False
3441156,gate_30,7,False,False
3441205,gate_40,93,True,False
3441268,gate_40,15,True,False
3441309,gate_40,49,False,False
3441534,gate_30,42,False,False
3441602,gate_30,92,True,False
3441675,gate_30,13,False,False
3441771,gate_30,224,False,True
3441943,gate_30,121,True,False
3441996,gate_30,4,False,False
3442068,gate_40,5,False,False
3442207,gate_30,20,False,False
3442237,gate_30,36,False,False
3442352,gate_40,27,True,False
3442407,gate_30,2,False,False
3442513,gate_30,20,False,False
3442636,gate_40,13,True,False
3442656,gate_40,0,False,False
3442679,gate_40,20,False,False
3442693,gate_30,16,True,False
3442754,gate_30,37,False,False
3442788,gate_40,0,False,False
3442815,gate_40,4,False,True
3442869,gate_30,0,False,False
3443072,gate_30,24,False,False
3443266,gate_40,39,True,False
3443434,gate_40,2,False,False
3443452,gate_40,60,True,False
3443489,gate_40,18,True,False
3443814,gate_30,1,False,False
3443828,gate_30,784,True,True
3443886,gate_30,201,True,True
3443997,gate_30,102,True,False
3444000,gate_30,14,False,False
3444037,gate_30,30,True,True
3444087,gate_30,23,True,False
3444116,gate_30,10,False,False
3444205,gate_40,10,False,False
3444329,gate_40,3,False,False
3444332,gate_40,4,False,False
3444703,gate_30,127,True,True
3444734,gate_30,5,False,False
3444754,gate_30,32,True,False
3444831,gate_40,5,True,False
3445077,gate_40,0,False,False
3445125,gate_30,8,False,False
3445236,gate_40,53,True,False
3445320,gate_40,13,False,False
3445386,gate_30,63,True,False
3445488,gate_40,304,True,True
3445577,gate_40,732,True,True
3445731,gate_30,1,True,False
3445799,gate_30,15,False,False
3445840,gate_30,48,False,False
3445841,gate_40,2,False,False
3446099,gate_30,17,True,False
3446114,gate_40,117,True,True
3446310,gate_40,9,False,False
3446401,gate_40,8,True,False
3446427,gate_40,35,False,False
3446548,gate_40,22,False,False
3446614,gate_30,1,False,False
3446695,gate_30,6,False,True
3446854,gate_40,30,False,False
3446965,gate_40,16,False,False
3447270,gate_40,11,True,False
3447301,gate_30,14,False,False
3447319,gate_40,7,False,False
3447497,gate_30,2,False,False
3447592,gate_40,3,False,False
3447662,gate_40,3,False,False
3447693,gate_40,20,False,False
3447856,gate_30,22,True,False
3447948,gate_30,2,True,False
3448108,gate_40,7,False,False
3448367,gate_40,25,False,True
3448484,gate_30,2,False,False
3448670,gate_30,37,False,False
3448718,gate_30,1,False,False
3448887,gate_40,1,False,False
3448948,gate_30,1,False,False
3449042,gate_40,21,False,True
3449107,gate_40,77,True,False
3449194,gate_40,204,True,True
3449431,gate_30,41,True,False
3449468,gate_40,6,False,False
3449554,gate_40,3,False,False
3449573,gate_40,59,True,False
3449593,gate_40,1,False,False
3449820,gate_30,4,False,False
3449867,gate_40,10,False,False
3449946,gate_40,6,False,False
3450074,gate_40,13,False,False
3450184,gate_30,28,False,False
3450214,gate_30,11,True,False
3450238,gate_30,2,False,False
3450258,gate_40,15,True,False
3450281,gate_30,1,False,False
3450289,gate_40,18,False,False
3450353,gate_30,2,False,False
3450363,gate_40,51,True,False
3450376,gate_40,459,True,True
3450469,gate_40,14,False,False
3450813,gate_40,35,True,False
3450867,gate_30,39,True,False
3450912,gate_40,11,False,False
3451002,gate_30,66,True,False
3451019,gate_40,52,False,False
3451148,gate_40,26,False,False
3451183,gate_40,17,True,False
3451540,gate_30,389,True,True
3451541,gate_40,98,True,False
3451546,gate_40,0,False,False
3451721,gate_40,2,False,False
3451758,gate_40,17,False,True
3451998,gate_40,1,False,False
3452040,gate_40,1,True,False
3452175,gate_30,8,True,False
3452234,gate_30,37,True,True
3452286,gate_40,5,False,False
3452383,gate_40,4,False,False
3452460,gate_40,5,False,False
3452631,gate_30,2,False,False
3452662,gate_30,277,True,True
3452688,gate_40,29,True,False
3452826,gate_30,1,False,False
3453192,gate_40,19,False,False
3453299,gate_40,20,True,False
3453335,gate_30,19,True,False
3453376,gate_40,48,True,False
3453636,gate_40,33,False,False
3453666,gate_30,289,True,True
3453844,gate_40,96,True,False
3453879,gate_30,122,True,False
3454238,gate_40,1,False,False
3454439,gate_40,205,True,True
3454692,gate_30,1,False,False
3454706,gate_30,48,False,False
3454996,gate_40,8,False,False
3455063,gate_40,0,True,False
3455351,gate_30,71,False,False
3455542,gate_40,157,True,True
3455836,gate_40,18,False,False
3455873,gate_40,60,False,True
3455891,gate_40,9,True,False
3456039,gate_30,162,False,True
3456199,gate_40,42,True,False
3456313,gate_40,8,False,False
3456348,gate_30,16,True,False
3456363,gate_30,3,False,False
3456367,gate_40,50,True,False
3456405,gate_30,54,True,False
3456462,gate_40,19,False,True
3456471,gate_30,11,True,False
3456779,gate_40,103,True,True
3456875,gate_30,3,False,False
3456876,gate_30,38,True,False
3457129,gate_30,71,True,False
3457337,gate_40,1,False,False
3457496,gate_40,1,False,False
3457510,gate_30,13,True,False
3457769,gate_40,123,True,True
3457961,gate_40,3,False,False
3457966,gate_30,11,False,False
3458172,gate_30,6,False,False
3458499,gate_30,12,False,False
3458606,gate_40,129,True,False
3458848,gate_40,5,False,False
3458878,gate_30,25,False,False
3458924,gate_40,19,False,False
3459030,gate_40,3,False,False
3459054,gate_30,13,False,False
3459169,gate_30,65,True,True
3459249,gate_30,39,False,False
3459296,gate_30,9,False,False
3459407,gate_30,225,False,True
3459738,gate_30,1,False,False
3459861,gate_40,35,True,False
3459942,gate_40,13,False,False
3460312,gate_40,14,True,False
3460443,gate_40,9,True,False
3460560,gate_30,6,True,False
3460599,gate_30,262,True,True
3460685,gate_40,5,True,False
3460741,gate_40,2,False,False
3461042,gate_30,5,False,False
3461044,gate_30,20,True,False
3461687,gate_40,129,True,True
3461768,gate_30,0,False,False
3461775,gate_40,12,False,False
3462152,gate_30,19,False,False
3462388,gate_30,103,True,False
3462529,gate_40,154,True,False
3462839,gate_40,3,False,False
3462988,gate_40,3,False,False
3463169,gate_40,30,False,False
3463355,gate_40,243,True,True
3463480,gate_30,1,False,False
3463648,gate_30,1,False,False
3463659,gate_30,184,True,True
3463738,gate_40,0,False,False
3463787,gate_30,4,False,False
3463795,gate_40,26,True,False
3464020,gate_40,0,False,False
3464032,gate_30,0,False,False
3464082,gate_30,3,False,False
3464099,gate_40,1,False,False
3464150,gate_30,56,True,False
3464240,gate_30,2,True,False
3464273,gate_30,19,True,False
3464358,gate_30,1,False,False
3464635,gate_30,79,True,False
3464647,gate_40,7,False,False
3464847,gate_40,21,False,False
3464927,gate_30,4,False,False
3464982,gate_40,65,True,False
3465151,gate_30,13,False,False
3465429,gate_30,2,False,False
3465621,gate_40,98,False,True
3465641,gate_40,33,True,False
3465873,gate_30,1,False,False
3466021,gate_30,0,False,False
3466174,gate_30,13,False,False
3466337,gate_30,46,True,False
3466355,gate_30,611,True,True
3466674,gate_40,1,False,False
3466747,gate_30,1,False,False
3466768,gate_40,23,True,True
3466818,gate_40,3,False,False
3466891,gate_30,14,False,False
3467016,gate_40,1,False,False
3467212,gate_40,40,False,False
3467218,gate_30,215,True,False
3467311,gate_40,162,True,True
3467349,gate_40,9,True,False
3467355,gate_40,109,True,False
3467489,gate_30,440,True,True
3467518,gate_40,0,False,False
3467616,gate_40,0,False,False
3467620,gate_40,9,False,True
3467832,gate_30,30,True,False
3467929,gate_40,1,False,False
3468095,gate_40,1,False,False
3468174,gate_30,78,True,False
3468229,gate_40,133,True,True
3468671,gate_40,47,True,True
3468682,gate_30,6,False,False
3468847,gate_30,21,True,False
3469094,gate_30,115,False,False
3469172,gate_30,77,False,True
3469443,gate_40,39,False,False
3469590,gate_30,4,False,False
3469596,gate_30,115,True,True
3469631,gate_30,21,False,True
3469673,gate_40,30,False,False
3469740,gate_30,7,False,False
3469945,gate_40,14,False,False
3470270,gate_30,19,True,True
3470379,gate_30,1,False,False
3470380,gate_40,11,False,False
3470449,gate_40,60,False,False
3470538,gate_30,39,True,False
3470852,gate_30,6,False,False
3470960,gate_30,194,True,False
3471053,gate_40,15,True,False
3471082,gate_40,3,False,False
3471162,gate_30,17,True,False
3471178,gate_30,446,True,True
3471193,gate_30,7,False,False
3471216,gate_40,6,False,True
3471231,gate_30,6,False,False
3471345,gate_40,34,True,False
3471389,gate_40,93,True,False
3471457,gate_40,117,True,True
3471594,gate_40,3,False,False
3471648,gate_40,22,True,False
3471971,gate_40,82,True,True
3472090,gate_40,7,False,False
3472097,gate_30,4,False,False
3472168,gate_40,110,True,False
3472240,gate_30,15,False,False
3472442,gate_30,30,False,False
3472472,gate_30,36,False,False
3472810,gate_30,21,False,False
3472925,gate_40,5,False,False
3473027,gate_40,37,False,False
3473162,gate_30,16,True,False
3473254,gate_30,35,True,False
3473328,gate_40,7,True,False
3473453,gate_30,30,False,False
3473539,gate_30,73,True,False
3473699,gate_40,12,False,False
3473765,gate_40,4,True,False
3473796,gate_30,6,False,False
3473834,gate_40,6,False,False
3473854,gate_30,18,True,True
3474026,gate_30,31,False,False
3474091,gate_30,15,False,False
3474165,gate_40,66,True,False
3474252,gate_30,153,True,True
3474371,gate_30,0,False,False
3474476,gate_30,588,True,True
3474497,gate_40,7,False,False
3474856,gate_30,84,True,False
3475024,gate_40,516,True,False
3475059,gate_40,51,True,True
3475361,gate_30,9,False,False
3475428,gate_40,11,False,False
3475447,gate_40,1,False,False
3475487,gate_30,52,True,False
3475536,gate_30,31,True,False
3475647,gate_30,72,True,True
3475680,gate_30,172,True,True
3475684,gate_30,68,True,True
3475741,gate_30,60,False,True
3475756,gate_30,3,False,False
3475763,gate_30,67,False,False
3475920,gate_30,5,False,False
3475953,gate_30,33,False,False
3476092,gate_40,10,False,False
3476116,gate_40,12,False,False
3476306,gate_30,321,True,True
3476418,gate_30,52,False,False
3476603,gate_30,525,True,True
3477010,gate_30,10,True,False
3477144,gate_40,48,True,False
3477221,gate_30,42,False,True
3477302,gate_30,2,False,False
3477348,gate_30,4,False,False
3477356,gate_30,5,False,False
3477365,gate_40,46,True,False
3477402,gate_40,21,True,False
3477406,gate_30,182,True,True
3477522,gate_40,0,False,False
3477617,gate_30,132,True,False
3477754,gate_40,77,True,False
3477817,gate_40,4,False,False
3477824,gate_40,94,True,True
3478005,gate_30,24,True,False
3478079,gate_40,18,True,False
3478220,gate_40,11,False,False
3478221,gate_30,0,False,False
3478288,gate_40,7,True,False
3478557,gate_30,32,False,True
3479006,gate_30,5,False,False
3479010,gate_40,13,True,False
3479122,gate_40,4,False,False
3479157,gate_30,55,False,False
3479191,gate_30,3,False,False
3479324,gate_40,1,False,False
3479675,gate_40,10,False,False
3479704,gate_40,61,True,False
3479856,gate_40,169,True,True
3479895,gate_30,39,False,False
3479982,gate_30,7,False,False
3480049,gate_30,32,True,False
3480082,gate_40,81,False,False
3480170,gate_40,108,True,False
3480366,gate_40,11,False,False
3480435,gate_30,140,True,False
3480503,gate_30,21,True,True
3480534,gate_40,0,False,False
3480633,gate_40,128,True,True
3480681,gate_30,9,False,False
3480696,gate_30,17,True,False
3480770,gate_40,31,True,False
3480798,gate_40,2,False,False
3480858,gate_30,26,True,False
3481125,gate_30,157,True,True
3481402,gate_40,4,False,False
3481446,gate_30,30,False,False
3481501,gate_40,2,False,False
3481865,gate_40,15,False,False
3481901,gate_30,0,False,False
3481946,gate_40,76,True,False
3482064,gate_40,6,False,True
3482101,gate_30,5,False,False
3482165,gate_30,12,False,False
3482262,gate_30,736,True,True
3482443,gate_30,0,False,False
3482510,gate_40,19,False,False
3482774,gate_30,16,True,False
3483369,gate_30,7,False,False
3483481,gate_30,9,True,False
3483520,gate_30,50,True,False
3483733,gate_40,14,False,False
3483782,gate_30,9,False,False
3483871,gate_30,4,False,False
3484046,gate_40,54,True,True
3484388,gate_40,223,True,False
3484547,gate_40,7,False,False
3484589,gate_30,3,False,False
3484630,gate_40,101,True,False
3484726,gate_40,120,False,True
3484871,gate_30,4,False,False
3484942,gate_30,3,False,False
3484944,gate_40,4,False,False
3485038,gate_30,85,True,False
3485056,gate_30,77,True,False
3485116,gate_40,272,False,True
3485120,gate_30,12,False,False
3485178,gate_40,2,False,False
3485289,gate_30,113,True,True
3485296,gate_40,2,True,False
3485316,gate_30,4,False,False
3485321,gate_30,0,False,False
3485703,gate_40,14,True,False
3485945,gate_30,2,False,False
3486033,gate_40,385,False,True
3486111,gate_40,61,False,False
3486350,gate_30,12,False,False
3486459,gate_30,8,False,False
3486551,gate_40,19,False,False
3486585,gate_40,44,True,False
3486755,gate_30,67,True,True
